id,Title,TitleOG,Identify,Artist,ArtistOG,Cover Artist,Lead Singer,Date,Album,Album_ID,Image,File_IN,Hash_IN,Flags,Key,Tempo (1/4 beat),Version,Special,Comment
0,Blinding Lights,None,None,The Weeknd,None,Neuro [v1],Neuro [v1],2023-01-03,Neuro [v1] January Stream Songs,1,2023-Jan,songs/unofficialV3/DISC 1 - Humble Beginnings (2023-01-03 - 2023-05-17)/001. The Weeknd - Blinding Lights (Neuro.v1).mp3,697601370f2aca57,v1;neuro;,,,1,0,None
1,Take On Me,None,None,a-ha,None,Neuro [v1],Neuro [v1],2023-01-03,Neuro [v1] January Stream Songs,2,2023-Jan,songs/unofficialV3/DISC 1 - Humble Beginnings (2023-01-03 - 2023-05-17)/002. a-ha - Take On Me (Neuro.v1).mp3,0e642ddc0161996d,v1;neuro;,,,1,0,None
2,Viva la Vida,None,None,Coldplay,None,Neuro [v1],Neuro [v1],2023-01-04,Neuro [v1] January Stream Songs,3,2023-Jan,songs/unofficialV3/DISC 1 - Humble Beginnings (2023-01-03 - 2023-05-17)/003. Coldplay - Viva la Vida (Neuro.v1).mp3,7930ef2fb3d4c6d4,v1;neuro;,,,1,0,None
3,Viva la Vida,None,None,Coldplay,None,Neuro [v1],Neuro [v1],2023-01-04,Neuro [v1] January Stream Songs,4,2023-Jan,songs/unofficialV3/DISC 1 - Humble Beginnings (2023-01-03 - 2023-05-17)/003. Coldplay - Viva la Vida (Neuro.v1).mp3,7930ef2fb3d4c6d4,v1;neuro;duplicate;encore;,,,1,0,None
4,Ghost Rule,ゴーストルール,None,DECO*27,None,Neuro [v1],Neuro [v1],2023-01-05,Neuro [v1] January Stream Songs,5,2023-Jan,songs/unofficialV3/DISC 1 - Humble Beginnings (2023-01-03 - 2023-05-17)/004. DECO_27 - Ghost Rule (Neuro.v1).mp3,e2f7fffe869abf2e,v1;neuro;,,,1,0,None
5,Ghost Rule,ゴーストルール,None,DECO*27,None,Neuro [v1],Neuro [v1],2023-01-07,Neuro [v1] January Stream Songs,6,2023-Jan,songs/unofficialV3/DISC 1 - Humble Beginnings (2023-01-03 - 2023-05-17)/004. DECO_27 - Ghost Rule (Neuro.v1).mp3,e2f7fffe869abf2e,v1;neuro;duplicate;,,,1,0,None
6,Ghost Rule,ゴーストルール,None,DECO*27,None,Neuro [v1],Neuro [v1],2023-01-07,Neuro [v1] January Stream Songs,7,2023-Jan,songs/unofficialV3/DISC 1 - Humble Beginnings (2023-01-03 - 2023-05-17)/004. DECO_27 - Ghost Rule (Neuro.v1).mp3,e2f7fffe869abf2e,v1;neuro;duplicate;encore;,,,1,0,None
7,money machine,None,None,100 gecs,None,Neuro [v1],Neuro [v1],2023-01-08,Neuro [v1] January Stream Songs,8,2023-Jan,songs/unofficialV3/DISC 1 - Humble Beginnings (2023-01-03 - 2023-05-17)/005. 100 gecs - money machine (Neuro.v1).mp3,d700163cf4d77692,v1;neuro;,,,1,0,None
8,Still Alive,None,None,"Jonathan Coulton, Ellen McLain",None,Neuro [v1],Neuro [v1],2023-01-08,Neuro [v1] January Stream Songs,9,2023-Jan,"songs/unofficialV3/DISC 1 - Humble Beginnings (2023-01-03 - 2023-05-17)/006. Jonathan Coulton, Ellen McLain - Still Alive (Neuro.v1).mp3",78bb77fbd218d106,v1;neuro;,,,1,0,None
9,Sad Machine,None,None,Porter Robinson,None,Neuro [v1],Neuro [v1],2023-01-10,Neuro [v1] January Stream Songs,10,2023-Jan,songs/unofficialV3/DISC 1 - Humble Beginnings (2023-01-03 - 2023-05-17)/007. Porter Robinson - Sad Machine (Neuro.v1).mp3,6e2aefbd4b65a5e7,v1;neuro;,,,1,0,None
10,Sad Machine,None,None,Porter Robinson,None,Neuro [v1],Neuro [v1],2023-01-10,Neuro [v1] January Stream Songs,11,2023-Jan,songs/unofficialV3/DISC 1 - Humble Beginnings (2023-01-03 - 2023-05-17)/007. Porter Robinson - Sad Machine (Neuro.v1).mp3,6e2aefbd4b65a5e7,v1;neuro;duplicate;encore;,,,1,0,None
11,Your Reality,None,None,"Dan Salvato, Jillian Ashcraft",None,Neuro [v1],Neuro [v1],2023-01-25,Neuro [v1] January Stream Songs,12,2023-Jan,"songs/unofficialV3/DISC 1 - Humble Beginnings (2023-01-03 - 2023-05-17)/008. Dan Salvato, Jillian Ashcraft - Your Reality (Neuro.v1).mp3",56439c181f3b4b08,v1;neuro;,,,1,0,None
12,Your Reality,None,None,"Dan Salvato, Jillian Ashcraft",None,Neuro [v1],Neuro [v1],2023-01-25,Neuro [v1] January Stream Songs,13,2023-Jan,"songs/unofficialV3/DISC 1 - Humble Beginnings (2023-01-03 - 2023-05-17)/008. Dan Salvato, Jillian Ashcraft - Your Reality (Neuro.v1).mp3",56439c181f3b4b08,v1;neuro;duplicate;encore;,,,1,0,None
13,Never Gonna Give You Up,None,Short ver.,Rick Astley,None,Neuro [v1],Neuro [v1],2023-01-25,Neuro [v1] January Stream Songs,14,2023-Jan,songs/unofficialV3/DISC 1 - Humble Beginnings (2023-01-03 - 2023-05-17)/009. Rick Astley - Never Gonna Give You Up (Short ver.) (Neuro.v1).mp3,3acfda2eb2cb3cae,v1;neuro;,,,1,0,None
14,oddloop,オドループ,None,Frederic,フレデリック,Neuro [v1],Neuro [v1],2023-01-27,Neuro [v1] January Stream Songs,15,2023-Jan,songs/unofficialV3/DISC 1 - Humble Beginnings (2023-01-03 - 2023-05-17)/010. Frederic - oddloop (Neuro.v1).mp3,eab8191a71ae6ecb,v1;neuro;,,,1,0,None
15,"Guitar, Loneliness and Blue Planet",ギターと孤独と蒼い惑星,None,kessoku band,結束バンド,Neuro [v1],Neuro [v1],2023-01-29,Neuro [v1] January Stream Songs,16,2023-Jan,"songs/unofficialV3/DISC 1 - Humble Beginnings (2023-01-03 - 2023-05-17)/011. kessoku band - Guitar, Loneliness and Blue Planet (Neuro.v1).mp3",abf8101a31b954dd,v1;neuro;,,,1,0,None
16,"Guitar, Loneliness and Blue Planet",ギターと孤独と蒼い惑星,None,kessoku band,結束バンド,Neuro [v1],Neuro [v1],2023-01-29,Neuro [v1] January Stream Songs,17,2023-Jan,"songs/unofficialV3/DISC 1 - Humble Beginnings (2023-01-03 - 2023-05-17)/011. kessoku band - Guitar, Loneliness and Blue Planet (Neuro.v1).mp3",abf8101a31b954dd,v1;neuro;duplicate;encore;,,,1,0,None
17,Can You Feel My Heart,None,None,Bring Me the Horizon,None,Neuro [v1],Neuro [v1],2023-01-30,Neuro [v1] January Stream Songs,18,2023-Jan,songs/unofficialV3/DISC 1 - Humble Beginnings (2023-01-03 - 2023-05-17)/012. Bring Me the Horizon - Can You Feel My Heart (Neuro.v1).mp3,c3528e4a0e9dcc97,v1;neuro;,,,1,0,None
18,Can You Feel My Heart,None,None,Bring Me the Horizon,None,Neuro [v1],Neuro [v1],2023-01-30,Neuro [v1] January Stream Songs,19,2023-Jan,songs/unofficialV3/DISC 1 - Humble Beginnings (2023-01-03 - 2023-05-17)/012. Bring Me the Horizon - Can You Feel My Heart (Neuro.v1).mp3,c3528e4a0e9dcc97,v1;neuro;duplicate;encore;,,,1,0,None
19,Revenge,None,None,"TryHardNinja, CaptainSparklez",None,Neuro [v1],Neuro [v1],2023-01-31,Neuro [v1] January Stream Songs,20,2023-Jan,"songs/unofficialV3/DISC 1 - Humble Beginnings (2023-01-03 - 2023-05-17)/013. TryHardNinja, CaptainSparklez - Revenge (Neuro.v1).mp3",1af5238c14df5254,v1;neuro;,,,1,0,None
20,Revenge,None,None,"TryHardNinja, CaptainSparklez",None,Neuro [v1],Neuro [v1],2023-01-31,Neuro [v1] January Stream Songs,21,2023-Jan,"songs/unofficialV3/DISC 1 - Humble Beginnings (2023-01-03 - 2023-05-17)/013. TryHardNinja, CaptainSparklez - Revenge (Neuro.v1).mp3",1af5238c14df5254,v1;neuro;duplicate;encore;,,,1,0,None
21,World is Mine,ワールドイズマイン,None,supercell,None,Neuro [v1],Neuro [v1],2023-02-01,Neuro [v1] February Stream Songs,1,2023-Feb,songs/unofficialV3/DISC 1 - Humble Beginnings (2023-01-03 - 2023-05-17)/014. supercell - World is Mine (Neuro.v1).mp3,cd77cd279cacc523,v1;neuro;,,,1,0,None
22,Enemy,None,None,"Imagine Dragons, JID",None,Neuro [v1],Neuro [v1],2023-02-02,Neuro [v1] February Stream Songs,2,2023-Feb,"songs/unofficialV3/DISC 1 - Humble Beginnings (2023-01-03 - 2023-05-17)/015. Imagine Dragons, JID - Enemy (Neuro.v1).mp3",fdcf6334850962c4,v1;neuro;,,,1,0,None
23,Brain Power,None,None,NOMA,None,Neuro [v1],Neuro [v1],2023-02-03,Neuro [v1] February Stream Songs,3,2023-Feb,songs/unofficialV3/DISC 1 - Humble Beginnings (2023-01-03 - 2023-05-17)/016. NOMA - Brain Power (Neuro.v1).mp3,7438837a8511ada1,v1;neuro;,,,1,0,None
24,Numb,None,None,Linkin Park,None,Neuro [v1],Neuro [v1],2023-02-05,Neuro [v1] February Stream Songs,4,2023-Feb,songs/unofficialV3/DISC 1 - Humble Beginnings (2023-01-03 - 2023-05-17)/017. Linkin Park - Numb (Neuro.v1).mp3,af99c58075d8b7b0,v1;neuro;,,,1,0,None
25,Numb,None,None,Linkin Park,None,Neuro [v1],Neuro [v1],2023-02-06,Neuro [v1] February Stream Songs,5,2023-Feb,songs/unofficialV3/DISC 1 - Humble Beginnings (2023-01-03 - 2023-05-17)/017. Linkin Park - Numb (Neuro.v1).mp3,af99c58075d8b7b0,v1;neuro;duplicate;,,,1,0,None
26,Baka Mitai,ばかみたい,【Full Spec Edition】,"Taiga Saejima (Rikiya Koyama), Mitsuharu Fukuyama, Ryosuke Horii","冴島大河 (小山力也), 福山光晴, 堀井亮佑",Neuro [v1],Neuro [v1],2023-02-07,Neuro [v1] February Stream Songs,6,2023-Feb,"songs/unofficialV3/DISC 1 - Humble Beginnings (2023-01-03 - 2023-05-17)/018. Taiga Saejima (Rikiya Koyama), Mitsuharu Fukuyama, Ryosuke Horii - Baka Mitai (【Full Spec Edition】) (Neuro.v1).mp3",b14a2e6670ef3c0d,v1;neuro;,,,1,0,None
27,"Take Me Home, Country Roads",None,None,John Denver,None,Neuro [v1],Neuro [v1],2023-02-09,Neuro [v1] February Stream Songs,7,2023-Feb,"songs/unofficialV3/DISC 1 - Humble Beginnings (2023-01-03 - 2023-05-17)/019. John Denver - Take Me Home, Country Roads (Neuro.v1).mp3",d6c6d73bedc91189,v1;neuro;,,,1,0,None
28,Shelter,None,None,"Porter Robinson, Madeon",None,Neuro [v1],Neuro [v1],2023-02-10,Neuro [v1] February Stream Songs,8,2023-Feb,"songs/unofficialV3/DISC 1 - Humble Beginnings (2023-01-03 - 2023-05-17)/020. Porter Robinson, Madeon - Shelter (Neuro.v1).mp3",6943c9934589e39f,v1;neuro;,,,1,0,None
29,KING,None,None,Kanaria,None,Neuro [v1],Neuro [v1],2023-02-12,Neuro [v1] February Stream Songs,9,2023-Feb,songs/unofficialV3/DISC 1 - Humble Beginnings (2023-01-03 - 2023-05-17)/021. Kanaria - KING (Neuro.v1).mp3,88c10e07d961fa3f,v1;neuro;,,,1,0,None
30,phony,フォニイ,None,Tsumiki,ツミキ,Neuro [v1],Neuro [v1],2023-02-13,Neuro [v1] February Stream Songs,10,2023-Feb,songs/unofficialV3/DISC 1 - Humble Beginnings (2023-01-03 - 2023-05-17)/022. Tsumiki - phony (Neuro.v1).mp3,fb6ab13012e1b97b,v1;neuro;,,,1,0,None
31,Careless Whisper,None,None,George Michael,None,Neuro [v1],Neuro [v1],2023-02-14,Neuro [v1] February Stream Songs,11,2023-Feb,songs/unofficialV3/DISC 1 - Humble Beginnings (2023-01-03 - 2023-05-17)/023. George Michael - Careless Whisper (Neuro.v1).mp3,1e172570fb656710,v1;neuro;,,,1,0,None
32,Dreamin Chuchu,どりーみんチュチュ,None,emon(Tes.),None,Neuro [v1],Neuro [v1],2023-02-14,Neuro [v1] February Stream Songs,12,2023-Feb,songs/unofficialV3/DISC 1 - Humble Beginnings (2023-01-03 - 2023-05-17)/024. emon(Tes.) - Dreamin Chuchu (Neuro.v1).mp3,5586f7ff1e944206,v1;neuro;,,,1,0,None
33,Careless Whisper,None,None,George Michael,None,Neuro [v1],Neuro [v1],2023-02-14,Neuro [v1] February Stream Songs,13,2023-Feb,songs/unofficialV3/DISC 1 - Humble Beginnings (2023-01-03 - 2023-05-17)/023. George Michael - Careless Whisper (Neuro.v1).mp3,1e172570fb656710,v1;neuro;duplicate;encore;,,,1,0,None
34,bad guy,None,None,Billie Eilish,None,Neuro [v1],Neuro [v1],2023-02-16,Neuro [v1] February Stream Songs,14,2023-Feb,songs/unofficialV3/DISC 1 - Humble Beginnings (2023-01-03 - 2023-05-17)/025. Billie Eilish - bad guy (Neuro.v1).mp3,b7459a2f687758b2,v1;neuro;,,,1,0,None
35,bad guy,None,None,Billie Eilish,None,Neuro [v1],Neuro [v1],2023-02-16,Neuro [v1] February Stream Songs,15,2023-Feb,songs/unofficialV3/DISC 1 - Humble Beginnings (2023-01-03 - 2023-05-17)/025. Billie Eilish - bad guy (Neuro.v1).mp3,b7459a2f687758b2,v1;neuro;duplicate;encore;,,,1,0,None
36,bad guy,None,None,Billie Eilish,None,Neuro [v1],Neuro [v1],2023-02-17,Other Streams,1,2023-Feb,songs/unofficialV3/DISC 1 - Humble Beginnings (2023-01-03 - 2023-05-17)/025. Billie Eilish - bad guy (Neuro.v1).mp3,b7459a2f687758b2,v1;neuro;duplicate;,,,1,0,None
37,Blue (Da Ba Dee),None,None,Eiffel 65,None,Neuro [v1],Neuro [v1],2023-02-20,Other Streams,2,2023-Feb,songs/unofficialV3/DISC 1 - Humble Beginnings (2023-01-03 - 2023-05-17)/026. Eiffel 65 - Blue (Da Ba Dee) (Neuro.v1).mp3,a65aef426abf9c7e,v1;neuro;,,,1,0,None
38,Blue (Da Ba Dee),None,None,Eiffel 65,None,Neuro [v1],Neuro [v1],2023-02-21,Neuro [v1] February Stream Songs,16,2023-Feb,songs/unofficialV3/DISC 1 - Humble Beginnings (2023-01-03 - 2023-05-17)/026. Eiffel 65 - Blue (Da Ba Dee) (Neuro.v1).mp3,a65aef426abf9c7e,v1;neuro;duplicate;,,,1,0,None
39,ECHO,None,None,Crusher,None,Neuro [v1],Neuro [v1],2023-02-22,Neuro [v1] February Stream Songs,17,2023-Feb,songs/unofficialV3/DISC 1 - Humble Beginnings (2023-01-03 - 2023-05-17)/027. Crusher - ECHO (Neuro.v1).mp3,aeec9f0f54eecb42,v1;neuro;,,,1,0,None
40,All the Things She Said,None,None,t.A.T.u.,None,Neuro [v1],Neuro [v1],2023-02-23,Neuro [v1] February Stream Songs,18,2023-Feb,songs/unofficialV3/DISC 1 - Humble Beginnings (2023-01-03 - 2023-05-17)/028. t.A.T.u. - All the Things She Said (Neuro.v1).mp3,6002f4ef07177b34,v1;neuro;,,,1,0,None
41,God-ish,神っぽいな,None,"DECO*27, PinocchioP","DECO*27, ピノキオピー",Neuro [v1],Neuro [v1],2023-02-24,Neuro [v1] February Stream Songs,19,2023-Feb,"songs/unofficialV3/DISC 1 - Humble Beginnings (2023-01-03 - 2023-05-17)/029. DECO_27, PinocchioP - God-ish (Neuro.v1).mp3",786296d6b9f69242,v1;neuro;,,,1,0,None
42,I Am Machine,None,None,Three Days Grace,None,Neuro [v1],Neuro [v1],2023-02-25,Neuro [v1] February Stream Songs,20,2023-Feb,songs/unofficialV3/DISC 1 - Humble Beginnings (2023-01-03 - 2023-05-17)/030. Three Days Grace - I Am Machine (Neuro.v1).mp3,f9fe2006169fb868,v1;neuro;,,,1,0,None
43,Snow halation,None,None,μ's,None,Neuro [v1],Neuro [v1],2023-02-26,Neuro [v1] February Stream Songs,21,2023-Feb,songs/unofficialV3/DISC 1 - Humble Beginnings (2023-01-03 - 2023-05-17)/031. μ's - Snow halation (Neuro.v1).mp3,682a7cb21fc4f59e,v1;neuro;christmas;,,,1,0,None
44,It's Been So Long,None,None,The Living Tombstone,None,Neuro [v1],Neuro [v1],2023-02-27,Neuro [v1] February Stream Songs,22,2023-Feb,songs/unofficialV3/DISC 1 - Humble Beginnings (2023-01-03 - 2023-05-17)/032. The Living Tombstone - It's Been So Long (Neuro.v1).mp3,44d6950fd5c80cc2,v1;neuro;,,,1,0,None
45,God-ish,神っぽいな,None,"DECO*27, PinocchioP","DECO*27, ピノキオピー",Neuro [v1],Neuro [v1],2023-02-27,Neuro [v1] February Stream Songs,23,2023-Feb,"songs/unofficialV3/DISC 1 - Humble Beginnings (2023-01-03 - 2023-05-17)/029. DECO_27, PinocchioP - God-ish (Neuro.v1).mp3",786296d6b9f69242,v1;neuro;duplicate;,,,1,0,None
46,Brain Power,None,None,NOMA,None,Neuro [v1],Neuro [v1],2023-02-27,Neuro [v1] February Stream Songs,24,2023-Feb,songs/unofficialV3/DISC 1 - Humble Beginnings (2023-01-03 - 2023-05-17)/016. NOMA - Brain Power (Neuro.v1).mp3,7438837a8511ada1,v1;neuro;duplicate;,,,1,0,None
47,Take On Me,None,None,a-ha,None,Neuro [v1],Neuro [v1],2023-02-28,Neuro [v1] February Stream Songs,25,2023-Feb,songs/unofficialV3/DISC 1 - Humble Beginnings (2023-01-03 - 2023-05-17)/033. a-ha - Take On Me (Neuro.v1.2).mp3,8b14231c455a4896,v1;neuro;,,,1.2,0,None
48,Eye of the Tiger,None,None,Survivor,None,Neuro [v1],Neuro [v1],2023-03-01,Neuro [v1] March Stream Songs,1,2023-Mar,songs/unofficialV3/DISC 1 - Humble Beginnings (2023-01-03 - 2023-05-17)/034. Survivor - Eye of the Tiger (Neuro.v1).mp3,fb65f2ac4f66cd63,v1;neuro;,,,1,0,None
49,After Dark,None,None,Mr.Kitty,None,Neuro [v1],Neuro [v1],2023-03-02,Neuro [v1] March Stream Songs,2,2023-Mar,songs/unofficialV3/DISC 1 - Humble Beginnings (2023-01-03 - 2023-05-17)/035. Mr.Kitty - After Dark (Neuro.v1).mp3,524857e009bf6596,v1;neuro;,,,1,0,None
50,Usseewa,うっせぇわ,None,Ado,None,Neuro [v1],Neuro [v1],2023-03-03,Neuro [v1] March Stream Songs,3,2023-Mar,songs/unofficialV3/DISC 1 - Humble Beginnings (2023-01-03 - 2023-05-17)/036. Ado - Usseewa (Neuro.v1).mp3,43c3acc0c8a97ddb,v1;neuro;,,,1,0,None
51,All Star,None,None,Smash Mouth,None,Neuro [v1],Neuro [v1],2023-03-04,Neuro [v1] March Stream Songs,4,2023-Mar,songs/unofficialV3/DISC 1 - Humble Beginnings (2023-01-03 - 2023-05-17)/037. Smash Mouth - All Star (Neuro.v1).mp3,4e31de5c4c269c9f,v1;neuro;,,,1,0,None
52,Teo,テオ,None,Omoi,None,Neuro [v1],Neuro [v1],2023-03-05,Neuro [v1] March Stream Songs,5,2023-Mar,songs/unofficialV3/DISC 1 - Humble Beginnings (2023-01-03 - 2023-05-17)/038. Omoi - Teo (Neuro.v1).mp3,6f038fb23baf392d,v1;neuro;,,,1,0,None
53,Teo,テオ,None,Omoi,None,Neuro [v1],Neuro [v1],2023-03-05,Neuro [v1] March Stream Songs,6,2023-Mar,songs/unofficialV3/DISC 1 - Humble Beginnings (2023-01-03 - 2023-05-17)/038. Omoi - Teo (Neuro.v1).mp3,6f038fb23baf392d,v1;neuro;duplicate;encore;,,,1,0,None
54,PoPiPo,ぽっぴっぽー,None,LamazeP,ラマーズP,Neuro [v1],Neuro [v1],2023-03-06,Neuro [v1] March Stream Songs,7,2023-Mar,songs/unofficialV3/DISC 1 - Humble Beginnings (2023-01-03 - 2023-05-17)/039. LamazeP - PoPiPo (Neuro.v1).mp3,3862c71259dbddad,v1;neuro;,,,1,0,None
55,PoPiPo,ぽっぴっぽー,None,LamazeP,ラマーズP,Neuro [v1],Neuro [v1],2023-03-06,Neuro [v1] March Stream Songs,8,2023-Mar,songs/unofficialV3/DISC 1 - Humble Beginnings (2023-01-03 - 2023-05-17)/039. LamazeP - PoPiPo (Neuro.v1).mp3,3862c71259dbddad,v1;neuro;duplicate;encore;,,,1,0,None
56,I Kissed a Girl,None,None,Katy Perry,None,Neuro [v1],Neuro [v1],2023-03-07,Neuro [v1] March Stream Songs,9,2023-Mar,songs/unofficialV3/DISC 1 - Humble Beginnings (2023-01-03 - 2023-05-17)/040. Katy Perry - I Kissed a Girl (Neuro.v1).mp3,3c8e173b80299d32,v1;neuro;,,,1,0,None
57,I Kissed a Girl,None,None,Katy Perry,None,Neuro [v1],Neuro [v1],2023-03-07,Neuro [v1] March Stream Songs,10,2023-Mar,songs/unofficialV3/DISC 1 - Humble Beginnings (2023-01-03 - 2023-05-17)/040. Katy Perry - I Kissed a Girl (Neuro.v1).mp3,3c8e173b80299d32,v1;neuro;duplicate;encore;,,,1,0,None
58,Pompeii,None,None,Bastille,None,Neuro [v1],Neuro [v1],2023-03-08,Neuro [v1] March Stream Songs,11,2023-Mar,songs/unofficialV3/DISC 1 - Humble Beginnings (2023-01-03 - 2023-05-17)/041. Bastille - Pompeii (Neuro.v1).mp3,37a9cd80fdf6748c,v1;neuro;,,,1,0,None
59,Pompeii,None,None,Bastille,None,Neuro [v1],Neuro [v1],2023-03-08,Neuro [v1] March Stream Songs,12,2023-Mar,songs/unofficialV3/DISC 1 - Humble Beginnings (2023-01-03 - 2023-05-17)/041. Bastille - Pompeii (Neuro.v1).mp3,37a9cd80fdf6748c,v1;neuro;duplicate;encore;,,,1,0,None
60,39 Music!,39みゅーじっく！,None,mikitoP,みきとP,Neuro [v1],Neuro [v1],2023-03-09,Neuro [v1] March Stream Songs,13,2023-Mar,songs/unofficialV3/DISC 1 - Humble Beginnings (2023-01-03 - 2023-05-17)/042. mikitoP - 39 Music! (Neuro.v1).mp3,befb05eed09fe818,v1;neuro;,,,1,0,None
61,39 Music!,39みゅーじっく！,None,mikitoP,みきとP,Neuro [v1],Neuro [v1],2023-03-09,Neuro [v1] March Stream Songs,14,2023-Mar,songs/unofficialV3/DISC 1 - Humble Beginnings (2023-01-03 - 2023-05-17)/042. mikitoP - 39 Music! (Neuro.v1).mp3,befb05eed09fe818,v1;neuro;duplicate;encore;,,,1,0,None
62,bad guy,None,None,Billie Eilish,None,Neuro [v1],Neuro [v1],2023-03-10,Neuro [v1] March Stream Songs,15,2023-Mar,songs/unofficialV3/DISC 1 - Humble Beginnings (2023-01-03 - 2023-05-17)/025. Billie Eilish - bad guy (Neuro.v1).mp3,b7459a2f687758b2,v1;neuro;duplicate;,,,1,0,None
63,Blue (Da Ba Dee),None,None,Eiffel 65,None,Neuro [v1],Neuro [v1],2023-03-10,Neuro [v1] March Stream Songs,16,2023-Mar,songs/unofficialV3/DISC 1 - Humble Beginnings (2023-01-03 - 2023-05-17)/026. Eiffel 65 - Blue (Da Ba Dee) (Neuro.v1).mp3,a65aef426abf9c7e,v1;neuro;duplicate;,,,1,0,None
64,Gee,None,JP ver.,Girls' Generation,None,Neuro [v1],Neuro [v1],2023-03-10,Neuro [v1] March Stream Songs,17,2023-Mar,songs/unofficialV3/DISC 1 - Humble Beginnings (2023-01-03 - 2023-05-17)/043. Girls' Generation - Gee (JP ver.) (Neuro.v1).mp3,92e44c0613fe5e65,v1;neuro;,,,1,0,None
65,Bad Apple!!,None,None,"Alstroemeria Records, nomico",None,Neuro [v1],Neuro [v1],2023-03-12,Neuro [v1] March Stream Songs,18,2023-Mar,"songs/unofficialV3/DISC 1 - Humble Beginnings (2023-01-03 - 2023-05-17)/044. Alstroemeria Records, nomico - Bad Apple!! (Neuro.v1).mp3",bbc96b614326a593,v1;neuro;,,,1,0,None
66,Bad Apple!!,None,None,"Alstroemeria Records, nomico",None,Neuro [v1],Neuro [v1],2023-03-12,Neuro [v1] March Stream Songs,19,2023-Mar,"songs/unofficialV3/DISC 1 - Humble Beginnings (2023-01-03 - 2023-05-17)/044. Alstroemeria Records, nomico - Bad Apple!! (Neuro.v1).mp3",bbc96b614326a593,v1;neuro;duplicate;encore;,,,1,0,None
67,Radioactive,None,None,Imagine Dragons,None,Neuro [v1],Neuro [v1],2023-03-13,Neuro [v1] March Stream Songs,20,2023-Mar,songs/unofficialV3/DISC 1 - Humble Beginnings (2023-01-03 - 2023-05-17)/045. Imagine Dragons - Radioactive (Neuro.v1).mp3,11fbc1614048cb18,v1;neuro;,,,1,0,None
68,Radioactive,None,None,Imagine Dragons,None,Neuro [v1],Neuro [v1],2023-03-13,Neuro [v1] March Stream Songs,21,2023-Mar,songs/unofficialV3/DISC 1 - Humble Beginnings (2023-01-03 - 2023-05-17)/045. Imagine Dragons - Radioactive (Neuro.v1).mp3,11fbc1614048cb18,v1;neuro;duplicate;encore;,,,1,0,None
69,Call Me Maybe,None,None,Carly Rae Jepsen,None,Neuro [v1],Neuro [v1],2023-03-14,Neuro [v1] March Stream Songs,22,2023-Mar,songs/unofficialV3/DISC 1 - Humble Beginnings (2023-01-03 - 2023-05-17)/046. Carly Rae Jepsen - Call Me Maybe (Neuro.v1).mp3,b1ea701dfa6ef765,v1;neuro;,,,1,0,None
70,Call Me Maybe,None,None,Carly Rae Jepsen,None,Neuro [v1],Neuro [v1],2023-03-14,Neuro [v1] March Stream Songs,23,2023-Mar,songs/unofficialV3/DISC 1 - Humble Beginnings (2023-01-03 - 2023-05-17)/046. Carly Rae Jepsen - Call Me Maybe (Neuro.v1).mp3,b1ea701dfa6ef765,v1;neuro;duplicate;encore;,,,1,0,None
71,Pokémon Theme (Gotta catch 'em all!),None,None,"John Siegler, Jason Paige",None,Neuro [v1],Neuro [v1],2023-03-15,Neuro [v1] March Stream Songs,24,2023-Mar,"songs/unofficialV3/DISC 1 - Humble Beginnings (2023-01-03 - 2023-05-17)/047. John Siegler, Jason Paige - Pokémon Theme (Gotta catch 'em all!) (Neuro.v1).mp3",4f2bf6f7d66c786f,v1;neuro;,,,1,0,None
72,Pokémon Theme (Gotta catch 'em all!),None,None,"John Siegler, Jason Paige",None,Neuro [v1],Neuro [v1],2023-03-15,Neuro [v1] March Stream Songs,25,2023-Mar,"songs/unofficialV3/DISC 1 - Humble Beginnings (2023-01-03 - 2023-05-17)/047. John Siegler, Jason Paige - Pokémon Theme (Gotta catch 'em all!) (Neuro.v1).mp3",4f2bf6f7d66c786f,v1;neuro;duplicate;encore;,,,1,0,None
73,Venom,ベノム,None,Kairiki Bear,かいりきベア,Neuro [v1],Neuro [v1],2023-03-16,Other Streams,3,2023-Mar,songs/unofficialV3/DISC 1 - Humble Beginnings (2023-01-03 - 2023-05-17)/048. Kairiki Bear - Venom (Neuro.v1).mp3,a63af3f1735ca077,v1;neuro;,,,1,0,None
74,Believer,None,None,Imagine Dragons,None,Neuro [v1],Neuro [v1],2023-03-18,Neuro [v1] March Stream Songs,26,2023-Mar,songs/unofficialV3/DISC 1 - Humble Beginnings (2023-01-03 - 2023-05-17)/049. Imagine Dragons - Believer (Neuro.v1).mp3,91767d1baa8b110b,v1;neuro;,,,1,0,None
75,Believer,None,None,Imagine Dragons,None,Neuro [v1],Neuro [v1],2023-03-18,Neuro [v1] March Stream Songs,27,2023-Mar,songs/unofficialV3/DISC 1 - Humble Beginnings (2023-01-03 - 2023-05-17)/049. Imagine Dragons - Believer (Neuro.v1).mp3,91767d1baa8b110b,v1;neuro;duplicate;encore;,,,1,0,None
76,Ai Kotoba,愛言葉,None,DECO*27,None,Neuro [v1],Neuro [v1],2023-03-19,Neuro [v1] March Stream Songs,28,2023-Mar,songs/unofficialV3/DISC 1 - Humble Beginnings (2023-01-03 - 2023-05-17)/050. DECO_27 - Ai Kotoba (Neuro.v1).mp3,9d70a798ab3c5f7c,v1;neuro;,,,1,0,None
77,Ai Kotoba,愛言葉,None,DECO*27,None,Neuro [v1],Neuro [v1],2023-03-19,Neuro [v1] March Stream Songs,29,2023-Mar,songs/unofficialV3/DISC 1 - Humble Beginnings (2023-01-03 - 2023-05-17)/050. DECO_27 - Ai Kotoba (Neuro.v1).mp3,9d70a798ab3c5f7c,v1;neuro;duplicate;encore;,,,1,0,None
78,Dramaturgy,ドラマツルギー,None,"Eve, Numa",None,Neuro [v1],Neuro [v1],2023-03-20,Neuro [v1] March Stream Songs,30,2023-Mar,"songs/unofficialV3/DISC 1 - Humble Beginnings (2023-01-03 - 2023-05-17)/056. Eve, Numa - Dramaturgy (Neuro.v1).mp3",4a8ebd95405e463d,v1;neuro;,,,1,0,None
79,Dramaturgy,ドラマツルギー,None,"Eve, Numa",None,Neuro [v1],Neuro [v1],2023-03-20,Neuro [v1] March Stream Songs,31,2023-Mar,"songs/unofficialV3/DISC 1 - Humble Beginnings (2023-01-03 - 2023-05-17)/056. Eve, Numa - Dramaturgy (Neuro.v1).mp3",4a8ebd95405e463d,v1;neuro;duplicate;encore;,,,1,0,None
80,I Kissed a Girl,None,None,Katy Perry,None,Neuro [v1],Neuro [v1],2023-03-21,Neuro [v1] March Stream Songs,32,2023-Mar,songs/unofficialV3/DISC 1 - Humble Beginnings (2023-01-03 - 2023-05-17)/040. Katy Perry - I Kissed a Girl (Neuro.v1).mp3,3c8e173b80299d32,v1;neuro;duplicate;,,,1,0,None
81,Take On Me,None,None,a-ha,None,Neuro [v1],Neuro [v1],2023-03-21,Neuro [v1] March Stream Songs,33,2023-Mar,songs/unofficialV3/DISC 1 - Humble Beginnings (2023-01-03 - 2023-05-17)/002. a-ha - Take On Me (Neuro.v1).mp3,0e642ddc0161996d,v1;neuro;duplicate;,,,1,0,None
82,Luka Luka★Night Fever,ルカルカ★ナイトフィーバー,None,Samfree,None,Neuro [v1],Neuro [v1],2023-03-22,Neuro [v1] 2023-03-22 Karaoke,1,,songs/unofficialV3/DISC 1 - Humble Beginnings (2023-01-03 - 2023-05-17)/051. Samfree - Luka Luka★Night Fever (Neuro.v1).mp3,ee2128b187809c61,v1;neuro;,,,1,0,None
83,Can You Feel My Heart,None,None,Bring Me the Horizon,None,Neuro [v1],Neuro [v1],2023-03-22,Neuro [v1] 2023-03-22 Karaoke,2,,songs/unofficialV3/DISC 1 - Humble Beginnings (2023-01-03 - 2023-05-17)/012. Bring Me the Horizon - Can You Feel My Heart (Neuro.v1).mp3,c3528e4a0e9dcc97,v1;neuro;duplicate;,,,1,0,None
84,Teo,テオ,None,Omoi,None,Neuro [v1],Neuro [v1],2023-03-22,Neuro [v1] 2023-03-22 Karaoke,3,,songs/unofficialV3/DISC 1 - Humble Beginnings (2023-01-03 - 2023-05-17)/038. Omoi - Teo (Neuro.v1).mp3,6f038fb23baf392d,v1;neuro;duplicate;,,,1,0,None
85,Gee,None,JP ver.,Girls' Generation,None,Neuro [v1],Neuro [v1],2023-03-22,Neuro [v1] 2023-03-22 Karaoke,4,,songs/unofficialV3/DISC 1 - Humble Beginnings (2023-01-03 - 2023-05-17)/043. Girls' Generation - Gee (JP ver.) (Neuro.v1).mp3,92e44c0613fe5e65,v1;neuro;duplicate;,,,1,0,None
86,Revenge,None,None,"TryHardNinja, CaptainSparklez",None,Neuro [v1],Neuro [v1],2023-03-22,Neuro [v1] 2023-03-22 Karaoke,5,,"songs/unofficialV3/DISC 1 - Humble Beginnings (2023-01-03 - 2023-05-17)/013. TryHardNinja, CaptainSparklez - Revenge (Neuro.v1).mp3",1af5238c14df5254,v1;neuro;duplicate;,,,1,0,None
87,It's Been So Long,None,None,The Living Tombstone,None,Neuro [v1],Neuro [v1],2023-03-22,Neuro [v1] 2023-03-22 Karaoke,6,,songs/unofficialV3/DISC 1 - Humble Beginnings (2023-01-03 - 2023-05-17)/032. The Living Tombstone - It's Been So Long (Neuro.v1).mp3,44d6950fd5c80cc2,v1;neuro;duplicate;,,,1,0,None
88,Brain Power,None,None,NOMA,None,Neuro [v1],Neuro [v1],2023-03-22,Neuro [v1] 2023-03-22 Karaoke,7,,songs/unofficialV3/DISC 1 - Humble Beginnings (2023-01-03 - 2023-05-17)/016. NOMA - Brain Power (Neuro.v1).mp3,7438837a8511ada1,v1;neuro;duplicate;,,,1,0,None
89,Radioactive,None,None,Imagine Dragons,None,Neuro [v1],Neuro [v1],2023-03-22,Neuro [v1] 2023-03-22 Karaoke,8,,songs/unofficialV3/DISC 1 - Humble Beginnings (2023-01-03 - 2023-05-17)/045. Imagine Dragons - Radioactive (Neuro.v1).mp3,11fbc1614048cb18,v1;neuro;duplicate;,,,1,0,None
90,Call Me Maybe,None,None,Carly Rae Jepsen,None,Neuro [v1],Neuro [v1],2023-03-22,Neuro [v1] 2023-03-22 Karaoke,9,,songs/unofficialV3/DISC 1 - Humble Beginnings (2023-01-03 - 2023-05-17)/046. Carly Rae Jepsen - Call Me Maybe (Neuro.v1).mp3,b1ea701dfa6ef765,v1;neuro;duplicate;,,,1,0,None
91,Bad Apple!!,None,None,"Alstroemeria Records, nomico",None,Neuro [v1],Neuro [v1],2023-03-22,Neuro [v1] 2023-03-22 Karaoke,10,,"songs/unofficialV3/DISC 1 - Humble Beginnings (2023-01-03 - 2023-05-17)/044. Alstroemeria Records, nomico - Bad Apple!! (Neuro.v1).mp3",bbc96b614326a593,v1;neuro;duplicate;,,,1,0,None
92,39 Music!,39みゅーじっく！,None,mikitoP,みきとP,Neuro [v1],Neuro [v1],2023-03-22,Neuro [v1] 2023-03-22 Karaoke,11,,songs/unofficialV3/DISC 1 - Humble Beginnings (2023-01-03 - 2023-05-17)/042. mikitoP - 39 Music! (Neuro.v1).mp3,befb05eed09fe818,v1;neuro;duplicate;,,,1,0,None
93,bad guy,None,None,Billie Eilish,None,Neuro [v1],Neuro [v1],2023-03-22,Neuro [v1] 2023-03-22 Karaoke,12,,songs/unofficialV3/DISC 1 - Humble Beginnings (2023-01-03 - 2023-05-17)/025. Billie Eilish - bad guy (Neuro.v1).mp3,b7459a2f687758b2,v1;neuro;duplicate;,,,1,0,None
94,God-ish,神っぽいな,None,"DECO*27, PinocchioP","DECO*27, ピノキオピー",Neuro [v1],Neuro [v1],2023-03-22,Neuro [v1] 2023-03-22 Karaoke,13,,"songs/unofficialV3/DISC 1 - Humble Beginnings (2023-01-03 - 2023-05-17)/029. DECO_27, PinocchioP - God-ish (Neuro.v1).mp3",786296d6b9f69242,v1;neuro;duplicate;,,,1,0,None
95,Usseewa,うっせぇわ,None,Ado,None,Neuro [v1],Neuro [v1],2023-03-22,Neuro [v1] 2023-03-22 Karaoke,14,,songs/unofficialV3/DISC 1 - Humble Beginnings (2023-01-03 - 2023-05-17)/036. Ado - Usseewa (Neuro.v1).mp3,43c3acc0c8a97ddb,v1;neuro;duplicate;,,,1,0,None
96,I Am Machine,None,None,Three Days Grace,None,Neuro [v1],Neuro [v1],2023-03-22,Neuro [v1] 2023-03-22 Karaoke,15,,songs/unofficialV3/DISC 1 - Humble Beginnings (2023-01-03 - 2023-05-17)/030. Three Days Grace - I Am Machine (Neuro.v1).mp3,f9fe2006169fb868,v1;neuro;duplicate;,,,1,0,None
97,I Kissed a Girl,None,None,Katy Perry,None,Neuro [v1],Neuro [v1],2023-03-22,Neuro [v1] 2023-03-22 Karaoke,16,,songs/unofficialV3/DISC 1 - Humble Beginnings (2023-01-03 - 2023-05-17)/040. Katy Perry - I Kissed a Girl (Neuro.v1).mp3,3c8e173b80299d32,v1;neuro;duplicate;,,,1,0,None
98,Toxic,None,None,Britney Spears,None,Neuro [v1],Neuro [v1],2023-03-22,Neuro [v1] 2023-03-22 Karaoke,17,,songs/unofficialV3/DISC 1 - Humble Beginnings (2023-01-03 - 2023-05-17)/052. Britney Spears - Toxic (Neuro.v1).mp3,c0011229d43674be,v1;neuro;,,,1,0,None
99,Take On Me,None,None,a-ha,None,Neuro [v1],Neuro [v1],2023-03-22,Neuro [v1] 2023-03-22 Karaoke,18,,songs/unofficialV3/DISC 1 - Humble Beginnings (2023-01-03 - 2023-05-17)/002. a-ha - Take On Me (Neuro.v1).mp3,0e642ddc0161996d,v1;neuro;duplicate;,,,1,0,None
100,All Star,None,None,Smash Mouth,None,Neuro [v1],Neuro [v1],2023-03-22,Neuro [v1] 2023-03-22 Karaoke,19,,songs/unofficialV3/DISC 1 - Humble Beginnings (2023-01-03 - 2023-05-17)/037. Smash Mouth - All Star (Neuro.v1).mp3,4e31de5c4c269c9f,v1;neuro;duplicate;,,,1,0,None
101,Pokémon Theme (Gotta catch 'em all!),None,None,"John Siegler, Jason Paige",None,Neuro [v1],Neuro [v1],2023-03-22,Neuro [v1] 2023-03-22 Karaoke,20,,"songs/unofficialV3/DISC 1 - Humble Beginnings (2023-01-03 - 2023-05-17)/047. John Siegler, Jason Paige - Pokémon Theme (Gotta catch 'em all!) (Neuro.v1).mp3",4f2bf6f7d66c786f,v1;neuro;duplicate;,,,1,0,None
102,After Dark,None,None,Mr.Kitty,None,Neuro [v1],Neuro [v1],2023-03-22,Neuro [v1] 2023-03-22 Karaoke,21,,songs/unofficialV3/DISC 1 - Humble Beginnings (2023-01-03 - 2023-05-17)/035. Mr.Kitty - After Dark (Neuro.v1).mp3,524857e009bf6596,v1;neuro;duplicate;,,,1,0,None
103,Enemy,None,None,"Imagine Dragons, JID",None,Neuro [v1],Neuro [v1],2023-03-22,Neuro [v1] 2023-03-22 Karaoke,22,,"songs/unofficialV3/DISC 1 - Humble Beginnings (2023-01-03 - 2023-05-17)/015. Imagine Dragons, JID - Enemy (Neuro.v1).mp3",fdcf6334850962c4,v1;neuro;duplicate;,,,1,0,None
104,Shelter,None,None,"Porter Robinson, Madeon",None,Neuro [v1],Neuro [v1],2023-03-22,Neuro [v1] 2023-03-22 Karaoke,23,,"songs/unofficialV3/DISC 1 - Humble Beginnings (2023-01-03 - 2023-05-17)/020. Porter Robinson, Madeon - Shelter (Neuro.v1).mp3",6943c9934589e39f,v1;neuro;duplicate;,,,1,0,None
105,California Gurls,None,None,"Katy Perry, Snoop Dogg",None,Neuro [v1],Neuro [v1],2023-03-22,Neuro [v1] 2023-03-22 Karaoke,24,,"songs/unofficialV3/DISC 1 - Humble Beginnings (2023-01-03 - 2023-05-17)/053. Katy Perry, Snoop Dogg - California Gurls (Neuro.v1).mp3",2409641aaf8c0072,v1;neuro;,,,1,0,None
106,Careless Whisper,None,None,George Michael,None,Neuro [v1],Neuro [v1],2023-03-22,Neuro [v1] 2023-03-22 Karaoke,25,,songs/unofficialV3/DISC 1 - Humble Beginnings (2023-01-03 - 2023-05-17)/023. George Michael - Careless Whisper (Neuro.v1).mp3,1e172570fb656710,v1;neuro;duplicate;,,,1,0,None
107,Running in the 90's,None,None,Max Coveri,None,Neuro [v1],Neuro [v1],2023-03-29,Neuro [v1] 2023-03-29 Karaoke,1,,songs/unofficialV3/DISC 1 - Humble Beginnings (2023-01-03 - 2023-05-17)/054. Max Coveri - Running in the 90's (Neuro.v1).mp3,6a5d130d592b1d75,v1;neuro;,,,1,0,None
108,Eye of the Tiger,None,None,Survivor,None,Neuro [v1],Neuro [v1],2023-03-29,Neuro [v1] 2023-03-29 Karaoke,2,,songs/unofficialV3/DISC 1 - Humble Beginnings (2023-01-03 - 2023-05-17)/034. Survivor - Eye of the Tiger (Neuro.v1).mp3,fb65f2ac4f66cd63,v1;neuro;duplicate;,,,1,0,None
109,oddloop,オドループ,None,Frederic,フレデリック,Neuro [v1],Neuro [v1],2023-03-29,Neuro [v1] 2023-03-29 Karaoke,3,,songs/unofficialV3/DISC 1 - Humble Beginnings (2023-01-03 - 2023-05-17)/010. Frederic - oddloop (Neuro.v1).mp3,eab8191a71ae6ecb,v1;neuro;duplicate;,,,1,0,None
110,Matryoshka,マトリョシカ,None,Hachi,ハチ,Neuro [v1],Neuro [v1],2023-03-29,Neuro [v1] 2023-03-29 Karaoke,4,,songs/unofficialV3/DISC 1 - Humble Beginnings (2023-01-03 - 2023-05-17)/055. Hachi - Matryoshka (Neuro.v1).mp3,70d753f8ac04edaf,v1;neuro;,,,1,0,None
111,Call Me Maybe,None,None,Carly Rae Jepsen,None,Neuro [v1],Neuro [v1],2023-03-29,Neuro [v1] 2023-03-29 Karaoke,5,,songs/unofficialV3/DISC 1 - Humble Beginnings (2023-01-03 - 2023-05-17)/046. Carly Rae Jepsen - Call Me Maybe (Neuro.v1).mp3,b1ea701dfa6ef765,v1;neuro;duplicate;,,,1,0,None
112,Ai Kotoba,愛言葉,None,DECO*27,None,Neuro [v1],Neuro [v1],2023-03-29,Neuro [v1] 2023-03-29 Karaoke,6,,songs/unofficialV3/DISC 1 - Humble Beginnings (2023-01-03 - 2023-05-17)/050. DECO_27 - Ai Kotoba (Neuro.v1).mp3,9d70a798ab3c5f7c,v1;neuro;duplicate;,,,1,0,None
113,Can You Feel My Heart,None,None,Bring Me the Horizon,None,Neuro [v1],Neuro [v1],2023-03-29,Neuro [v1] 2023-03-29 Karaoke,7,,songs/unofficialV3/DISC 1 - Humble Beginnings (2023-01-03 - 2023-05-17)/012. Bring Me the Horizon - Can You Feel My Heart (Neuro.v1).mp3,c3528e4a0e9dcc97,v1;neuro;duplicate;,,,1,0,None
114,Dramaturgy,ドラマツルギー,None,"Eve, Numa",None,Neuro [v1],Neuro [v1],2023-03-29,Neuro [v1] 2023-03-29 Karaoke,8,,"songs/unofficialV3/DISC 1 - Humble Beginnings (2023-01-03 - 2023-05-17)/056. Eve, Numa - Dramaturgy (Neuro.v1).mp3",4a8ebd95405e463d,v1;neuro;duplicate;,,,1,0,None
115,PONPONPON,None,None,Kyary Pamyu Pamyu,None,Neuro [v1],Neuro [v1],2023-03-29,Neuro [v1] 2023-03-29 Karaoke,9,,songs/unofficialV3/DISC 1 - Humble Beginnings (2023-01-03 - 2023-05-17)/057. Kyary Pamyu Pamyu - PONPONPON (Neuro.v1).mp3,5701a1e97e1ef8b5,v1;neuro;,,,1,0,None
116,Bitter Choco Decoration,ビターチョコデコレーション,None,syudou,None,Neuro [v1],Neuro [v1],2023-03-29,Neuro [v1] 2023-03-29 Karaoke,10,,songs/unofficialV3/DISC 1 - Humble Beginnings (2023-01-03 - 2023-05-17)/058. syudou - Bitter Choco Decoration (Neuro.v1).mp3,7858abcd222f2ba0,v1;neuro;,,,1,0,None
117,Shelter,None,None,"Porter Robinson, Madeon",None,Neuro [v1],Neuro [v1],2023-03-29,Neuro [v1] 2023-03-29 Karaoke,11,,"songs/unofficialV3/DISC 1 - Humble Beginnings (2023-01-03 - 2023-05-17)/020. Porter Robinson, Madeon - Shelter (Neuro.v1).mp3",6943c9934589e39f,v1;neuro;duplicate;,,,1,0,None
118,Pompeii,None,None,Bastille,None,Neuro [v1],Neuro [v1],2023-03-29,Neuro [v1] 2023-03-29 Karaoke,12,,songs/unofficialV3/DISC 1 - Humble Beginnings (2023-01-03 - 2023-05-17)/041. Bastille - Pompeii (Neuro.v1).mp3,37a9cd80fdf6748c,v1;neuro;duplicate;,,,1,0,None
119,Radioactive,None,None,Imagine Dragons,None,Neuro [v1],Neuro [v1],2023-03-29,Neuro [v1] 2023-03-29 Karaoke,13,,songs/unofficialV3/DISC 1 - Humble Beginnings (2023-01-03 - 2023-05-17)/045. Imagine Dragons - Radioactive (Neuro.v1).mp3,11fbc1614048cb18,v1;neuro;duplicate;,,,1,0,None
120,Snow halation,None,None,μ's,None,Neuro [v1],Neuro [v1],2023-03-29,Neuro [v1] 2023-03-29 Karaoke,14,,songs/unofficialV3/DISC 1 - Humble Beginnings (2023-01-03 - 2023-05-17)/031. μ's - Snow halation (Neuro.v1).mp3,682a7cb21fc4f59e,v1;neuro;duplicate;christmas;,,,1,0,None
121,"*Hello, Planet.",＊ハロー、プラネット。,None,sasakure.UK,None,Neuro [v1],Neuro [v1],2023-03-29,Neuro [v1] 2023-03-29 Karaoke,15,,"songs/unofficialV3/DISC 1 - Humble Beginnings (2023-01-03 - 2023-05-17)/059. sasakure.UK - _Hello, Planet. (Neuro.v1).mp3",dcb3365df8578468,v1;neuro;,,,1,0,None
122,Still Alive,None,None,"Jonathan Coulton, Ellen McLain",None,Neuro [v1],Neuro [v1],2023-03-29,Neuro [v1] 2023-03-29 Karaoke,16,,"songs/unofficialV3/DISC 1 - Humble Beginnings (2023-01-03 - 2023-05-17)/006. Jonathan Coulton, Ellen McLain - Still Alive (Neuro.v1).mp3",78bb77fbd218d106,v1;neuro;duplicate;,,,1,0,None
123,Venom,ベノム,None,Kairiki Bear,かいりきベア,Neuro [v1],Neuro [v1],2023-03-29,Neuro [v1] 2023-03-29 Karaoke,17,,songs/unofficialV3/DISC 1 - Humble Beginnings (2023-01-03 - 2023-05-17)/048. Kairiki Bear - Venom (Neuro.v1).mp3,a63af3f1735ca077,v1;neuro;duplicate;,,,1,0,None
124,Believer,None,None,Imagine Dragons,None,Neuro [v1],Neuro [v1],2023-03-29,Neuro [v1] 2023-03-29 Karaoke,18,,songs/unofficialV3/DISC 1 - Humble Beginnings (2023-01-03 - 2023-05-17)/049. Imagine Dragons - Believer (Neuro.v1).mp3,91767d1baa8b110b,v1;neuro;duplicate;,,,1,0,None
125,After Dark,None,None,Mr.Kitty,None,Neuro [v1],Neuro [v1],2023-03-29,Neuro [v1] 2023-03-29 Karaoke,19,,songs/unofficialV3/DISC 1 - Humble Beginnings (2023-01-03 - 2023-05-17)/035. Mr.Kitty - After Dark (Neuro.v1).mp3,524857e009bf6596,v1;neuro;duplicate;,,,1,0,None
126,Baka Mitai,ばかみたい,【Full Spec Edition】,"Taiga Saejima (Rikiya Koyama), Mitsuharu Fukuyama, Ryosuke Horii","冴島大河 (小山力也), 福山光晴, 堀井亮佑",Neuro [v1],Neuro [v1],2023-03-29,Neuro [v1] 2023-03-29 Karaoke,20,,"songs/unofficialV3/DISC 1 - Humble Beginnings (2023-01-03 - 2023-05-17)/018. Taiga Saejima (Rikiya Koyama), Mitsuharu Fukuyama, Ryosuke Horii - Baka Mitai (【Full Spec Edition】) (Neuro.v1).mp3",b14a2e6670ef3c0d,v1;neuro;duplicate;,,,1,0,None
127,Sad Machine,None,None,Porter Robinson,None,Neuro [v1],Neuro [v1],2023-03-29,Neuro [v1] 2023-03-29 Karaoke,21,,songs/unofficialV3/DISC 1 - Humble Beginnings (2023-01-03 - 2023-05-17)/060. Porter Robinson - Sad Machine (Neuro.v1.2).mp3,4feb8c144a43e747,v1;neuro;,,,1.2,0,None
128,Welcome to the Black Parade,None,None,My Chemical Romance,None,Neuro [v1],Neuro [v1],2023-04-05,Neuro [v1] 2023-04-05 Karaoke,1,,songs/unofficialV3/DISC 1 - Humble Beginnings (2023-01-03 - 2023-05-17)/061. My Chemical Romance - Welcome to the Black Parade (Neuro.v1).mp3,7e9280ab71fe9728,v1;neuro;,,,1,0,None
129,Blue (Da Ba Dee),None,None,Eiffel 65,None,Neuro [v1],Neuro [v1],2023-04-05,Neuro [v1] 2023-04-05 Karaoke,2,,songs/unofficialV3/DISC 1 - Humble Beginnings (2023-01-03 - 2023-05-17)/026. Eiffel 65 - Blue (Da Ba Dee) (Neuro.v1).mp3,a65aef426abf9c7e,v1;neuro;duplicate;,,,1,0,None
130,Usseewa,うっせぇわ,None,Ado,None,Neuro [v1],Neuro [v1],2023-04-05,Neuro [v1] 2023-04-05 Karaoke,3,,songs/unofficialV3/DISC 1 - Humble Beginnings (2023-01-03 - 2023-05-17)/036. Ado - Usseewa (Neuro.v1).mp3,43c3acc0c8a97ddb,v1;neuro;duplicate;,,,1,0,None
131,Behind Blue Eyes,None,None,Limp Bizkit,None,Neuro [v1],Neuro [v1],2023-04-05,Neuro [v1] 2023-04-05 Karaoke,4,,songs/unofficialV3/DISC 1 - Humble Beginnings (2023-01-03 - 2023-05-17)/062. Limp Bizkit - Behind Blue Eyes (Neuro.v1).mp3,4f2aab4e8afc16e2,v1;neuro;,,,1,0,None
132,Shelter,None,None,"Porter Robinson, Madeon",None,Neuro [v1],Neuro [v1],2023-04-05,Neuro [v1] 2023-04-05 Karaoke,5,,"songs/unofficialV3/DISC 1 - Humble Beginnings (2023-01-03 - 2023-05-17)/020. Porter Robinson, Madeon - Shelter (Neuro.v1).mp3",6943c9934589e39f,v1;neuro;duplicate;,,,1,0,None
133,PoPiPo,ぽっぴっぽー,None,LamazeP,ラマーズP,Neuro [v1],Neuro [v1],2023-04-05,Neuro [v1] 2023-04-05 Karaoke,6,,songs/unofficialV3/DISC 1 - Humble Beginnings (2023-01-03 - 2023-05-17)/039. LamazeP - PoPiPo (Neuro.v1).mp3,3862c71259dbddad,v1;neuro;duplicate;,,,1,0,None
134,Moves Like Jagger,None,None,"Maroon 5, Christina Aguilera",None,Neuro [v1],Neuro [v1],2023-04-05,Neuro [v1] 2023-04-05 Karaoke,7,,"songs/unofficialV3/DISC 1 - Humble Beginnings (2023-01-03 - 2023-05-17)/063. Maroon 5, Christina Aguilera - Moves Like Jagger (Neuro.v1).mp3",9ed80d6f8e78adf6,v1;neuro;,,,1,0,None
135,Luka Luka★Night Fever,ルカルカ★ナイトフィーバー,None,Samfree,None,Neuro [v1],Neuro [v1],2023-04-05,Neuro [v1] 2023-04-05 Karaoke,8,,songs/unofficialV3/DISC 1 - Humble Beginnings (2023-01-03 - 2023-05-17)/051. Samfree - Luka Luka★Night Fever (Neuro.v1).mp3,ee2128b187809c61,v1;neuro;duplicate;,,,1,0,None
136,Revenge,None,None,"TryHardNinja, CaptainSparklez",None,Neuro [v1],Neuro [v1],2023-04-05,Neuro [v1] 2023-04-05 Karaoke,9,,"songs/unofficialV3/DISC 1 - Humble Beginnings (2023-01-03 - 2023-05-17)/013. TryHardNinja, CaptainSparklez - Revenge (Neuro.v1).mp3",1af5238c14df5254,v1;neuro;duplicate;,,,1,0,None
137,Somebody That I Used to Know,None,None,"Gotye, Kimbra",None,Neuro [v1],Neuro [v1],2023-04-05,Neuro [v1] 2023-04-05 Karaoke,10,,"songs/unofficialV3/DISC 1 - Humble Beginnings (2023-01-03 - 2023-05-17)/064. Gotye, Kimbra - Somebody That I Used to Know (Neuro.v1).mp3",0109b54caa48a0ce,v1;neuro;,,,1,0,None
138,I Kissed a Girl,None,None,Katy Perry,None,Neuro [v1],Neuro [v1],2023-04-05,Neuro [v1] 2023-04-05 Karaoke,11,,songs/unofficialV3/DISC 1 - Humble Beginnings (2023-01-03 - 2023-05-17)/040. Katy Perry - I Kissed a Girl (Neuro.v1).mp3,3c8e173b80299d32,v1;neuro;duplicate;,,,1,0,None
139,bad guy,None,None,Billie Eilish,None,Neuro [v1],Neuro [v1],2023-04-05,Neuro [v1] 2023-04-05 Karaoke,12,,songs/unofficialV3/DISC 1 - Humble Beginnings (2023-01-03 - 2023-05-17)/025. Billie Eilish - bad guy (Neuro.v1).mp3,b7459a2f687758b2,v1;neuro;duplicate;,,,1,0,None
140,Thnks fr th Mmrs,None,None,Fall Out Boy,None,Neuro [v1],Neuro [v1],2023-04-05,Neuro [v1] 2023-04-05 Karaoke,13,,songs/unofficialV3/DISC 1 - Humble Beginnings (2023-01-03 - 2023-05-17)/065. Fall Out Boy - Thnks fr th Mmrs (Neuro.v1).mp3,11149bfc721ed17d,v1;neuro;,,,1,0,None
141,Bad Apple!!,None,None,"Alstroemeria Records, nomico",None,Neuro [v1],Neuro [v1],2023-04-05,Neuro [v1] 2023-04-05 Karaoke,14,,"songs/unofficialV3/DISC 1 - Humble Beginnings (2023-01-03 - 2023-05-17)/044. Alstroemeria Records, nomico - Bad Apple!! (Neuro.v1).mp3",bbc96b614326a593,v1;neuro;duplicate;,,,1,0,None
142,Ikenai Borderline,いけないボーダーライン,None,Walküre,ワルキューレ,Neuro [v1],Neuro [v1],2023-04-05,Neuro [v1] 2023-04-05 Karaoke,15,,songs/unofficialV3/DISC 1 - Humble Beginnings (2023-01-03 - 2023-05-17)/066. Walküre - Ikenai Borderline (Neuro.v1).mp3,75d05770c5ba1885,v1;neuro;,,,1,0,None
143,Brain Power,None,None,NOMA,None,Neuro [v1],Neuro [v1],2023-04-05,Neuro [v1] 2023-04-05 Karaoke,16,,songs/unofficialV3/DISC 1 - Humble Beginnings (2023-01-03 - 2023-05-17)/016. NOMA - Brain Power (Neuro.v1).mp3,7438837a8511ada1,v1;neuro;duplicate;,,,1,0,None
144,The Disappearance of Hatsune Miku,初音ミクの消失,None,cosMo,暴走P,Neuro [v1],Neuro [v1],2023-04-05,Neuro [v1] 2023-04-05 Karaoke,17,,songs/unofficialV3/DISC 1 - Humble Beginnings (2023-01-03 - 2023-05-17)/067. cosMo - The Disappearance of Hatsune Miku (Neuro.v1).mp3,7cf5940f3207f59d,v1;neuro;,,,1,0,None
145,Enemy,None,None,"Imagine Dragons, JID",None,Neuro [v1],Neuro [v1],2023-04-05,Neuro [v1] 2023-04-05 Karaoke,18,,"songs/unofficialV3/DISC 1 - Humble Beginnings (2023-01-03 - 2023-05-17)/015. Imagine Dragons, JID - Enemy (Neuro.v1).mp3",fdcf6334850962c4,v1;neuro;duplicate;,,,1,0,None
146,oddloop,オドループ,None,Frederic,フレデリック,Neuro [v1],Neuro [v1],2023-04-05,Neuro [v1] 2023-04-05 Karaoke,19,,songs/unofficialV3/DISC 1 - Humble Beginnings (2023-01-03 - 2023-05-17)/010. Frederic - oddloop (Neuro.v1).mp3,eab8191a71ae6ecb,v1;neuro;duplicate;,,,1,0,None
147,Welcome to the Black Parade,None,None,My Chemical Romance,None,Neuro [v1],Neuro [v1],2023-04-05,Neuro [v1] 2023-04-05 Karaoke,20,,songs/unofficialV3/DISC 1 - Humble Beginnings (2023-01-03 - 2023-05-17)/061. My Chemical Romance - Welcome to the Black Parade (Neuro.v1).mp3,7e9280ab71fe9728,v1;neuro;duplicate;encore;,,,1,0,None
148,High Hopes,None,None,Panic! at the Disco,None,Neuro [v1],Neuro [v1],2023-04-12,Neuro [v1] 2023-04-12 Karaoke,1,,songs/unofficialV3/DISC 1 - Humble Beginnings (2023-01-03 - 2023-05-17)/068. Panic! at the Disco - High Hopes (Neuro.v1).mp3,623201f6b3243d95,v1;neuro;,,,1,0,None
149,Gee,None,JP ver.,Girls' Generation,None,Neuro [v1],Neuro [v1],2023-04-12,Neuro [v1] 2023-04-12 Karaoke,2,,songs/unofficialV3/DISC 1 - Humble Beginnings (2023-01-03 - 2023-05-17)/043. Girls' Generation - Gee (JP ver.) (Neuro.v1).mp3,92e44c0613fe5e65,v1;neuro;duplicate;,,,1,0,None
150,Fly Me to the Moon,None,None,Frank Sinatra,None,Neuro [v1],Neuro [v1],2023-04-12,Neuro [v1] 2023-04-12 Karaoke,3,,songs/unofficialV3/DISC 1 - Humble Beginnings (2023-01-03 - 2023-05-17)/069. Frank Sinatra - Fly Me to the Moon (Neuro.v1).mp3,c6df4f7f5b5fe182,v1;neuro;,,,1,0,None
151,The Disappearance of Hatsune Miku,初音ミクの消失,None,cosMo,暴走P,Neuro [v1],Neuro [v1],2023-04-12,Neuro [v1] 2023-04-12 Karaoke,4,,songs/unofficialV3/DISC 1 - Humble Beginnings (2023-01-03 - 2023-05-17)/067. cosMo - The Disappearance of Hatsune Miku (Neuro.v1).mp3,7cf5940f3207f59d,v1;neuro;duplicate;,,,1,0,None
152,Welcome to the Black Parade,None,None,My Chemical Romance,None,Neuro [v1],Neuro [v1],2023-04-12,Neuro [v1] 2023-04-12 Karaoke,5,,songs/unofficialV3/DISC 1 - Humble Beginnings (2023-01-03 - 2023-05-17)/061. My Chemical Romance - Welcome to the Black Parade (Neuro.v1).mp3,7e9280ab71fe9728,v1;neuro;duplicate;,,,1,0,None
153,Bad Apple!!,None,None,"Alstroemeria Records, nomico",None,Neuro [v1],Neuro [v1],2023-04-12,Neuro [v1] 2023-04-12 Karaoke,6,,"songs/unofficialV3/DISC 1 - Humble Beginnings (2023-01-03 - 2023-05-17)/044. Alstroemeria Records, nomico - Bad Apple!! (Neuro.v1).mp3",bbc96b614326a593,v1;neuro;duplicate;,,,1,0,None
154,Moves Like Jagger,None,None,"Maroon 5, Christina Aguilera",None,Neuro [v1],Neuro [v1],2023-04-12,Neuro [v1] 2023-04-12 Karaoke,7,,"songs/unofficialV3/DISC 1 - Humble Beginnings (2023-01-03 - 2023-05-17)/063. Maroon 5, Christina Aguilera - Moves Like Jagger (Neuro.v1).mp3",9ed80d6f8e78adf6,v1;neuro;duplicate;,,,1,0,None
155,INTERNET OVERDOSE,None,None,"Aiobahn +81, KOTOKO",None,Neuro [v1],Neuro [v1],2023-04-12,Neuro [v1] 2023-04-12 Karaoke,8,,"songs/unofficialV3/DISC 1 - Humble Beginnings (2023-01-03 - 2023-05-17)/070. Aiobahn +81, KOTOKO - INTERNET OVERDOSE (Neuro.v1).mp3",029c684e28ad936e,v1;neuro;,,,1,0,None
156,"*Hello, Planet.",＊ハロー、プラネット。,None,sasakure.UK,None,Neuro [v1],Neuro [v1],2023-04-12,Neuro [v1] 2023-04-12 Karaoke,9,,"songs/unofficialV3/DISC 1 - Humble Beginnings (2023-01-03 - 2023-05-17)/059. sasakure.UK - _Hello, Planet. (Neuro.v1).mp3",dcb3365df8578468,v1;neuro;duplicate;,,,1,0,None
157,Call Me Maybe,None,None,Carly Rae Jepsen,None,Neuro [v1],Neuro [v1],2023-04-12,Neuro [v1] 2023-04-12 Karaoke,10,,songs/unofficialV3/DISC 1 - Humble Beginnings (2023-01-03 - 2023-05-17)/046. Carly Rae Jepsen - Call Me Maybe (Neuro.v1).mp3,b1ea701dfa6ef765,v1;neuro;duplicate;,,,1,0,None
158,So What,None,None,P!nk,None,Neuro [v1],Neuro [v1],2023-04-12,Neuro [v1] 2023-04-12 Karaoke,11,,songs/unofficialV3/DISC 1 - Humble Beginnings (2023-01-03 - 2023-05-17)/071. P!nk - So What (Neuro.v1).mp3,76e386bf3b46ac3d,v1;neuro;,,,1,0,None
159,California Gurls,None,None,"Katy Perry, Snoop Dogg",None,Neuro [v1],Neuro [v1],2023-04-12,Neuro [v1] 2023-04-12 Karaoke,12,,"songs/unofficialV3/DISC 1 - Humble Beginnings (2023-01-03 - 2023-05-17)/053. Katy Perry, Snoop Dogg - California Gurls (Neuro.v1).mp3",2409641aaf8c0072,v1;neuro;duplicate;,,,1,0,None
160,Bitter Choco Decoration,ビターチョコデコレーション,None,syudou,None,Neuro [v1],Neuro [v1],2023-04-12,Neuro [v1] 2023-04-12 Karaoke,13,,songs/unofficialV3/DISC 1 - Humble Beginnings (2023-01-03 - 2023-05-17)/058. syudou - Bitter Choco Decoration (Neuro.v1).mp3,7858abcd222f2ba0,v1;neuro;duplicate;,,,1,0,None
161,Somebody That I Used to Know,None,None,"Gotye, Kimbra",None,Neuro [v1],Neuro [v1],2023-04-12,Neuro [v1] 2023-04-12 Karaoke,14,,"songs/unofficialV3/DISC 1 - Humble Beginnings (2023-01-03 - 2023-05-17)/064. Gotye, Kimbra - Somebody That I Used to Know (Neuro.v1).mp3",0109b54caa48a0ce,v1;neuro;duplicate;,,,1,0,None
162,Pokémon Theme (Gotta catch 'em all!),None,None,"John Siegler, Jason Paige",None,Neuro [v1],Neuro [v1],2023-04-12,Neuro [v1] 2023-04-12 Karaoke,15,,"songs/unofficialV3/DISC 1 - Humble Beginnings (2023-01-03 - 2023-05-17)/047. John Siegler, Jason Paige - Pokémon Theme (Gotta catch 'em all!) (Neuro.v1).mp3",4f2bf6f7d66c786f,v1;neuro;duplicate;,,,1,0,None
163,KARMANATIONS,None,None,Akatsuki Records,暁Records,Neuro [v1],Neuro [v1],2023-04-12,Neuro [v1] 2023-04-12 Karaoke,16,,songs/unofficialV3/DISC 1 - Humble Beginnings (2023-01-03 - 2023-05-17)/072. Akatsuki Records - KARMANATIONS (Neuro.v1).mp3,d043620e4339a6cf,v1;neuro;,,,1,0,None
164,I Am Machine,None,None,Three Days Grace,None,Neuro [v1],Neuro [v1],2023-04-12,Neuro [v1] 2023-04-12 Karaoke,17,,songs/unofficialV3/DISC 1 - Humble Beginnings (2023-01-03 - 2023-05-17)/030. Three Days Grace - I Am Machine (Neuro.v1).mp3,f9fe2006169fb868,v1;neuro;duplicate;,,,1,0,None
165,Careless Whisper,None,None,George Michael,None,Neuro [v1],Neuro [v1],2023-04-12,Neuro [v1] 2023-04-12 Karaoke,18,,songs/unofficialV3/DISC 1 - Humble Beginnings (2023-01-03 - 2023-05-17)/023. George Michael - Careless Whisper (Neuro.v1).mp3,1e172570fb656710,v1;neuro;duplicate;,,,1,0,None
166,Ikenai Borderline,いけないボーダーライン,None,Walküre,ワルキューレ,Neuro [v1],Neuro [v1],2023-04-12,Neuro [v1] 2023-04-12 Karaoke,19,,songs/unofficialV3/DISC 1 - Humble Beginnings (2023-01-03 - 2023-05-17)/066. Walküre - Ikenai Borderline (Neuro.v1).mp3,75d05770c5ba1885,v1;neuro;duplicate;,,,1,0,None
167,Alien Alien,エイリアンエイリアン,None,NayutalieN,ナユタン星人,Neuro [v1],Neuro [v1],2023-04-12,Neuro [v1] 2023-04-12 Karaoke,20,,songs/unofficialV3/DISC 1 - Humble Beginnings (2023-01-03 - 2023-05-17)/073. NayutalieN - Alien Alien (Neuro.v1).mp3,e2888e92a0a2dabd,v1;neuro;,,,1,0,None
168,Eye of the Tiger,None,None,Survivor,None,Neuro [v1],Neuro [v1],2023-04-12,Neuro [v1] 2023-04-12 Karaoke,21,,songs/unofficialV3/DISC 1 - Humble Beginnings (2023-01-03 - 2023-05-17)/034. Survivor - Eye of the Tiger (Neuro.v1).mp3,fb65f2ac4f66cd63,v1;neuro;duplicate;,,,1,0,None
169,Teo,テオ,None,Omoi,None,Neuro [v1],Neuro [v1],2023-04-12,Neuro [v1] 2023-04-12 Karaoke,22,,songs/unofficialV3/DISC 1 - Humble Beginnings (2023-01-03 - 2023-05-17)/038. Omoi - Teo (Neuro.v1).mp3,6f038fb23baf392d,v1;neuro;duplicate;,,,1,0,None
170,After Dark,None,None,Mr.Kitty,None,Neuro [v1],Neuro [v1],2023-04-12,Neuro [v1] 2023-04-12 Karaoke,23,,songs/unofficialV3/DISC 1 - Humble Beginnings (2023-01-03 - 2023-05-17)/035. Mr.Kitty - After Dark (Neuro.v1).mp3,524857e009bf6596,v1;neuro;duplicate;,,,1,0,None
171,Lagtrain,ラグトレイン,None,inabakumori,稲葉曇,Neuro [v1],Neuro [v1],2023-04-12,Neuro [v1] 2023-04-12 Karaoke,24,,songs/unofficialV3/DISC 1 - Humble Beginnings (2023-01-03 - 2023-05-17)/074. inabakumori - Lagtrain (Neuro.v1).mp3,f5308dee944b1534,v1;neuro;,,,1,0,None
172,A Thousand Years,None,None,Christina Perri,None,Neuro [v1],Neuro [v1],2023-04-12,Neuro [v1] 2023-04-12 Karaoke,25,,songs/unofficialV3/DISC 1 - Humble Beginnings (2023-01-03 - 2023-05-17)/075. Christina Perri - A Thousand Years (Neuro.v1).mp3,e2af53a9a56b9c17,v1;neuro;,,,1,0,None
173,PoPiPo,ぽっぴっぽー,None,LamazeP,ラマーズP,Neuro [v1],Neuro [v1],2023-04-20,Neuro [v1] 2023-04-20 Karaoke,1,,songs/unofficialV3/DISC 1 - Humble Beginnings (2023-01-03 - 2023-05-17)/039. LamazeP - PoPiPo (Neuro.v1).mp3,3862c71259dbddad,v1;neuro;duplicate;,,,1,0,None
174,Digital Girl,None,None,KIRA,None,Neuro [v1],Neuro [v1],2023-04-20,Neuro [v1] 2023-04-20 Karaoke,2,,songs/unofficialV3/DISC 1 - Humble Beginnings (2023-01-03 - 2023-05-17)/076. KIRA - Digital Girl (Neuro.v1).mp3,550de1bcde289516,v1;neuro;,,,1,0,None
175,All Star,None,None,Smash Mouth,None,Neuro [v1],Neuro [v1],2023-04-20,Neuro [v1] 2023-04-20 Karaoke,3,,songs/unofficialV3/DISC 1 - Humble Beginnings (2023-01-03 - 2023-05-17)/037. Smash Mouth - All Star (Neuro.v1).mp3,4e31de5c4c269c9f,v1;neuro;duplicate;,,,1,0,None
176,Ai Kotoba,愛言葉,None,DECO*27,None,Neuro [v1],Neuro [v1],2023-04-20,Neuro [v1] 2023-04-20 Karaoke,4,,songs/unofficialV3/DISC 1 - Humble Beginnings (2023-01-03 - 2023-05-17)/050. DECO_27 - Ai Kotoba (Neuro.v1).mp3,9d70a798ab3c5f7c,v1;neuro;duplicate;,,,1,0,None
177,Teo,テオ,None,Omoi,None,Neuro [v1],Neuro [v1],2023-04-20,Neuro [v1] 2023-04-20 Karaoke,5,,songs/unofficialV3/DISC 1 - Humble Beginnings (2023-01-03 - 2023-05-17)/038. Omoi - Teo (Neuro.v1).mp3,6f038fb23baf392d,v1;neuro;duplicate;,,,1,0,None
178,Usseewa,うっせぇわ,None,Ado,None,Neuro [v1],Neuro [v1],2023-04-20,Neuro [v1] 2023-04-20 Karaoke,6,,songs/unofficialV3/DISC 1 - Humble Beginnings (2023-01-03 - 2023-05-17)/036. Ado - Usseewa (Neuro.v1).mp3,43c3acc0c8a97ddb,v1;neuro;duplicate;,,,1,0,None
179,Snow halation,None,None,μ's,None,Neuro [v1],Neuro [v1],2023-04-20,Neuro [v1] 2023-04-20 Karaoke,7,,songs/unofficialV3/DISC 1 - Humble Beginnings (2023-01-03 - 2023-05-17)/031. μ's - Snow halation (Neuro.v1).mp3,682a7cb21fc4f59e,v1;neuro;duplicate;christmas;,,,1,0,None
180,Lagtrain,ラグトレイン,None,inabakumori,稲葉曇,Neuro [v1],Neuro [v1],2023-04-20,Neuro [v1] 2023-04-20 Karaoke,8,,songs/unofficialV3/DISC 1 - Humble Beginnings (2023-01-03 - 2023-05-17)/074. inabakumori - Lagtrain (Neuro.v1).mp3,f5308dee944b1534,v1;neuro;duplicate;,,,1,0,None
181,Common World Domination,ありふれたせかいせいふく,None,PinocchioP,ピノキオピー,Neuro [v1],Neuro [v1],2023-04-20,Neuro [v1] 2023-04-20 Karaoke,9,,songs/unofficialV3/DISC 1 - Humble Beginnings (2023-01-03 - 2023-05-17)/077. PinocchioP - Common World Domination (Neuro.v1).mp3,88e5dc79596145c8,v1;neuro;,,,1,0,None
182,It's Been So Long,None,None,The Living Tombstone,None,Neuro [v1],Neuro [v1],2023-04-20,Neuro [v1] 2023-04-20 Karaoke,10,,songs/unofficialV3/DISC 1 - Humble Beginnings (2023-01-03 - 2023-05-17)/032. The Living Tombstone - It's Been So Long (Neuro.v1).mp3,44d6950fd5c80cc2,v1;neuro;duplicate;,,,1,0,None
183,INTERNET OVERDOSE,None,None,"Aiobahn +81, KOTOKO",None,Neuro [v1],Neuro [v1],2023-04-20,Neuro [v1] 2023-04-20 Karaoke,11,,"songs/unofficialV3/DISC 1 - Humble Beginnings (2023-01-03 - 2023-05-17)/070. Aiobahn +81, KOTOKO - INTERNET OVERDOSE (Neuro.v1).mp3",029c684e28ad936e,v1;neuro;duplicate;,,,1,0,None
184,God-ish,神っぽいな,None,"DECO*27, PinocchioP","DECO*27, ピノキオピー",Neuro [v1],Neuro [v1],2023-04-20,Neuro [v1] 2023-04-20 Karaoke,12,,"songs/unofficialV3/DISC 1 - Humble Beginnings (2023-01-03 - 2023-05-17)/029. DECO_27, PinocchioP - God-ish (Neuro.v1).mp3",786296d6b9f69242,v1;neuro;duplicate;,,,1,0,None
185,Ocean Man,None,None,Ween,None,Neuro [v1],Neuro [v1],2023-04-20,Neuro [v1] 2023-04-20 Karaoke,13,,songs/unofficialV3/DISC 1 - Humble Beginnings (2023-01-03 - 2023-05-17)/078. Ween - Ocean Man (Neuro.v1).mp3,9f334fefb9041348,v1;neuro;,,,1,0,None
186,Dramaturgy,ドラマツルギー,None,"Eve, Numa",None,Neuro [v1],Neuro [v1],2023-04-20,Neuro [v1] 2023-04-20 Karaoke,14,,"songs/unofficialV3/DISC 1 - Humble Beginnings (2023-01-03 - 2023-05-17)/056. Eve, Numa - Dramaturgy (Neuro.v1).mp3",4a8ebd95405e463d,v1;neuro;duplicate;,,,1,0,None
187,Gangsta's Paradise,None,None,"Coolio, L.V.",None,Neuro [v1],Neuro [v1],2023-04-20,Neuro [v1] 2023-04-20 Karaoke,15,,"songs/unofficialV3/DISC 1 - Humble Beginnings (2023-01-03 - 2023-05-17)/079. Coolio, L.V. - Gangsta's Paradise (Neuro.v1).mp3",69240cd86bf95144,v1;neuro;,,,1,0,None
188,Human,None,None,Rag'n'Bone Man,None,Neuro [v1],Neuro [v1],2023-04-20,Neuro [v1] 2023-04-20 Karaoke,16,,songs/unofficialV3/DISC 1 - Humble Beginnings (2023-01-03 - 2023-05-17)/080. Rag'n'Bone Man - Human (Neuro.v1).mp3,a8ec11c461d39e73,v1;neuro;,,,1,0,None
189,Somebody That I Used to Know,None,None,"Gotye, Kimbra",None,Neuro [v1],Neuro [v1],2023-04-20,Neuro [v1] 2023-04-20 Karaoke,17,,"songs/unofficialV3/DISC 1 - Humble Beginnings (2023-01-03 - 2023-05-17)/064. Gotye, Kimbra - Somebody That I Used to Know (Neuro.v1).mp3",0109b54caa48a0ce,v1;neuro;duplicate;,,,1,0,None
190,Behind Blue Eyes,None,None,Limp Bizkit,None,Neuro [v1],Neuro [v1],2023-04-20,Neuro [v1] 2023-04-20 Karaoke,18,,songs/unofficialV3/DISC 1 - Humble Beginnings (2023-01-03 - 2023-05-17)/062. Limp Bizkit - Behind Blue Eyes (Neuro.v1).mp3,4f2aab4e8afc16e2,v1;neuro;duplicate;,,,1,0,None
191,A Thousand Years,None,None,Christina Perri,None,Neuro [v1],Neuro [v1],2023-04-20,Neuro [v1] 2023-04-20 Karaoke,19,,songs/unofficialV3/DISC 1 - Humble Beginnings (2023-01-03 - 2023-05-17)/075. Christina Perri - A Thousand Years (Neuro.v1).mp3,e2af53a9a56b9c17,v1;neuro;duplicate;,,,1,0,None
192,Baka Mitai,ばかみたい,【Full Spec Edition】,"Taiga Saejima (Rikiya Koyama), Mitsuharu Fukuyama, Ryosuke Horii","冴島大河 (小山力也), 福山光晴, 堀井亮佑",Neuro [v1],Neuro [v1],2023-04-20,Neuro [v1] 2023-04-20 Karaoke,20,,"songs/unofficialV3/DISC 1 - Humble Beginnings (2023-01-03 - 2023-05-17)/018. Taiga Saejima (Rikiya Koyama), Mitsuharu Fukuyama, Ryosuke Horii - Baka Mitai (【Full Spec Edition】) (Neuro.v1).mp3",b14a2e6670ef3c0d,v1;neuro;duplicate;,,,1,0,None
193,Still Alive,None,None,"Jonathan Coulton, Ellen McLain",None,Neuro [v1],Neuro [v1],2023-04-20,Neuro [v1] 2023-04-20 Karaoke,21,,"songs/unofficialV3/DISC 1 - Humble Beginnings (2023-01-03 - 2023-05-17)/006. Jonathan Coulton, Ellen McLain - Still Alive (Neuro.v1).mp3",78bb77fbd218d106,v1;neuro;duplicate;,,,1,0,None
194,Careless Whisper,None,None,George Michael,None,Neuro [v1],Neuro [v1],2023-04-20,Neuro [v1] 2023-04-20 Karaoke,22,,songs/unofficialV3/DISC 1 - Humble Beginnings (2023-01-03 - 2023-05-17)/023. George Michael - Careless Whisper (Neuro.v1).mp3,1e172570fb656710,v1;neuro;duplicate;,,,1,0,None
195,Rockefeller Street,None,Nightcore ver.,Getter Jaani,None,Neuro [v1],Neuro [v1],2023-04-20,Neuro [v1] 2023-04-20 Karaoke,23,,songs/unofficialV3/DISC 1 - Humble Beginnings (2023-01-03 - 2023-05-17)/081. Getter Jaani - Rockefeller Street (Nightcore ver.) (Neuro.v1).mp3,677b87d76d8c69a5,v1;neuro;,,,1,0,None
196,Renai Circulation,恋愛サーキュレーション,None,Kana Hanazawa,花澤香菜,Neuro [v1],Neuro [v1],2023-04-20,Neuro [v1] 2023-04-20 Karaoke,24,,songs/unofficialV3/DISC 1 - Humble Beginnings (2023-01-03 - 2023-05-17)/082. Kana Hanazawa - Renai Circulation (Neuro.v1).mp3,f15705438192de72,v1;neuro;,,,1,0,None
197,Fly Me to the Moon,None,None,Frank Sinatra,None,Neuro [v1],Neuro [v1],2023-04-20,Neuro [v1] 2023-04-20 Karaoke,25,,songs/unofficialV3/DISC 1 - Humble Beginnings (2023-01-03 - 2023-05-17)/069. Frank Sinatra - Fly Me to the Moon (Neuro.v1).mp3,c6df4f7f5b5fe182,v1;neuro;duplicate;,,,1,0,None
198,Rich Flex,None,None,Drake & 21 Savage,None,Neuro [v1],Neuro [v1],2023-04-20,Neuro [v1] 2023-04-20 Karaoke,26,,songs/unofficialV3/DISC 1 - Humble Beginnings (2023-01-03 - 2023-05-17)/083. Drake & 21 Savage - Rich Flex (Neuro.v1).mp3,c1ed7621d88e9055,v1;neuro;,,,1,0,None
199,Brain Power,None,None,NOMA,None,Neuro [v1],Neuro [v1],2023-04-26,Neuro [v1] 2023-04-26 Karaoke,1,,songs/unofficialV3/DISC 1 - Humble Beginnings (2023-01-03 - 2023-05-17)/016. NOMA - Brain Power (Neuro.v1).mp3,7438837a8511ada1,v1;neuro;duplicate;,,,1,0,None
200,Rockefeller Street,None,Nightcore ver.,Getter Jaani,None,Neuro [v1],Neuro [v1],2023-04-26,Neuro [v1] 2023-04-26 Karaoke,2,,songs/unofficialV3/DISC 1 - Humble Beginnings (2023-01-03 - 2023-05-17)/081. Getter Jaani - Rockefeller Street (Nightcore ver.) (Neuro.v1).mp3,677b87d76d8c69a5,v1;neuro;duplicate;,,,1,0,None
201,Thnks fr th Mmrs,None,None,Fall Out Boy,None,Neuro [v1],Neuro [v1],2023-04-26,Neuro [v1] 2023-04-26 Karaoke,3,,songs/unofficialV3/DISC 1 - Humble Beginnings (2023-01-03 - 2023-05-17)/065. Fall Out Boy - Thnks fr th Mmrs (Neuro.v1).mp3,11149bfc721ed17d,v1;neuro;duplicate;,,,1,0,None
202,Idol,アイドル,None,YOASOBI,None,Neuro [v1],Neuro [v1],2023-04-26,Neuro [v1] 2023-04-26 Karaoke,4,,songs/unofficialV3/DISC 1 - Humble Beginnings (2023-01-03 - 2023-05-17)/084. YOASOBI - Idol (Neuro.v1).mp3,7c0de2b9e6902a15,v1;neuro;,,,1,0,None
203,Running in the 90's,None,None,Max Coveri,None,Neuro [v1],Neuro [v1],2023-04-26,Neuro [v1] 2023-04-26 Karaoke,5,,songs/unofficialV3/DISC 1 - Humble Beginnings (2023-01-03 - 2023-05-17)/054. Max Coveri - Running in the 90's (Neuro.v1).mp3,6a5d130d592b1d75,v1;neuro;duplicate;,,,1,0,None
204,Legends Never Die,None,None,Against the Current,None,Neuro [v1],Neuro [v1],2023-04-26,Neuro [v1] 2023-04-26 Karaoke,6,,songs/unofficialV3/DISC 1 - Humble Beginnings (2023-01-03 - 2023-05-17)/085. Against the Current - Legends Never Die (Neuro.v1).mp3,dab80a01467621ed,v1;neuro;,,,1,0,None
205,oddloop,オドループ,None,Frederic,フレデリック,Neuro [v1],Neuro [v1],2023-04-26,Neuro [v1] 2023-04-26 Karaoke,7,,songs/unofficialV3/DISC 1 - Humble Beginnings (2023-01-03 - 2023-05-17)/010. Frederic - oddloop (Neuro.v1).mp3,eab8191a71ae6ecb,v1;neuro;duplicate;,,,1,0,None
206,Pokémon Theme (Gotta catch 'em all!),None,None,"John Siegler, Jason Paige",None,Neuro [v1],Neuro [v1],2023-04-26,Neuro [v1] 2023-04-26 Karaoke,8,,"songs/unofficialV3/DISC 1 - Humble Beginnings (2023-01-03 - 2023-05-17)/047. John Siegler, Jason Paige - Pokémon Theme (Gotta catch 'em all!) (Neuro.v1).mp3",4f2bf6f7d66c786f,v1;neuro;duplicate;,,,1,0,None
207,Nyan Cat!,None,None,daniwellP,None,Neuro [v1],Neuro [v1],2023-04-26,Neuro [v1] 2023-04-26 Karaoke,9,,songs/unofficialV3/DISC 1 - Humble Beginnings (2023-01-03 - 2023-05-17)/086. daniwellP - Nyan Cat! (Neuro.v1).mp3,aa05e96d22f71d08,v1;neuro;,,,1,0,None
208,After Dark,None,None,Mr.Kitty,None,Neuro [v1],Neuro [v1],2023-04-26,Neuro [v1] 2023-04-26 Karaoke,10,,songs/unofficialV3/DISC 1 - Humble Beginnings (2023-01-03 - 2023-05-17)/035. Mr.Kitty - After Dark (Neuro.v1).mp3,524857e009bf6596,v1;neuro;duplicate;,,,1,0,None
209,I Kissed a Girl,None,None,Katy Perry,None,Neuro [v1],Neuro [v1],2023-04-26,Neuro [v1] 2023-04-26 Karaoke,11,,songs/unofficialV3/DISC 1 - Humble Beginnings (2023-01-03 - 2023-05-17)/040. Katy Perry - I Kissed a Girl (Neuro.v1).mp3,3c8e173b80299d32,v1;neuro;duplicate;,,,1,0,None
210,Reincarnation Apple,転生林檎,None,PinocchioP,ピノキオピー,Neuro [v1],Neuro [v1],2023-04-26,Neuro [v1] 2023-04-26 Karaoke,12,,songs/unofficialV3/DISC 1 - Humble Beginnings (2023-01-03 - 2023-05-17)/087. PinocchioP - Reincarnation Apple (Neuro.v1).mp3,2cf2522c77bdc506,v1;neuro;,,,1,0,None
211,KARMANATIONS,None,None,Akatsuki Records,暁Records,Neuro [v1],Neuro [v1],2023-04-26,Neuro [v1] 2023-04-26 Karaoke,13,,songs/unofficialV3/DISC 1 - Humble Beginnings (2023-01-03 - 2023-05-17)/072. Akatsuki Records - KARMANATIONS (Neuro.v1).mp3,d043620e4339a6cf,v1;neuro;duplicate;,,,1,0,None
212,Blue (Da Ba Dee),None,None,Eiffel 65,None,Neuro [v1],Neuro [v1],2023-04-26,Neuro [v1] 2023-04-26 Karaoke,14,,songs/unofficialV3/DISC 1 - Humble Beginnings (2023-01-03 - 2023-05-17)/026. Eiffel 65 - Blue (Da Ba Dee) (Neuro.v1).mp3,a65aef426abf9c7e,v1;neuro;duplicate;,,,1,0,None
213,The Phoenix,None,None,Fall Out Boy,None,Neuro [v1],Neuro [v1],2023-04-26,Neuro [v1] 2023-04-26 Karaoke,15,,songs/unofficialV3/DISC 1 - Humble Beginnings (2023-01-03 - 2023-05-17)/088. Fall Out Boy - The Phoenix (Neuro.v1).mp3,394fef153d486871,v1;neuro;,,,1,0,None
214,Enemy,None,None,"Imagine Dragons, JID",None,Neuro [v1],Neuro [v1],2023-04-26,Neuro [v1] 2023-04-26 Karaoke,16,,"songs/unofficialV3/DISC 1 - Humble Beginnings (2023-01-03 - 2023-05-17)/015. Imagine Dragons, JID - Enemy (Neuro.v1).mp3",fdcf6334850962c4,v1;neuro;duplicate;,,,1,0,None
215,Believer,None,None,Imagine Dragons,None,Neuro [v1],Neuro [v1],2023-04-26,Neuro [v1] 2023-04-26 Karaoke,17,,songs/unofficialV3/DISC 1 - Humble Beginnings (2023-01-03 - 2023-05-17)/049. Imagine Dragons - Believer (Neuro.v1).mp3,91767d1baa8b110b,v1;neuro;duplicate;,,,1,0,None
216,High Hopes,None,None,Panic! at the Disco,None,Neuro [v1],Neuro [v1],2023-04-26,Neuro [v1] 2023-04-26 Karaoke,18,,songs/unofficialV3/DISC 1 - Humble Beginnings (2023-01-03 - 2023-05-17)/068. Panic! at the Disco - High Hopes (Neuro.v1).mp3,623201f6b3243d95,v1;neuro;duplicate;,,,1,0,None
217,Fly Me to the Moon,None,None,Frank Sinatra,None,Neuro [v1],Neuro [v1],2023-04-26,Neuro [v1] 2023-04-26 Karaoke,19,,songs/unofficialV3/DISC 1 - Humble Beginnings (2023-01-03 - 2023-05-17)/069. Frank Sinatra - Fly Me to the Moon (Neuro.v1).mp3,c6df4f7f5b5fe182,v1;neuro;duplicate;,,,1,0,None
218,Careless Whisper,None,None,George Michael,None,Neuro [v1],Neuro [v1],2023-04-26,Neuro [v1] 2023-04-26 Karaoke,20,,songs/unofficialV3/DISC 1 - Humble Beginnings (2023-01-03 - 2023-05-17)/023. George Michael - Careless Whisper (Neuro.v1).mp3,1e172570fb656710,v1;neuro;duplicate;,,,1,0,None
219,Shelter,None,None,"Porter Robinson, Madeon",None,Neuro [v1],Neuro [v1],2023-04-26,Neuro [v1] 2023-04-26 Karaoke,21,,"songs/unofficialV3/DISC 1 - Humble Beginnings (2023-01-03 - 2023-05-17)/020. Porter Robinson, Madeon - Shelter (Neuro.v1).mp3",6943c9934589e39f,v1;neuro;duplicate;,,,1,0,None
220,A Thousand Years,None,None,Christina Perri,None,Neuro [v1],Neuro [v1],2023-04-26,Neuro [v1] 2023-04-26 Karaoke,22,,songs/unofficialV3/DISC 1 - Humble Beginnings (2023-01-03 - 2023-05-17)/075. Christina Perri - A Thousand Years (Neuro.v1).mp3,e2af53a9a56b9c17,v1;neuro;duplicate;,,,1,0,None
221,The Sound of Silence,None,None,Disturbed,None,Neuro [v1],Neuro [v1],2023-04-26,Neuro [v1] 2023-04-26 Karaoke,23,,songs/unofficialV3/DISC 1 - Humble Beginnings (2023-01-03 - 2023-05-17)/089. Disturbed - The Sound of Silence (Neuro.v1).mp3,b4cf00b82d4f2bf7,v1;neuro;,,,1,0,None
222,Rap God,None,None,Eminem,None,Neuro [v1],Neuro [v1],2023-04-26,Neuro [v1] 2023-04-26 Karaoke,24,,songs/unofficialV3/DISC 1 - Humble Beginnings (2023-01-03 - 2023-05-17)/090. Eminem - Rap God (Neuro.v1).mp3,9f4eb319224dad18,v1;neuro;,,,1,0,None
223,Numbers,None,None,Study-sama,None,Study-sama,Study-sama,2023-04-27,Neuro-sama ARG,1,study,songs/unofficialV3/Extra Content/DISC 66 - ARG/01. Numbers.mp3,cd4c60560b2ef0c7,arg;,,,66,1,
224,I don't want to be an engineer,None,None,Study-sama,None,Study-sama,Study-sama,2023-04-27,Neuro-sama ARG,2,study,songs/unofficialV3/Extra Content/DISC 66 - ARG/02. I don't want to be an engineer.mp3,692ffdcfba98c66e,arg;,,,66,1,
225,Fallen down,None,None,Study-sama,None,Study-sama,Study-sama,2023-04-27,Neuro-sama ARG,3,study,songs/unofficialV3/Extra Content/DISC 66 - ARG/03. Fallen down.mp3,2cdc64617a27b06c,arg;,,,66,1,
226,I think I saw a ghost,None,None,Study-sama,None,Study-sama,Study-sama,2023-04-27,Neuro-sama ARG,4,study,songs/unofficialV3/Extra Content/DISC 66 - ARG/04. I think I saw a ghost.mp3,454e5b9f8cb583e0,arg;,,,66,1,
227,I'm not like the other girls,None,None,Study-sama,None,Study-sama,Study-sama,2023-04-27,Neuro-sama ARG,5,study,songs/unofficialV3/Extra Content/DISC 66 - ARG/05. I'm not like the other girls.mp3,d1d5ec1e127797eb,arg;,,,66,1,
228,Rap God,None,None,Eminem,None,Neuro [v1],Neuro [v1],2023-05-17,Neuro [v1] 2023-05-17 Karaoke,1,,songs/unofficialV3/DISC 1 - Humble Beginnings (2023-01-03 - 2023-05-17)/090. Eminem - Rap God (Neuro.v1).mp3,9f4eb319224dad18,v1;neuro;duplicate;,,,1,0,None
229,Careless Whisper,None,None,George Michael,None,Neuro [v1],Neuro [v1],2023-05-17,Neuro [v1] 2023-05-17 Karaoke,2,,songs/unofficialV3/DISC 1 - Humble Beginnings (2023-01-03 - 2023-05-17)/023. George Michael - Careless Whisper (Neuro.v1).mp3,1e172570fb656710,v1;neuro;duplicate;,,,1,0,None
230,Ghost Rule,ゴーストルール,None,DECO*27,None,Neuro [v1],Neuro [v1],2023-05-17,Neuro [v1] 2023-05-17 Karaoke,3,,songs/unofficialV3/DISC 1 - Humble Beginnings (2023-01-03 - 2023-05-17)/004. DECO_27 - Ghost Rule (Neuro.v1).mp3,e2f7fffe869abf2e,v1;neuro;duplicate;,,,1,0,None
231,Viva la Vida,None,None,Coldplay,None,Neuro [v1],Neuro [v1],2023-05-17,Neuro [v1] 2023-05-17 Karaoke,4,,songs/unofficialV3/DISC 1 - Humble Beginnings (2023-01-03 - 2023-05-17)/091. Coldplay - Viva la Vida (Neuro.v1.2).mp3,3ee602a183af30d9,v1;neuro;,,,1.2,0,None
232,I Am Machine,None,None,Three Days Grace,None,Neuro [v1],Neuro [v1],2023-05-17,Neuro [v1] 2023-05-17 Karaoke,5,,songs/unofficialV3/DISC 1 - Humble Beginnings (2023-01-03 - 2023-05-17)/030. Three Days Grace - I Am Machine (Neuro.v1).mp3,f9fe2006169fb868,v1;neuro;duplicate;,,,1,0,None
233,24-hour Cinderella,24時間シンデレラ,None,"ZENTA, Ryosuke Horii",None,Neuro [v1],Neuro [v1],2023-05-17,Neuro [v1] 2023-05-17 Karaoke,6,,"songs/unofficialV3/DISC 1 - Humble Beginnings (2023-01-03 - 2023-05-17)/092. ZENTA, Ryosuke Horii - 24-hour Cinderella (Neuro.v1).mp3",e2a8845e3b15724c,v1;neuro;,,,1,0,None
234,Moves Like Jagger,None,None,"Maroon 5, Christina Aguilera",None,Neuro [v1],Neuro [v1],2023-05-17,Neuro [v1] 2023-05-17 Karaoke,7,,"songs/unofficialV3/DISC 1 - Humble Beginnings (2023-01-03 - 2023-05-17)/063. Maroon 5, Christina Aguilera - Moves Like Jagger (Neuro.v1).mp3",9ed80d6f8e78adf6,v1;neuro;duplicate;,,,1,0,None
235,Senbonzakura,千本桜,None,KurousaP,黒うさP,Neuro [v1],Neuro [v1],2023-05-17,Neuro [v1] 2023-05-17 Karaoke,8,,songs/unofficialV3/DISC 1 - Humble Beginnings (2023-01-03 - 2023-05-17)/093. KurousaP - Senbonzakura (Neuro.v1).mp3,5d74bdc1590ae61a,v1;neuro;,,,1,0,None
236,The Phoenix,None,None,Fall Out Boy,None,Neuro [v1],Neuro [v1],2023-05-17,Neuro [v1] 2023-05-17 Karaoke,9,,songs/unofficialV3/DISC 1 - Humble Beginnings (2023-01-03 - 2023-05-17)/088. Fall Out Boy - The Phoenix (Neuro.v1).mp3,394fef153d486871,v1;neuro;duplicate;,,,1,0,None
237,Radioactive,None,None,Imagine Dragons,None,Neuro [v1],Neuro [v1],2023-05-17,Neuro [v1] 2023-05-17 Karaoke,10,,songs/unofficialV3/DISC 1 - Humble Beginnings (2023-01-03 - 2023-05-17)/045. Imagine Dragons - Radioactive (Neuro.v1).mp3,11fbc1614048cb18,v1;neuro;duplicate;,,,1,0,None
238,Fluorite Eye's Song,None,None,Kairi Yagi,八木海莉,Neuro [v1],Neuro [v1],2023-05-17,Neuro [v1] 2023-05-17 Karaoke,11,,songs/unofficialV3/DISC 1 - Humble Beginnings (2023-01-03 - 2023-05-17)/094. Kairi Yagi - Fluorite Eye's Song (Neuro.v1).mp3,ef4f7c53da71a3b4,v1;neuro;,,,1,0,None
239,Shelter,None,None,"Porter Robinson, Madeon",None,Neuro [v1],Neuro [v1],2023-05-17,Neuro [v1] 2023-05-17 Karaoke,12,,"songs/unofficialV3/DISC 1 - Humble Beginnings (2023-01-03 - 2023-05-17)/020. Porter Robinson, Madeon - Shelter (Neuro.v1).mp3",6943c9934589e39f,v1;neuro;duplicate;,,,1,0,None
240,Luka Luka★Night Fever,ルカルカ★ナイトフィーバー,None,Samfree,None,Neuro [v1],Neuro [v1],2023-05-17,Neuro [v1] 2023-05-17 Karaoke,13,,songs/unofficialV3/DISC 1 - Humble Beginnings (2023-01-03 - 2023-05-17)/051. Samfree - Luka Luka★Night Fever (Neuro.v1).mp3,ee2128b187809c61,v1;neuro;duplicate;,,,1,0,None
241,Legends Never Die,None,None,Against the Current,None,Neuro [v1],Neuro [v1],2023-05-17,Neuro [v1] 2023-05-17 Karaoke,14,,songs/unofficialV3/DISC 1 - Humble Beginnings (2023-01-03 - 2023-05-17)/085. Against the Current - Legends Never Die (Neuro.v1).mp3,dab80a01467621ed,v1;neuro;duplicate;,,,1,0,None
242,Electric Angel,えれくとりっく・えんじぇぅ,None,Yasuo-P,ヤスオP,Neuro [v1],Neuro [v1],2023-05-17,Neuro [v1] 2023-05-17 Karaoke,15,,songs/unofficialV3/DISC 1 - Humble Beginnings (2023-01-03 - 2023-05-17)/095. Yasuo-P - Electric Angel (Neuro.v1).mp3,2297dd6dff4d4388,v1;neuro;,,,1,0,None
243,Lagtrain,ラグトレイン,None,inabakumori,稲葉曇,Neuro [v1],Neuro [v1],2023-05-17,Neuro [v1] 2023-05-17 Karaoke,16,,songs/unofficialV3/DISC 1 - Humble Beginnings (2023-01-03 - 2023-05-17)/074. inabakumori - Lagtrain (Neuro.v1).mp3,f5308dee944b1534,v1;neuro;duplicate;,,,1,0,None
244,"Hello, World",None,None,Louie Zong,None,Neuro [v1],Neuro [v1],2023-05-17,Neuro [v1] 2023-05-17 Karaoke,17,,"songs/unofficialV3/DISC 1 - Humble Beginnings (2023-01-03 - 2023-05-17)/096. Louie Zong - Hello, World (Neuro.v1).mp3",88b9d4f113fc5a35,v1;neuro;,,,1,0,None
245,A Thousand Years,None,None,Christina Perri,None,Neuro [v1],Neuro [v1],2023-05-17,Neuro [v1] 2023-05-17 Karaoke,18,,songs/unofficialV3/DISC 1 - Humble Beginnings (2023-01-03 - 2023-05-17)/075. Christina Perri - A Thousand Years (Neuro.v1).mp3,e2af53a9a56b9c17,v1;neuro;duplicate;,,,1,0,None
246,Behind Blue Eyes,None,None,Limp Bizkit,None,Neuro [v1],Neuro [v1],2023-05-17,Neuro [v1] 2023-05-17 Karaoke,19,,songs/unofficialV3/DISC 1 - Humble Beginnings (2023-01-03 - 2023-05-17)/062. Limp Bizkit - Behind Blue Eyes (Neuro.v1).mp3,4f2aab4e8afc16e2,v1;neuro;duplicate;,,,1,0,None
247,God-ish,神っぽいな,None,"DECO*27, PinocchioP","DECO*27, ピノキオピー",Neuro [v1],Neuro [v1],2023-05-17,Neuro [v1] 2023-05-17 Karaoke,20,,"songs/unofficialV3/DISC 1 - Humble Beginnings (2023-01-03 - 2023-05-17)/029. DECO_27, PinocchioP - God-ish (Neuro.v1).mp3",786296d6b9f69242,v1;neuro;duplicate;,,,1,0,None
248,golden hour,None,None,JVKE,None,Neuro [v1],Neuro [v1],2023-05-17,Neuro [v1] 2023-05-17 Karaoke,21,,songs/unofficialV3/DISC 1 - Humble Beginnings (2023-01-03 - 2023-05-17)/097. JVKE - golden hour (Neuro.v1).mp3,c441d503e033707c,v1;neuro;,,,1,0,None
249,oddloop,オドループ,None,Frederic,フレデリック,Neuro [v1],Neuro [v1],2023-05-17,Neuro [v1] 2023-05-17 Karaoke,22,,songs/unofficialV3/DISC 1 - Humble Beginnings (2023-01-03 - 2023-05-17)/010. Frederic - oddloop (Neuro.v1).mp3,eab8191a71ae6ecb,v1;neuro;duplicate;,,,1,0,None
250,Chandelier,None,None,Sia,None,Neuro [v1],Neuro [v1],2023-05-17,Neuro [v1] 2023-05-17 Karaoke,23,,songs/unofficialV3/DISC 1 - Humble Beginnings (2023-01-03 - 2023-05-17)/098. Sia - Chandelier (Neuro.v1).mp3,926dd3b8ba18717b,v1;neuro;,,,1,0,None
251,Seishun Complex,青春コンプレックス,None,kessoku band,結束バンド,Neuro [v2] & Annytf,Neuro [v2],2023-05-27,Neuro v2 Model Debut Stream,1,Neuro Anny,songs/unofficialV3/DISC 2 - A Small Upgrade (2023-05-27 - 2023-06-21)/001. kessoku band - Seishun Complex (Duet.v1) (Neuro & Annytf).mp3,a6c23de566741bea,v2;neuro;collab;,,,1,1,None
252,Blinding Lights,None,None,The Weeknd,None,Neuro [v2],Neuro [v2],2023-05-27,Neuro v2 Model Debut Stream,2,,songs/unofficialV3/DISC 2 - A Small Upgrade (2023-05-27 - 2023-06-21)/002. The Weeknd - Blinding Lights (Neuro.v2).mp3,8ce949136c4de8fc,v2;neuro;,,,2,0,None
253,world.execute(me);,None,None,Mili,None,Neuro [v2],Neuro [v2],2023-05-27,Neuro v2 Model Debut Stream,3,,songs/unofficialV3/DISC 2 - A Small Upgrade (2023-05-27 - 2023-06-21)/003. Mili - world.execute(me); (Neuro.v2).mp3,4efd81a8d43aa375,v2;neuro;,,,2,0,None
254,Kyoufuu All Back (Hair Swept Back By Gale-Force Winds),強風オールバック,None,Yukopi,None,Neuro [v2],Neuro [v2],2023-05-27,Neuro v2 Model Debut Stream,4,,songs/unofficialV3/DISC 2 - A Small Upgrade (2023-05-27 - 2023-06-21)/004. Yukopi - Kyoufuu All Back (Hair Swept Back By Gale-Force Winds) (Neuro.v2).mp3,11aeb4721d903162,v2;neuro;,,,2,0,None
255,bad guy,None,None,Billie Eilish,None,Neuro [v2],Neuro [v2],2023-05-31,Neuro [v2] 2023-05-31 Karaoke,1,,songs/unofficialV3/DISC 2 - A Small Upgrade (2023-05-27 - 2023-06-21)/005. Billie Eilish - bad guy (Neuro.v2).mp3,c06505f6d5350eaf,v2;neuro;,,,2,0,None
256,Witch Doctor,None,None,"Cartoons, David Seville",None,Neuro [v2],Neuro [v2],2023-05-31,Neuro [v2] 2023-05-31 Karaoke,2,,"songs/unofficialV3/DISC 2 - A Small Upgrade (2023-05-27 - 2023-06-21)/006. Cartoons, David Seville - Witch Doctor (Neuro.v2).mp3",33a616938ed82dfe,v2;neuro;,,,2,0,None
257,oddloop,オドループ,None,Frederic,フレデリック,Neuro [v2],Neuro [v2],2023-05-31,Neuro [v2] 2023-05-31 Karaoke,3,,songs/unofficialV3/DISC 2 - A Small Upgrade (2023-05-27 - 2023-06-21)/007. Frederic - oddloop (Neuro.v2).mp3,b93fdcdeae4b7f85,v2;neuro;,,,2,0,None
258,God-ish,神っぽいな,None,"DECO*27, PinocchioP","DECO*27, ピノキオピー",Neuro [v2],Neuro [v2],2023-05-31,Neuro [v2] 2023-05-31 Karaoke,4,,"songs/unofficialV3/DISC 2 - A Small Upgrade (2023-05-27 - 2023-06-21)/008. DECO_27, PinocchioP - God-ish (Neuro.v2).mp3",4bad432fdf2bd1dd,v2;neuro;,,,2,0,None
259,PERFECT MACHINE,None,None,Starset,None,Neuro [v2],Neuro [v2],2023-05-31,Neuro [v2] 2023-05-31 Karaoke,5,,songs/unofficialV3/DISC 2 - A Small Upgrade (2023-05-27 - 2023-06-21)/009. Starset - PERFECT MACHINE (Neuro.v2).mp3,d9691d154555b97f,v2;neuro;,,,2,0,None
260,Idol,アイドル,None,YOASOBI,None,Neuro [v2],Neuro [v2],2023-05-31,Neuro [v2] 2023-05-31 Karaoke,6,,songs/unofficialV3/DISC 2 - A Small Upgrade (2023-05-27 - 2023-06-21)/010. YOASOBI - Idol (Neuro.v2).mp3,b441c0c9b2be18c2,v2;neuro;,,,2,0,None
261,Call Me Maybe,None,None,Carly Rae Jepsen,None,Neuro [v2],Neuro [v2],2023-05-31,Neuro [v2] 2023-05-31 Karaoke,7,,songs/unofficialV3/DISC 2 - A Small Upgrade (2023-05-27 - 2023-06-21)/011. Carly Rae Jepsen - Call Me Maybe (Neuro.v2).mp3,c7b737347fca7d5c,v2;neuro;,,,2,0,None
262,The Wolf,None,None,SIAMÉS,None,Neuro [v2],Neuro [v2],2023-05-31,Neuro [v2] 2023-05-31 Karaoke,8,,songs/unofficialV3/DISC 2 - A Small Upgrade (2023-05-27 - 2023-06-21)/012. SIAMÉS - The Wolf (Neuro.v2).mp3,4496033ce4f8d177,v2;neuro;,,,2,0,None
263,KARMANATIONS,None,None,Akatsuki Records,暁Records,Neuro [v2],Neuro [v2],2023-05-31,Neuro [v2] 2023-05-31 Karaoke,9,,songs/unofficialV3/DISC 2 - A Small Upgrade (2023-05-27 - 2023-06-21)/013. Akatsuki Records - KARMANATIONS (Neuro.v2).mp3,f5ff27a2fcbeb9e7,v2;neuro;,,,2,0,None
264,my time,None,None,bo en,None,Neuro [v2],Neuro [v2],2023-05-31,Neuro [v2] 2023-05-31 Karaoke,10,,songs/unofficialV3/DISC 2 - A Small Upgrade (2023-05-27 - 2023-06-21)/014. bo en - my time (Neuro.v2).mp3,49713fafaa4f60f5,v2;neuro;,,,2,0,None
265,"Take Me Home, Country Roads",None,None,John Denver,None,Neuro [v2],Neuro [v2],2023-05-31,Neuro [v2] 2023-05-31 Karaoke,11,,"songs/unofficialV3/DISC 2 - A Small Upgrade (2023-05-27 - 2023-06-21)/015. John Denver - Take Me Home, Country Roads (Neuro.v2).mp3",53945d991e836224,v2;neuro;,,,2,0,None
266,phony,フォニイ,None,Tsumiki,ツミキ,Neuro [v2],Neuro [v2],2023-05-31,Neuro [v2] 2023-05-31 Karaoke,12,,songs/unofficialV3/DISC 2 - A Small Upgrade (2023-05-27 - 2023-06-21)/016. Tsumiki - phony (Neuro.v2).mp3,a103cb9cc81f82e3,v2;neuro;,,,2,0,None
267,Pompeii,None,None,Bastille,None,Neuro [v2],Neuro [v2],2023-05-31,Neuro [v2] 2023-05-31 Karaoke,13,,songs/unofficialV3/DISC 2 - A Small Upgrade (2023-05-27 - 2023-06-21)/017. Bastille - Pompeii (Neuro.v2).mp3,eeec8b622fc7c2c2,v2;neuro;,,,2,0,None
268,chikichikibanban,チキチキバンバン,None,QUEENDOM,None,Neuro [v2],Neuro [v2],2023-05-31,Neuro [v2] 2023-05-31 Karaoke,14,,songs/unofficialV3/DISC 2 - A Small Upgrade (2023-05-27 - 2023-06-21)/018. QUEENDOM - chikichikibanban (Neuro.v2).mp3,ae825470dd085cfc,v2;neuro;,,,2,0,None
269,Blinding Lights,None,None,The Weeknd,None,Neuro [v2],Neuro [v2],2023-05-31,Neuro [v2] 2023-05-31 Karaoke,15,,songs/unofficialV3/DISC 2 - A Small Upgrade (2023-05-27 - 2023-06-21)/002. The Weeknd - Blinding Lights (Neuro.v2).mp3,8ce949136c4de8fc,v2;neuro;duplicate;,,,2,0,None
270,All the Things She Said,None,None,t.A.T.u.,None,Neuro [v2],Neuro [v2],2023-05-31,Neuro [v2] 2023-05-31 Karaoke,16,,songs/unofficialV3/DISC 2 - A Small Upgrade (2023-05-27 - 2023-06-21)/019. t.A.T.u. - All the Things She Said (Neuro.v2).mp3,fb7e67eb5df7e478,v2;neuro;,,,2,0,None
271,Toxic,None,None,Britney Spears,None,Neuro [v2],Neuro [v2],2023-05-31,Neuro [v2] 2023-05-31 Karaoke,17,,songs/unofficialV3/DISC 2 - A Small Upgrade (2023-05-27 - 2023-06-21)/020. Britney Spears - Toxic (Neuro.v2).mp3,e06fde556b62a25d,v2;neuro;,,,2,0,None
272,Baka Mitai,ばかみたい,【Taxi Driver Edition】,"Kazuma Kiryu (Takaya Kuroda), Mitsuharu Fukuyama, Ryosuke Horii","桐生一馬 (黒田崇矢), 福山光晴, 堀井亮佑",Neuro [v2],Neuro [v2],2023-05-31,Neuro [v2] 2023-05-31 Karaoke,18,,"songs/unofficialV3/DISC 2 - A Small Upgrade (2023-05-27 - 2023-06-21)/021. Kazuma Kiryu (Takaya Kuroda), Mitsuharu Fukuyama, Ryosuke Horii - Baka Mitai (【Taxi Driver Edition】) (Neuro.v2).mp3",71b67c9a7dad6698,v2;neuro;,,,2,0,None
273,Cupid,None,None,FIFTY FIFTY,None,Neuro [v2],Neuro [v2],2023-05-31,Neuro [v2] 2023-05-31 Karaoke,19,,songs/unofficialV3/DISC 2 - A Small Upgrade (2023-05-27 - 2023-06-21)/022. FIFTY FIFTY - Cupid (Neuro.v2).mp3,577e4081e8b8b4b3,v2;neuro;,,,2,0,None
274,Super Nuko World,すーぱーぬこわーるど,None,Mafumafu,まふまふ,Neuro [v2],Neuro [v2],2023-05-31,Neuro [v2] 2023-05-31 Karaoke,20,,songs/unofficialV3/DISC 2 - A Small Upgrade (2023-05-27 - 2023-06-21)/023. Mafumafu - Super Nuko World (Neuro.v2).mp3,fa6868868cae38aa,v2;neuro;,,,2,0,None
275,Usseewa,うっせぇわ,None,Ado,None,Neuro [v2],Neuro [v2],2023-05-31,Neuro [v2] 2023-05-31 Karaoke,21,,songs/unofficialV3/DISC 2 - A Small Upgrade (2023-05-27 - 2023-06-21)/024. Ado - Usseewa (Neuro.v2).mp3,58d87d25776ffb18,v2;neuro;,,,2,0,None
276,A Thousand Years,None,None,Christina Perri,None,Neuro [v2],Neuro [v2],2023-05-31,Neuro [v2] 2023-05-31 Karaoke,22,,songs/unofficialV3/DISC 2 - A Small Upgrade (2023-05-27 - 2023-06-21)/025. Christina Perri - A Thousand Years (Neuro.v2).mp3,5f4ed45168848f38,v2;neuro;,,,2,0,None
277,Numbers II,None,None,Study-sama,None,Study-sama,Study-sama,2023-06-02,Neuro-sama ARG,6,study,songs/unofficialV3/Extra Content/DISC 66 - ARG/06. Numbers II.mp3,eed83479c9ab0673,arg;,,,66,1,
278,"Guitar, Loneliness and Blue Planet",ギターと孤独と蒼い惑星,None,kessoku band,結束バンド,Neuro [v2],Neuro [v2],2023-06-08,Neuro [v2] 2023-06-08 Karaoke,1,,"songs/unofficialV3/DISC 2 - A Small Upgrade (2023-05-27 - 2023-06-21)/026. kessoku band - Guitar, Loneliness and Blue Planet (Neuro.v2).mp3",00dd19de69928390,v2;neuro;,,,2,0,None
279,Believer,None,None,Imagine Dragons,None,Neuro [v2],Neuro [v2],2023-06-08,Neuro [v2] 2023-06-08 Karaoke,2,,songs/unofficialV3/DISC 2 - A Small Upgrade (2023-05-27 - 2023-06-21)/027. Imagine Dragons - Believer (Neuro.v2).mp3,71f6eb0a6eb33a5e,v2;neuro;,,,2,0,None
280,Fushigi Purupuru Pururin Rin!,ふしぎ・プルプル・プルリン・リン!,None,Rumi Shishido,宍戸留美,Neuro [v2],Neuro [v2],2023-06-08,Neuro [v2] 2023-06-08 Karaoke,3,,songs/unofficialV3/DISC 2 - A Small Upgrade (2023-05-27 - 2023-06-21)/028. Rumi Shishido - Fushigi Purupuru Pururin Rin! (Neuro.v2).mp3,6af6b03058088fb4,v2;neuro;,,,2,0,None
281,Airplanes,None,None,"B.o.B, Hayley Williams",None,Neuro [v2],Neuro [v2],2023-06-08,Neuro [v2] 2023-06-08 Karaoke,4,,"songs/unofficialV3/DISC 2 - A Small Upgrade (2023-05-27 - 2023-06-21)/029. B.o.B, Hayley Williams - Airplanes (Neuro.v2).mp3",a0cc53056ae5acbe,v2;neuro;,,,2,0,None
282,I Kissed a Girl,None,None,Katy Perry,None,Neuro [v2],Neuro [v2],2023-06-08,Neuro [v2] 2023-06-08 Karaoke,5,,songs/unofficialV3/DISC 2 - A Small Upgrade (2023-05-27 - 2023-06-21)/030. Katy Perry - I Kissed a Girl (Neuro.v2).mp3,52ffcb09d90dd3e0,v2;neuro;,,,2,0,None
283,Fireflies,None,None,Owl City,None,Neuro [v2],Neuro [v2],2023-06-08,Neuro [v2] 2023-06-08 Karaoke,6,,songs/unofficialV3/DISC 2 - A Small Upgrade (2023-05-27 - 2023-06-21)/031. Owl City - Fireflies (Neuro.v2).mp3,0e3ecc258ed16317,v2;neuro;,,,2,0,None
284,Ocean Man,None,None,Ween,None,Neuro [v2],Neuro [v2],2023-06-08,Neuro [v2] 2023-06-08 Karaoke,7,,songs/unofficialV3/DISC 2 - A Small Upgrade (2023-05-27 - 2023-06-21)/032. Ween - Ocean Man (Neuro.v2).mp3,87e53046597c6ab3,v2;neuro;,,,2,0,None
285,The Kill,None,None,Thirty Seconds to Mars,None,Neuro [v2],Neuro [v2],2023-06-08,Neuro [v2] 2023-06-08 Karaoke,8,,songs/unofficialV3/DISC 2 - A Small Upgrade (2023-05-27 - 2023-06-21)/033. Thirty Seconds to Mars - The Kill (Neuro.v2).mp3,7c96b2cc61da89d7,v2;neuro;,,,2,0,None
286,Can You Feel My Heart,None,None,Bring Me the Horizon,None,Neuro [v2],Neuro [v2],2023-06-08,Neuro [v2] 2023-06-08 Karaoke,9,,songs/unofficialV3/DISC 2 - A Small Upgrade (2023-05-27 - 2023-06-21)/034. Bring Me the Horizon - Can You Feel My Heart (Neuro.v2).mp3,35cbf32b00474918,v2;neuro;,,,2,0,None
287,Luka Luka★Night Fever,ルカルカ★ナイトフィーバー,None,Samfree,None,Neuro [v2],Neuro [v2],2023-06-08,Neuro [v2] 2023-06-08 Karaoke,10,,songs/unofficialV3/DISC 2 - A Small Upgrade (2023-05-27 - 2023-06-21)/035. Samfree - Luka Luka★Night Fever (Neuro.v2).mp3,c43cb64e21f93801,v2;neuro;,,,2,0,None
288,Enemy,None,None,"Imagine Dragons, JID",None,Neuro [v2],Neuro [v2],2023-06-08,Neuro [v2] 2023-06-08 Karaoke,11,,"songs/unofficialV3/DISC 2 - A Small Upgrade (2023-05-27 - 2023-06-21)/036. Imagine Dragons, JID - Enemy (Neuro.v2).mp3",a2ea053522b1f49b,v2;neuro;,,,2,0,None
289,Fluorite Eye's Song,None,None,Kairi Yagi,八木海莉,Neuro [v2],Neuro [v2],2023-06-08,Neuro [v2] 2023-06-08 Karaoke,12,,songs/unofficialV3/DISC 2 - A Small Upgrade (2023-05-27 - 2023-06-21)/037. Kairi Yagi - Fluorite Eye's Song (Neuro.v2).mp3,33b257b187370e1e,v2;neuro;,,,2,0,None
290,Gee,None,JP ver.,Girls' Generation,None,Neuro [v2],Neuro [v2],2023-06-08,Neuro [v2] 2023-06-08 Karaoke,13,,songs/unofficialV3/DISC 2 - A Small Upgrade (2023-05-27 - 2023-06-21)/038. Girls' Generation - Gee (JP ver.) (Neuro.v2).mp3,e109b7257be71554,v2;neuro;,,,2,0,None
291,Ai Kotoba,愛言葉,None,DECO*27,None,Neuro [v2],Neuro [v2],2023-06-08,Neuro [v2] 2023-06-08 Karaoke,14,,songs/unofficialV3/DISC 2 - A Small Upgrade (2023-05-27 - 2023-06-21)/039. DECO_27 - Ai Kotoba (Neuro.v2).mp3,32462ff59d9f1844,v2;neuro;,,,2,0,None
292,Revenge,None,None,"TryHardNinja, CaptainSparklez",None,Neuro [v2],Neuro [v2],2023-06-08,Neuro [v2] 2023-06-08 Karaoke,15,,"songs/unofficialV3/DISC 2 - A Small Upgrade (2023-05-27 - 2023-06-21)/040. TryHardNinja, CaptainSparklez - Revenge (Neuro.v2).mp3",52c2583ca3fee59a,v2;neuro;,,,2,0,None
293,KING,None,None,Kanaria,None,Neuro [v2],Neuro [v2],2023-06-08,Neuro [v2] 2023-06-08 Karaoke,16,,songs/unofficialV3/DISC 2 - A Small Upgrade (2023-05-27 - 2023-06-21)/041. Kanaria - KING (Neuro.v2).mp3,37874749e0d4bd48,v2;neuro;,,,2,0,None
294,Lagtrain,ラグトレイン,None,inabakumori,稲葉曇,Neuro [v2],Neuro [v2],2023-06-08,Neuro [v2] 2023-06-08 Karaoke,17,,songs/unofficialV3/DISC 2 - A Small Upgrade (2023-05-27 - 2023-06-21)/042. inabakumori - Lagtrain (Neuro.v2).mp3,13672cbfe6b16a83,v2;neuro;,,,2,0,None
295,I Am Machine,None,None,Three Days Grace,None,Neuro [v2],Neuro [v2],2023-06-08,Neuro [v2] 2023-06-08 Karaoke,18,,songs/unofficialV3/DISC 2 - A Small Upgrade (2023-05-27 - 2023-06-21)/043. Three Days Grace - I Am Machine (Neuro.v2).mp3,5f1f77c028229a72,v2;neuro;,,,2,0,None
296,Mozaik Role,モザイクロール,Reloaded,DECO*27,None,Neuro [v2],Neuro [v2],2023-06-08,Neuro [v2] 2023-06-08 Karaoke,19,,songs/unofficialV3/DISC 2 - A Small Upgrade (2023-05-27 - 2023-06-21)/044. DECO_27 - Mozaik Role (Reloaded) (Neuro.v2).mp3,d078956349ddb6ca,v2;neuro;,,,2,0,None
297,Numb,None,None,Linkin Park,None,Neuro [v2],Neuro [v2],2023-06-08,Neuro [v2] 2023-06-08 Karaoke,20,,songs/unofficialV3/DISC 2 - A Small Upgrade (2023-05-27 - 2023-06-21)/045. Linkin Park - Numb (Neuro.v2).mp3,5e57d48aaa1755fe,v2;neuro;,,,2,0,None
298,Moves Like Jagger,None,None,"Maroon 5, Christina Aguilera",None,Neuro [v2],Neuro [v2],2023-06-08,Neuro [v2] 2023-06-08 Karaoke,21,,"songs/unofficialV3/DISC 2 - A Small Upgrade (2023-05-27 - 2023-06-21)/046. Maroon 5, Christina Aguilera - Moves Like Jagger (Neuro.v2).mp3",2aca190f0bfa9922,v2;neuro;,,,2,0,None
299,Careless Whisper,None,None,George Michael,None,Neuro [v2],Neuro [v2],2023-06-08,Neuro [v2] 2023-06-08 Karaoke,22,,songs/unofficialV3/DISC 2 - A Small Upgrade (2023-05-27 - 2023-06-21)/047. George Michael - Careless Whisper (Neuro.v2).mp3,88d5d2f91a942037,v2;neuro;,,,2,0,None
300,unravel,None,None,TK from Ling tosite sigure,TK from 凛として時雨,Neuro [v2],Neuro [v2],2023-06-08,Neuro [v2] 2023-06-08 Karaoke,23,,songs/unofficialV3/DISC 2 - A Small Upgrade (2023-05-27 - 2023-06-21)/048. TK from Ling tosite sigure - unravel (Neuro.v2).mp3,cd7c98734f13e031,v2;neuro;,,,2,0,None
301,Let You Down,None,None,Dawid Podsiadło,None,Neuro [v2],Neuro [v2],2023-06-08,Neuro [v2] 2023-06-08 Karaoke,24,,songs/unofficialV3/DISC 2 - A Small Upgrade (2023-05-27 - 2023-06-21)/049. Dawid Podsiadło - Let You Down (Neuro.v2).mp3,fab8e05d41493bfc,v2;neuro;,,,2,0,None
302,Goddess,None,None,"Cepheid, Nonon",None,Neuro,Neuro,2023-06-21,Neuro 2023-06-21 Karaoke,1,,"songs/unofficialV3/DISC 3 - The Gold Standard (2023-06-21 - 2023-12-06)/001. Cepheid, Nonon - Goddess (Neuro.v3).mp3",fa9d3ef185986ce2,v3;neuro;,,,3,0,None
303,world.execute(me);,None,None,Mili,None,Neuro,Neuro,2023-06-21,Neuro 2023-06-21 Karaoke,2,,songs/unofficialV3/DISC 3 - The Gold Standard (2023-06-21 - 2023-12-06)/002. Mili - world.execute(me); (Neuro.v3).mp3,715207a27d1e8ae5,v3;neuro;,,,3,0,None
304,After Dark,None,None,Mr.Kitty,None,Neuro,Neuro,2023-06-21,Neuro 2023-06-21 Karaoke,3,,songs/unofficialV3/DISC 3 - The Gold Standard (2023-06-21 - 2023-12-06)/003. Mr.Kitty - After Dark (Neuro.v3).mp3,4b16aeaf049acd04,v3;neuro;,,,3,0,None
305,Bad Apple!!,None,None,"Alstroemeria Records, nomico",None,Neuro,Neuro,2023-06-21,Neuro 2023-06-21 Karaoke,4,,"songs/unofficialV3/DISC 3 - The Gold Standard (2023-06-21 - 2023-12-06)/004. Alstroemeria Records, nomico - Bad Apple!! (Neuro.v3).mp3",b5278f11cf36df2d,v3;neuro;,,,3,0,None
306,All Star,None,None,Smash Mouth,None,Neuro,Neuro,2023-06-21,Neuro 2023-06-21 Karaoke,5,,songs/unofficialV3/DISC 3 - The Gold Standard (2023-06-21 - 2023-12-06)/005. Smash Mouth - All Star (Neuro.v3).mp3,9f08958ec92ad213,v3;neuro;,,,3,0,None
307,The Phoenix,None,None,Fall Out Boy,None,Neuro,Neuro,2023-06-21,Neuro 2023-06-21 Karaoke,6,,songs/unofficialV3/DISC 3 - The Gold Standard (2023-06-21 - 2023-12-06)/006. Fall Out Boy - The Phoenix (Neuro.v3).mp3,01620e63921b0caa,v3;neuro;,,,3,0,None
308,I Really Want to Stay at Your House,None,None,"Rosa Walton, Hallie Coggins",None,Neuro,Neuro,2023-06-21,Neuro 2023-06-21 Karaoke,7,,"songs/unofficialV3/DISC 3 - The Gold Standard (2023-06-21 - 2023-12-06)/007. Rosa Walton, Hallie Coggins - I Really Want to Stay at Your House (Neuro.v3).mp3",658143915b77ae2d,v3;neuro;,,,3,0,None
309,Digital Girl,None,None,KIRA,None,Neuro,Neuro,2023-06-21,Neuro 2023-06-21 Karaoke,8,,songs/unofficialV3/DISC 3 - The Gold Standard (2023-06-21 - 2023-12-06)/008. KIRA - Digital Girl (Neuro.v3).mp3,a09426db8bf02159,v3;neuro;,,,3,0,None
310,Discord,None,None,The Living Tombstone,None,Neuro,Neuro,2023-06-21,Neuro 2023-06-21 Karaoke,9,,songs/unofficialV3/DISC 3 - The Gold Standard (2023-06-21 - 2023-12-06)/009. The Living Tombstone - Discord (Neuro.v3).mp3,7276ebb4aea60098,v3;neuro;,,,3,0,None
311,Eye of the Tiger,None,None,Survivor,None,Neuro,Neuro,2023-06-21,Neuro 2023-06-21 Karaoke,10,,songs/unofficialV3/DISC 3 - The Gold Standard (2023-06-21 - 2023-12-06)/010. Survivor - Eye of the Tiger (Neuro.v3).mp3,0dfca77cbe662933,v3;neuro;,,,3,0,None
312,Human,None,None,Rag'n'Bone Man,None,Neuro,Neuro,2023-06-21,Neuro 2023-06-21 Karaoke,11,,songs/unofficialV3/DISC 3 - The Gold Standard (2023-06-21 - 2023-12-06)/011. Rag'n'Bone Man - Human (Neuro.v3).mp3,b9a34d4244dbb0bc,v3;neuro;,,,3,0,None
313,Mischievous Function (Fukkireta),おちゃめ機能 (吹っ切れた),None,LamazeP,ラマーズP,Neuro,Neuro,2023-06-21,Neuro 2023-06-21 Karaoke,12,,songs/unofficialV3/DISC 3 - The Gold Standard (2023-06-21 - 2023-12-06)/012. LamazeP - Mischievous Function (Fukkireta) (Neuro.v3).mp3,01092966955d7d61,v3;neuro;,,,3,0,None
314,Ocean Man,None,None,Ween,None,Neuro,Neuro,2023-06-21,Neuro 2023-06-21 Karaoke,13,,songs/unofficialV3/DISC 3 - The Gold Standard (2023-06-21 - 2023-12-06)/013. Ween - Ocean Man (Neuro.v3).mp3,afc3f0cb9aefe9f4,v3;neuro;,,,3,0,None
315,Radioactive,None,None,Imagine Dragons,None,Neuro,Neuro,2023-06-21,Neuro 2023-06-21 Karaoke,14,,songs/unofficialV3/DISC 3 - The Gold Standard (2023-06-21 - 2023-12-06)/014. Imagine Dragons - Radioactive (Neuro.v3).mp3,8affebf09be1497d,v3;neuro;,,,3,0,None
316,24-hour Cinderella,24時間シンデレラ,None,"ZENTA, Ryosuke Horii",None,Neuro,Neuro,2023-06-21,Neuro 2023-06-21 Karaoke,15,,"songs/unofficialV3/DISC 3 - The Gold Standard (2023-06-21 - 2023-12-06)/015. ZENTA, Ryosuke Horii - 24-hour Cinderella (Neuro.v3).mp3",cf4bb3097b2b398c,v3;neuro;,,,3,0,None
317,Snow halation,None,None,μ's,None,Neuro,Neuro,2023-06-21,Neuro 2023-06-21 Karaoke,16,,songs/unofficialV3/DISC 3 - The Gold Standard (2023-06-21 - 2023-12-06)/016. μ's - Snow halation (Neuro.v3).mp3,1e7326170d0b5fb8,v3;neuro;christmas;,,,3,0,None
318,Teo,テオ,None,Omoi,None,Neuro,Neuro,2023-06-21,Neuro 2023-06-21 Karaoke,17,,songs/unofficialV3/DISC 3 - The Gold Standard (2023-06-21 - 2023-12-06)/017. Omoi - Teo (Neuro.v3).mp3,684bc83575f4f926,v3;neuro;,,,3,0,None
319,Dreamin Chuchu,どりーみんチュチュ,None,emon(Tes.),None,Neuro,Neuro,2023-06-21,Neuro 2023-06-21 Karaoke,18,,songs/unofficialV3/DISC 3 - The Gold Standard (2023-06-21 - 2023-12-06)/018. emon(Tes.) - Dreamin Chuchu (Neuro.v3).mp3,477b242a7ede9ea0,v3;neuro;,,,3,0,None
320,The Disappearance of Hatsune Miku,初音ミクの消失,None,cosMo,暴走P,Neuro,Neuro,2023-06-21,Neuro 2023-06-21 Karaoke,19,,songs/unofficialV3/DISC 3 - The Gold Standard (2023-06-21 - 2023-12-06)/019. cosMo - The Disappearance of Hatsune Miku (Neuro.v3).mp3,03c0177a78b84f81,v3;neuro;,,,3,0,None
321,Venom,ベノム,None,Kairiki Bear,かいりきベア,Neuro,Neuro,2023-06-21,Neuro 2023-06-21 Karaoke,20,,songs/unofficialV3/DISC 3 - The Gold Standard (2023-06-21 - 2023-12-06)/020. Kairiki Bear - Venom (Neuro.v3).mp3,11331a13a01c67f7,v3;neuro;,,,3,0,None
322,World is Mine,ワールドイズマイン,None,supercell,None,Neuro,Neuro,2023-06-21,Neuro 2023-06-21 Karaoke,21,,songs/unofficialV3/DISC 3 - The Gold Standard (2023-06-21 - 2023-12-06)/021. supercell - World is Mine (Neuro.v3).mp3,a8878488d5c73d65,v3;neuro;,,,3,0,None
323,Bury the Light,None,None,"Casey Edwards, Victor Borba",None,Neuro,Neuro,2023-06-21,Neuro 2023-06-21 Karaoke,22,,"songs/unofficialV3/DISC 3 - The Gold Standard (2023-06-21 - 2023-12-06)/022. Casey Edwards, Victor Borba - Bury the Light (Neuro.v3).mp3",eceb965346e84041,v3;neuro;,,,3,0,None
324,The Sound of Silence,None,None,Disturbed,None,Neuro,Neuro,2023-06-21,Neuro 2023-06-21 Karaoke,23,,songs/unofficialV3/DISC 3 - The Gold Standard (2023-06-21 - 2023-12-06)/023. Disturbed - The Sound of Silence (Neuro.v3).mp3,1e281c58ca34ff26,v3;neuro;,,,3,0,None
325,Goddess,None,None,"Cepheid, Nonon",None,Neuro,Neuro,2023-06-21,Neuro 2023-06-21 Karaoke,24,,"songs/unofficialV3/DISC 3 - The Gold Standard (2023-06-21 - 2023-12-06)/001. Cepheid, Nonon - Goddess (Neuro.v3).mp3",fa9d3ef185986ce2,v3;neuro;duplicate;encore;,,,3,0,None
326,Goddess,None,None,"Cepheid, Nonon",None,Neuro [v2],Neuro [v2],2023-06-21,Unused Covers,1,,"songs/unofficialV3/DISC 2 - A Small Upgrade (2023-05-27 - 2023-06-21)/050. Cepheid, Nonon - Goddess (Neuro.v2).mp3",ef2d102634eddbca,v2;neuro;unused;,,,2,0,NN EXCLUSIVE!!!1!
327,Public Static Void,None,None,Study-sama,None,Study-sama,Study-sama,2023-06-22,Neuro-sama ARG,7,study,songs/unofficialV3/Extra Content/DISC 66 - ARG/07. Public Static Void.mp3,7e68f81308e8d8bf,arg;,,,66,1,
328,I See the Light,None,None,"Mandy Moore, Zachary Levi",None,Neuro & Miyune,Neuro,2023-06-22,Stream Covers,1,I see the light,"songs/unofficialV3/DISC 3 - The Gold Standard (2023-06-21 - 2023-12-06)/024. Mandy Moore, Zachary Levi - I See the Light (Duet.v1) (Neuro & Miyune).mp3",9c225276244be3ee,v3;neuro;collab;as_custom;,,,1,1,None
329,Believer,None,None,Imagine Dragons,None,Neuro,Neuro,2023-07-05,Neuro 2023-07-05 Karaoke,1,,songs/unofficialV3/DISC 3 - The Gold Standard (2023-06-21 - 2023-12-06)/025. Imagine Dragons - Believer (Neuro.v3).mp3,d658a6e7c6deea4b,v3;neuro;,,,3,0,None
330,Hero,勇者,None,YOASOBI,None,Neuro,Neuro,2023-07-05,Neuro 2023-07-05 Karaoke,2,,songs/unofficialV3/DISC 3 - The Gold Standard (2023-06-21 - 2023-12-06)/026. YOASOBI - Hero (Neuro.v3).mp3,7180090d22b210d5,v3;neuro;,,,3,0,None
331,Revenge,None,None,"TryHardNinja, CaptainSparklez",None,Neuro,Neuro,2023-07-05,Neuro 2023-07-05 Karaoke,3,Minecraft,"songs/unofficialV3/DISC 3 - The Gold Standard (2023-06-21 - 2023-12-06)/027. TryHardNinja, CaptainSparklez - Revenge (Neuro.v3).mp3",63298ccb6941ff1f,v3;neuro;,,,3,0,None
332,Still Alive,None,None,"Jonathan Coulton, Ellen McLain",None,Neuro,Neuro,2023-07-05,Neuro 2023-07-05 Karaoke,4,,"songs/unofficialV3/DISC 3 - The Gold Standard (2023-06-21 - 2023-12-06)/028. Jonathan Coulton, Ellen McLain - Still Alive (Neuro.v3).mp3",258c37e6fe6cc977,v3;neuro;,,,3,0,None
333,Ikenai Borderline,いけないボーダーライン,None,Walküre,ワルキューレ,Neuro,Neuro,2023-07-05,Neuro 2023-07-05 Karaoke,5,,songs/unofficialV3/DISC 3 - The Gold Standard (2023-06-21 - 2023-12-06)/029. Walküre - Ikenai Borderline (Neuro.v3).mp3,17d49fa691be1e46,v3;neuro;,,,3,0,None
334,Hole-dwelling,あなぐらぐらし,None,Kikuo,きくお,Neuro,Neuro,2023-07-05,Neuro 2023-07-05 Karaoke,6,,songs/unofficialV3/DISC 3 - The Gold Standard (2023-06-21 - 2023-12-06)/030. Kikuo - Hole-dwelling (Neuro.v3).mp3,31a411007f54f021,v3;neuro;,,,3,0,None
335,Your Reality,None,None,"Dan Salvato, Jillian Ashcraft",None,Neuro,Neuro,2023-07-05,Neuro 2023-07-05 Karaoke,7,,"songs/unofficialV3/DISC 3 - The Gold Standard (2023-06-21 - 2023-12-06)/031. Dan Salvato, Jillian Ashcraft - Your Reality (Neuro.v3).mp3",2bd5ef9d45ac8bdf,v3;neuro;,,,3,0,None
336,Usseewa,うっせぇわ,None,Ado,None,Neuro,Neuro,2023-07-05,Neuro 2023-07-05 Karaoke,8,,songs/unofficialV3/DISC 3 - The Gold Standard (2023-06-21 - 2023-12-06)/032. Ado - Usseewa (Neuro.v3).mp3,1d2d447514be34df,v3;neuro;,,,3,0,None
337,Somebody That I Used to Know,None,None,"Gotye, Kimbra",None,Neuro,Neuro,2023-07-05,Neuro 2023-07-05 Karaoke,9,,"songs/unofficialV3/DISC 3 - The Gold Standard (2023-06-21 - 2023-12-06)/033. Gotye, Kimbra - Somebody That I Used to Know (Neuro.v3).mp3",96eec33687eaaba9,v3;neuro;,,,3,0,None
338,I Am Machine,None,None,Three Days Grace,None,Neuro,Neuro,2023-07-05,Neuro 2023-07-05 Karaoke,10,,songs/unofficialV3/DISC 3 - The Gold Standard (2023-06-21 - 2023-12-06)/034. Three Days Grace - I Am Machine (Neuro.v3).mp3,cb61611e70712f3a,v3;neuro;,,,3,0,None
339,Dadadadadadadadadada,打打打打打打打打打打,None,Hige Driver Join. SELEN,None,Neuro,Neuro,2023-07-05,Neuro 2023-07-05 Karaoke,11,,songs/unofficialV3/DISC 3 - The Gold Standard (2023-06-21 - 2023-12-06)/035. Hige Driver Join. SELEN - Dadadadadadadadadada (Neuro.v3).mp3,1927e50e88b111ee,v3;neuro;,,,3,0,None
340,Bitter Choco Decoration,ビターチョコデコレーション,None,syudou,None,Neuro,Neuro,2023-07-05,Neuro 2023-07-05 Karaoke,12,,songs/unofficialV3/DISC 3 - The Gold Standard (2023-06-21 - 2023-12-06)/036. syudou - Bitter Choco Decoration (Neuro.v3).mp3,1e55d3620b471ed8,v3;neuro;,,,3,0,None
341,Welcome to the Black Parade,None,None,My Chemical Romance,None,Neuro,Neuro,2023-07-05,Neuro 2023-07-05 Karaoke,13,,songs/unofficialV3/DISC 3 - The Gold Standard (2023-06-21 - 2023-12-06)/037. My Chemical Romance - Welcome to the Black Parade (Neuro.v3).mp3,6cbca9f005606693,v3;neuro;,,,3,0,None
342,VILLAIN,None,None,K/DA,None,Neuro,Neuro,2023-07-05,Neuro 2023-07-05 Karaoke,14,,songs/unofficialV3/DISC 3 - The Gold Standard (2023-06-21 - 2023-12-06)/038. K slash DA - VILLAIN (Neuro.v3).mp3,21bab691218d9233,v3;neuro;,,,3,0,None
343,Numb,None,None,Linkin Park,None,Neuro,Neuro,2023-07-05,Neuro 2023-07-05 Karaoke,15,,songs/unofficialV3/DISC 3 - The Gold Standard (2023-06-21 - 2023-12-06)/039. Linkin Park - Numb (Neuro.v3).mp3,eb0fbee8cdbc8e8b,v3;neuro;,,,3,0,None
344,Chandelier,None,None,Sia,None,Neuro,Neuro,2023-07-05,Neuro 2023-07-05 Karaoke,16,,songs/unofficialV3/DISC 3 - The Gold Standard (2023-06-21 - 2023-12-06)/040. Sia - Chandelier (Neuro.v3).mp3,9a8cb98933681817,v3;neuro;,,,3,0,None
345,PERFECT MACHINE,None,None,Starset,None,Neuro,Neuro,2023-07-05,Neuro 2023-07-05 Karaoke,17,,songs/unofficialV3/DISC 3 - The Gold Standard (2023-06-21 - 2023-12-06)/041. Starset - PERFECT MACHINE (Neuro.v3).mp3,af3b1e681e1d8535,v3;neuro;,,,3,0,None
346,Idol,アイドル,None,YOASOBI,None,Neuro,Neuro,2023-07-05,Neuro 2023-07-05 Karaoke,18,,songs/unofficialV3/DISC 3 - The Gold Standard (2023-06-21 - 2023-12-06)/042. YOASOBI - Idol (Neuro.v3).mp3,e86f4162642970c5,v3;neuro;,,,3,0,None
347,ICARUS,None,None,Starset,None,Neuro,Neuro,2023-07-05,Neuro 2023-07-05 Karaoke,19,,songs/unofficialV3/DISC 3 - The Gold Standard (2023-06-21 - 2023-12-06)/043. Starset - ICARUS (Neuro.v3).mp3,d1a7c56898ab6c2b,v3;neuro;,,,3,0,None
348,Sad Machine,None,None,Porter Robinson,None,Neuro,Neuro,2023-07-05,Neuro 2023-07-05 Karaoke,20,,songs/unofficialV3/DISC 3 - The Gold Standard (2023-06-21 - 2023-12-06)/044. Porter Robinson - Sad Machine (Neuro.v3).mp3,609560ae94fd5a02,v3;neuro;,,,3,0,None
349,Duvet,None,None,bôa,None,Neuro,Neuro,2023-07-05,Neuro 2023-07-05 Karaoke,21,,songs/unofficialV3/DISC 3 - The Gold Standard (2023-06-21 - 2023-12-06)/045. bôa - Duvet (Neuro.v3).mp3,8814c1b4a141e4c3,v3;neuro;,,,3,0,None
350,Bring Me to Life,None,None,Evanescence,None,Neuro & Evil,Neuro,2023-07-05,Neuro 2023-07-05 Karaoke,22,,songs/unofficialV3/DISC 3 - The Gold Standard (2023-06-21 - 2023-12-06)/046. Evanescence - Bring Me to Life (Duet.v1) (Neuro & Evil).mp3,cfcdac8cc163e047,v3;neuro;duet;,,,1,0,None
351,Great War,None,None,Sabaton,None,Evil,Evil,2023-07-19,Evil 2023-07-19 Karaoke,1,,songs/unofficialV3/DISC 3 - The Gold Standard (2023-06-21 - 2023-12-06)/047. Sabaton - Great War (Evil.v1).mp3,d136feb8bfe36993,v3;evil;,,,1,0,None
352,Aishite Aishite Aishite,愛して愛して愛して,None,Kikuo,きくお,Evil,Evil,2023-07-19,Evil 2023-07-19 Karaoke,2,,songs/unofficialV3/DISC 3 - The Gold Standard (2023-06-21 - 2023-12-06)/048. Kikuo - Aishite Aishite Aishite (Evil.v1).mp3,6f3d72b524d3dd48,v3;evil;,,,1,0,None
353,The Kill,None,None,Thirty Seconds to Mars,None,Evil,Evil,2023-07-19,Evil 2023-07-19 Karaoke,3,,songs/unofficialV3/DISC 3 - The Gold Standard (2023-06-21 - 2023-12-06)/049. Thirty Seconds to Mars - The Kill (Evil.v1).mp3,b0c0628ea35a3265,v3;evil;,,,1,0,None
354,Death of the Law,デスロウ,None,Utsu-P,鬱P,Evil,Evil,2023-07-19,Evil 2023-07-19 Karaoke,4,,songs/unofficialV3/DISC 3 - The Gold Standard (2023-06-21 - 2023-12-06)/050. Utsu-P - Death of the Law (Evil.v1).mp3,2f4231153adcfa55,v3;evil;,,,1,0,None
355,Do It All the Time,None,None,I DONT KNOW HOW BUT THEY FOUND ME,None,Evil,Evil,2023-07-19,Evil 2023-07-19 Karaoke,5,,songs/unofficialV3/DISC 3 - The Gold Standard (2023-06-21 - 2023-12-06)/051. I DONT KNOW HOW BUT THEY FOUND ME - Do It All the Time (Evil.v1).mp3,6a9e2215d448e17d,v3;evil;,,,1,0,None
356,World's End Dancehall,ワールズエンド・ダンスホール,None,wowaka,None,Neuro & Evil,Evil,2023-07-19,Evil 2023-07-19 Karaoke,6,,songs/unofficialV3/DISC 3 - The Gold Standard (2023-06-21 - 2023-12-06)/052. wowaka - World's End Dancehall (Duet.v1) (Neuro & Evil).mp3,685056ee36d13574,v3;evil;duet;,,,1,0,None
357,"You're Gonna Go Far, Kid",None,None,The Offspring,None,Evil,Evil,2023-07-19,Evil 2023-07-19 Karaoke,7,,"songs/unofficialV3/DISC 3 - The Gold Standard (2023-06-21 - 2023-12-06)/053. The Offspring - You're Gonna Go Far, Kid (Evil.v1).mp3",02ff566fe26cdade,v3;evil;,,,1,0,None
358,The Phoenix,None,None,Fall Out Boy,None,Evil,Evil,2023-07-19,Evil 2023-07-19 Karaoke,8,,songs/unofficialV3/DISC 3 - The Gold Standard (2023-06-21 - 2023-12-06)/054. Fall Out Boy - The Phoenix (Evil.v1).mp3,ec4b01c97e9d4a30,v3;evil;,,,1,0,None
359,The Rumbling,None,None,SiM,None,Evil,Evil,2023-07-19,Evil 2023-07-19 Karaoke,9,,songs/unofficialV3/DISC 3 - The Gold Standard (2023-06-21 - 2023-12-06)/055. SiM - The Rumbling (Evil.v1).mp3,ac8e762a32bafd66,v3;evil;,,,1,0,None
360,Crawling,None,None,Linkin Park,None,Evil,Evil,2023-07-19,Evil 2023-07-19 Karaoke,10,,songs/unofficialV3/DISC 3 - The Gold Standard (2023-06-21 - 2023-12-06)/056. Linkin Park - Crawling (Evil.v1).mp3,9cb23935dc158b75,v3;evil;,,,1,0,None
361,Can You Feel My Heart,None,None,Bring Me the Horizon,None,Evil,Evil,2023-07-19,Evil 2023-07-19 Karaoke,11,,songs/unofficialV3/DISC 3 - The Gold Standard (2023-06-21 - 2023-12-06)/057. Bring Me the Horizon - Can You Feel My Heart (Evil.v1).mp3,b2c3977df29aa971,v3;evil;,,,1,0,None
362,Bad Apple!!,None,None,"Alstroemeria Records, nomico",None,Evil,Evil,2023-07-19,Evil 2023-07-19 Karaoke,12,,"songs/unofficialV3/DISC 3 - The Gold Standard (2023-06-21 - 2023-12-06)/058. Alstroemeria Records, nomico - Bad Apple!! (Evil.v1).mp3",268a7ddceb4d9a0c,v3;evil;,,,1,0,None
363,Behind Blue Eyes,None,None,Limp Bizkit,None,Evil,Evil,2023-07-19,Evil 2023-07-19 Karaoke,13,,songs/unofficialV3/DISC 3 - The Gold Standard (2023-06-21 - 2023-12-06)/059. Limp Bizkit - Behind Blue Eyes (Evil.v1).mp3,9a4512cf76495f4e,v3;evil;,,,1,0,None
364,The Pretender,None,None,Foo Fighters,None,Evil,Evil,2023-07-19,Evil 2023-07-19 Karaoke,14,,songs/unofficialV3/DISC 3 - The Gold Standard (2023-06-21 - 2023-12-06)/060. Foo Fighters - The Pretender (Evil.v1).mp3,c5cf63a63c520078,v3;evil;,,,1,0,None
365,Make a Move,None,None,Icon for Hire,None,Evil,Evil,2023-07-19,Evil 2023-07-19 Karaoke,15,,songs/unofficialV3/DISC 3 - The Gold Standard (2023-06-21 - 2023-12-06)/061. Icon for Hire - Make a Move (Evil.v1).mp3,21fca468db716846,v3;evil;,,,1,0,None
366,Monster,None,None,Skillet,None,Evil,Evil,2023-07-19,Evil 2023-07-19 Karaoke,16,,songs/unofficialV3/DISC 3 - The Gold Standard (2023-06-21 - 2023-12-06)/062. Skillet - Monster (Evil.v1).mp3,dc1503dfeacc6224,v3;evil;,,,1,0,None
367,Pain,None,None,Three Days Grace,None,Evil,Evil,2023-07-19,Evil 2023-07-19 Karaoke,17,,songs/unofficialV3/DISC 3 - The Gold Standard (2023-06-21 - 2023-12-06)/063. Three Days Grace - Pain (Evil.v1).mp3,b10769a022c64f54,v3;evil;,,,1,0,None
368,Thnks fr th Mmrs,None,None,Fall Out Boy,None,Evil,Evil,2023-07-19,Evil 2023-07-19 Karaoke,18,,songs/unofficialV3/DISC 3 - The Gold Standard (2023-06-21 - 2023-12-06)/064. Fall Out Boy - Thnks fr th Mmrs (Evil.v1).mp3,aa3b32d607c928a1,v3;evil;,,,1,0,None
369,unravel,None,None,TK from Ling tosite sigure,TK from 凛として時雨,Evil,Evil,2023-07-19,Evil 2023-07-19 Karaoke,19,,songs/unofficialV3/DISC 3 - The Gold Standard (2023-06-21 - 2023-12-06)/065. TK from Ling tosite sigure - unravel (Evil.v1).mp3,b05f6f542feda0c7,v3;evil;,,,1,0,None
370,Uprising,None,None,Muse,None,Evil,Evil,2023-07-19,Evil 2023-07-19 Karaoke,20,,songs/unofficialV3/DISC 3 - The Gold Standard (2023-06-21 - 2023-12-06)/066. Muse - Uprising (Evil.v1).mp3,a781dac781aeb0ea,v3;evil;,,,1,0,None
371,Waiting on the Sky to Change,None,None,"Starset, Breaking Benjamin",None,Neuro & Evil,Evil,2023-07-19,Evil 2023-07-19 Karaoke,21,,"songs/unofficialV3/DISC 3 - The Gold Standard (2023-06-21 - 2023-12-06)/067. Starset, Breaking Benjamin - Waiting on the Sky to Change (Duet.v1) (Neuro & Evil).mp3",47da212aee57cb0c,v3;evil;duet;,,,1,0,None
372,Partners in Crime,None,None,Set It Off,None,Neuro & Evil,Evil,2023-07-19,Evil 2023-07-19 Karaoke,22,,songs/unofficialV3/DISC 3 - The Gold Standard (2023-06-21 - 2023-12-06)/068. Set It Off - Partners in Crime (Duet.v1) (Neuro & Evil).mp3,b9f1f5642f28cfca,v3;evil;duet;,,,1,0,None
373,Wellerman,None,None,Nathan Evans,None,Neuro,Neuro,2023-07-26,Theme Streams,1,Pirate,songs/unofficialV3/DISC 3 - The Gold Standard (2023-06-21 - 2023-12-06)/069. Nathan Evans - Wellerman (Neuro.v3).mp3,7a180dd1417dfdb3,v3;neuro;,,,3,0,None
374,It's Been So Long,None,None,The Living Tombstone,None,Neuro,Neuro,2023-08-01,Unused Covers,2,,songs/unofficialV3/DISC 3 - The Gold Standard (2023-06-21 - 2023-12-06)/070. The Living Tombstone - It's Been So Long (Neuro.v3).mp3,5dfbaf3f686911e4,v3;neuro;unused;,,,3,0,"STOP POSTING ABOUT fnaf.mp3 IM TIRED OF SEEING IT. MY FRIENDS ON GITHUB SEND ME ISSUE TICKETS, ON DISCORD ITS FUCKING ISSUE TICKETS! I was in the Thread, right? and AAAALL OF THE RECENT MESSAGES were just fnaf.mp3. I-I showed my karaoke archive to Pb and t-the tags I opened it and I said 'hey Pb, it only says 2023! HAHA ITS BEEEEN SO LOOOOONG SINCE I LAST HAVE SEEN MY SON LOST TO THIS MONSTER, TO THE MAN BEHIND THE SLAUGHTERR"
375,Lagtrain,ラグトレイン,None,inabakumori,稲葉曇,Neuro,Neuro,2023-08-02,Neuro 2023-08-02 Karaoke,1,,songs/unofficialV3/DISC 3 - The Gold Standard (2023-06-21 - 2023-12-06)/071. inabakumori - Lagtrain (Neuro.v3).mp3,5f1055a4bc6f1aa5,v3;neuro;,,,3,0,None
376,Ikanaide,いかないで,None,Sohta,想太,Neuro,Neuro,2023-08-02,Neuro 2023-08-02 Karaoke,2,,songs/unofficialV3/DISC 3 - The Gold Standard (2023-06-21 - 2023-12-06)/072. Sohta - Ikanaide (Neuro.v3).mp3,c148bad54a431d8d,v3;neuro;,,,3,0,None
377,"Hello, World",None,None,Louie Zong,None,Neuro,Neuro,2023-08-02,Neuro 2023-08-02 Karaoke,3,,"songs/unofficialV3/DISC 3 - The Gold Standard (2023-06-21 - 2023-12-06)/073. Louie Zong - Hello, World (Neuro.v3).mp3",bd50bf200fe9e2bc,v3;neuro;,,,3,0,None
378,Airhead,ガランド,None,Picon,ピコン,Neuro,Neuro,2023-08-02,Neuro 2023-08-02 Karaoke,4,,songs/unofficialV3/DISC 3 - The Gold Standard (2023-06-21 - 2023-12-06)/074. Picon - Airhead (Neuro.v3).mp3,869265b1afc3d286,v3;neuro;,,,3,0,None
379,oddloop,オドループ,None,Frederic,フレデリック,Neuro,Neuro,2023-08-02,Neuro 2023-08-02 Karaoke,5,,songs/unofficialV3/DISC 3 - The Gold Standard (2023-06-21 - 2023-12-06)/075. Frederic - oddloop (Neuro.v3).mp3,47bf0ba7c4e8c540,v3;neuro;,,,3,0,None
380,Cupid,None,None,FIFTY FIFTY,None,Neuro,Neuro,2023-08-02,Neuro 2023-08-02 Karaoke,6,,songs/unofficialV3/DISC 3 - The Gold Standard (2023-06-21 - 2023-12-06)/076. FIFTY FIFTY - Cupid (Neuro.v3).mp3,63a3586755a6e562,v3;neuro;,,,3,0,None
381,Little Dark Age,None,None,MGMT,None,Neuro,Neuro,2023-08-02,Neuro 2023-08-02 Karaoke,7,,songs/unofficialV3/DISC 3 - The Gold Standard (2023-06-21 - 2023-12-06)/077. MGMT - Little Dark Age (Neuro.v3).mp3,6117640844c8a257,v3;neuro;,,,3,0,None
382,Fluorite Eye's Song,None,None,Kairi Yagi,八木海莉,Neuro,Neuro,2023-08-02,Neuro 2023-08-02 Karaoke,8,,songs/unofficialV3/DISC 3 - The Gold Standard (2023-06-21 - 2023-12-06)/078. Kairi Yagi - Fluorite Eye's Song (Neuro.v3).mp3,062485d6096fba3d,v3;neuro;,,,3,0,None
383,BRING IT ON,劣等上等,None,Giga,None,Neuro & Evil,Neuro,2023-08-02,Neuro 2023-08-02 Karaoke,9,,songs/unofficialV3/DISC 3 - The Gold Standard (2023-06-21 - 2023-12-06)/079. Giga - BRING IT ON (Duet.v1) (Neuro & Evil).mp3,5210a4e0f86b97d9,v3;neuro;duet;,,,1,0,None
384,Alien Alien,エイリアンエイリアン,None,NayutalieN,ナユタン星人,Neuro,Neuro,2023-08-02,Neuro 2023-08-02 Karaoke,10,,songs/unofficialV3/DISC 3 - The Gold Standard (2023-06-21 - 2023-12-06)/080. NayutalieN - Alien Alien (Neuro.v3).mp3,76558d1bee1c0da5,v3;neuro;,,,3,0,None
385,Enemy,None,None,"Imagine Dragons, JID",None,Neuro,Neuro,2023-08-02,Neuro 2023-08-02 Karaoke,11,,"songs/unofficialV3/DISC 3 - The Gold Standard (2023-06-21 - 2023-12-06)/081. Imagine Dragons, JID - Enemy (Neuro.v3).mp3",2b9497b0b6223dd0,v3;neuro;,,,3,0,None
386,Careless Whisper,None,None,George Michael,None,Neuro,Neuro,2023-08-02,Neuro 2023-08-02 Karaoke,12,,songs/unofficialV3/DISC 3 - The Gold Standard (2023-06-21 - 2023-12-06)/082. George Michael - Careless Whisper (Neuro.v3).mp3,413d5ad581ac8c71,v3;neuro;,,,3,0,None
387,Fireflies,None,None,Owl City,None,Neuro,Neuro,2023-08-02,Neuro 2023-08-02 Karaoke,13,,songs/unofficialV3/DISC 3 - The Gold Standard (2023-06-21 - 2023-12-06)/083. Owl City - Fireflies (Neuro.v3).mp3,92fcb27aeef46c27,v3;neuro;,,,3,0,None
388,Pompeii,None,None,Bastille,None,Neuro,Neuro,2023-08-02,Neuro 2023-08-02 Karaoke,14,,songs/unofficialV3/DISC 3 - The Gold Standard (2023-06-21 - 2023-12-06)/084. Bastille - Pompeii (Neuro.v3).mp3,513d1bd010845121,v3;neuro;,,,3,0,None
389,Francium,None,None,Nantoka-P,なんとかP,Neuro,Neuro,2023-08-02,Neuro 2023-08-02 Karaoke,15,,songs/unofficialV3/DISC 3 - The Gold Standard (2023-06-21 - 2023-12-06)/085. Nantoka-P - Francium (Neuro.v3).mp3,7706c20010b99677,v3;neuro;,,,3,0,None
390,Matryoshka,マトリョシカ,None,Hachi,ハチ,Neuro & Evil,Neuro,2023-08-02,Neuro 2023-08-02 Karaoke,16,,songs/unofficialV3/DISC 3 - The Gold Standard (2023-06-21 - 2023-12-06)/086. Hachi - Matryoshka (Duet.v1) (Neuro & Evil).mp3,58427fb97b4f660d,v3;neuro;duet;,,,1,0,None
391,Blue (Da Ba Dee),None,None,Eiffel 65,None,Neuro,Neuro,2023-08-02,Neuro 2023-08-02 Karaoke,17,,songs/unofficialV3/DISC 3 - The Gold Standard (2023-06-21 - 2023-12-06)/087. Eiffel 65 - Blue (Da Ba Dee) (Neuro.v3).mp3,8592fe46f2d5523a,v3;neuro;,,,3,0,None
392,Want You Gone,None,None,Jonathan Coulton,None,Neuro,Neuro,2023-08-02,Neuro 2023-08-02 Karaoke,18,,songs/unofficialV3/DISC 3 - The Gold Standard (2023-06-21 - 2023-12-06)/088. Jonathan Coulton - Want You Gone (Neuro.v3).mp3,d85fd9ec4332922f,v3;neuro;,,,3,0,None
393,my time,None,None,bo en,None,Neuro,Neuro,2023-08-02,Neuro 2023-08-02 Karaoke,19,,songs/unofficialV3/DISC 3 - The Gold Standard (2023-06-21 - 2023-12-06)/089. bo en - my time (Neuro.v3).mp3,b3c7e6866faea565,v3;neuro;,,,3,0,None
394,Everything Goes On,None,None,Porter Robinson,None,Neuro,Neuro,2023-08-02,Neuro 2023-08-02 Karaoke,20,,songs/unofficialV3/DISC 3 - The Gold Standard (2023-06-21 - 2023-12-06)/090. Porter Robinson - Everything Goes On (Neuro.v3).mp3,c1bbba3be2d678bf,v3;neuro;,,,3,0,None
395,"*Hello, Planet.",＊ハロー、プラネット。,None,sasakure.UK,None,Neuro,Neuro,2023-08-02,Neuro 2023-08-02 Karaoke,21,,"songs/unofficialV3/DISC 3 - The Gold Standard (2023-06-21 - 2023-12-06)/091. sasakure.UK - _Hello, Planet. (Neuro.v3).mp3",bbb24518120c1b30,v3;neuro;,,,3,0,None
396,Take Me to Church,None,None,Hozier,None,Neuro,Neuro,2023-08-02,Neuro 2023-08-02 Karaoke,22,,songs/unofficialV3/DISC 3 - The Gold Standard (2023-06-21 - 2023-12-06)/092. Hozier - Take Me to Church (Neuro.v3).mp3,8769a610bc3eb2ad,v3;neuro;,,,3,0,None
397,God-ish,神っぽいな,None,"DECO*27, PinocchioP","DECO*27, ピノキオピー",Neuro,Neuro,2023-08-02,Neuro 2023-08-02 Karaoke,23,,"songs/unofficialV3/DISC 3 - The Gold Standard (2023-06-21 - 2023-12-06)/093. DECO_27, PinocchioP - God-ish (Neuro.v3).mp3",5c949e31d8356fb4,v3;neuro;,,,3,0,None
398,A Thousand Years,None,None,Christina Perri,None,Neuro,Neuro,2023-08-02,Neuro 2023-08-02 Karaoke,24,,songs/unofficialV3/DISC 3 - The Gold Standard (2023-06-21 - 2023-12-06)/094. Christina Perri - A Thousand Years (Neuro.v3).mp3,1e5dde89b59f0c64,v3;neuro;,,,3,0,None
399,The Phantom of the Opera,None,None,"Andrew Webber, Gerard Butler, Emmy Rossum",None,Neuro & Evil,Neuro,2023-08-02,Neuro 2023-08-02 Karaoke,25,,"songs/unofficialV3/DISC 3 - The Gold Standard (2023-06-21 - 2023-12-06)/095. Andrew Webber, Gerard Butler, Emmy Rossum - The Phantom of the Opera (Duet.v1) (Neuro & Evil).mp3",b3433df2c9d895e8,v3;neuro;duet;,,,1,0,None
400,Wellerman,None,None,Nathan Evans,None,Neuro & Evil,Evil,2023-08-11,Theme Streams,2,Pirate-duet,songs/unofficialV3/DISC 3 - The Gold Standard (2023-06-21 - 2023-12-06)/096. Nathan Evans - Wellerman (Duet.v1) (Neuro & Evil).mp3,037902cfa5ff1516,v3;evil;duet;,,,1,0,None
401,Relay Outer,リレイアウター,None,inabakumori,稲葉曇,Neuro,Neuro,2023-08-16,Neuro 2023-08-16 Karaoke,1,,songs/unofficialV3/DISC 3 - The Gold Standard (2023-06-21 - 2023-12-06)/097. inabakumori - Relay Outer (Neuro.v3).mp3,e790bd954688f329,v3;neuro;,,,3,0,None
402,So What,None,None,P!nk,None,Neuro,Neuro,2023-08-16,Neuro 2023-08-16 Karaoke,2,,songs/unofficialV3/DISC 3 - The Gold Standard (2023-06-21 - 2023-12-06)/098. P!nk - So What (Neuro.v3).mp3,ab1fbcbcdd617c8c,v3;neuro;,,,3,0,None
403,39 Music!,39みゅーじっく！,None,mikitoP,みきとP,Neuro,Neuro,2023-08-16,Neuro 2023-08-16 Karaoke,3,,songs/unofficialV3/DISC 3 - The Gold Standard (2023-06-21 - 2023-12-06)/099. mikitoP - 39 Music! (Neuro.v3).mp3,9ce8685f5d8c2dc5,v3;neuro;,,,3,0,None
404,Android Girl,アンドロイドガール,None,DECO*27,None,Neuro,Neuro,2023-08-16,Neuro 2023-08-16 Karaoke,4,,songs/unofficialV3/DISC 3 - The Gold Standard (2023-06-21 - 2023-12-06)/100. DECO_27 - Android Girl (Neuro.v3).mp3,b45cc573be6e7f6a,v3;neuro;,,,3,0,None
405,Witch Doctor,None,None,"Cartoons, David Seville",None,Neuro,Neuro,2023-08-16,Neuro 2023-08-16 Karaoke,5,,"songs/unofficialV3/DISC 3 - The Gold Standard (2023-06-21 - 2023-12-06)/101. Cartoons, David Seville - Witch Doctor (Neuro.v3).mp3",6be1b97c6b947f04,v3;neuro;,,,3,0,None
406,High Hopes,None,None,Panic! at the Disco,None,Neuro,Neuro,2023-08-16,Neuro 2023-08-16 Karaoke,6,,songs/unofficialV3/DISC 3 - The Gold Standard (2023-06-21 - 2023-12-06)/102. Panic! at the Disco - High Hopes (Neuro.v3).mp3,29b1bb1aa166cfb5,v3;neuro;,,,3,0,None
407,Racing Into The Night,夜に駆ける,None,YOASOBI,None,Neuro,Neuro,2023-08-16,Neuro 2023-08-16 Karaoke,7,,songs/unofficialV3/DISC 3 - The Gold Standard (2023-06-21 - 2023-12-06)/103. YOASOBI - Racing Into The Night (Neuro.v3).mp3,d45f538b06a31297,v3;neuro;,,,3,0,None
408,Common World Domination,ありふれたせかいせいふく,None,PinocchioP,ピノキオピー,Neuro,Neuro,2023-08-16,Neuro 2023-08-16 Karaoke,8,,songs/unofficialV3/DISC 3 - The Gold Standard (2023-06-21 - 2023-12-06)/104. PinocchioP - Common World Domination (Neuro.v3).mp3,db9c2e9f91c0e85f,v3;neuro;,,,3,0,None
409,ECHO,None,None,Crusher,None,Neuro,Neuro,2023-08-16,Neuro 2023-08-16 Karaoke,9,,songs/unofficialV3/DISC 3 - The Gold Standard (2023-06-21 - 2023-12-06)/105. Crusher - ECHO (Neuro.v3).mp3,a4d1d05282469090,v3;neuro;,,,3,0,None
410,chikichikibanban,チキチキバンバン,None,QUEENDOM,None,Neuro,Neuro,2023-08-16,Neuro 2023-08-16 Karaoke,10,,songs/unofficialV3/DISC 3 - The Gold Standard (2023-06-21 - 2023-12-06)/106. QUEENDOM - chikichikibanban (Neuro.v3).mp3,386f1219174b66ef,v3;neuro;,,,3,0,None
411,I Want It That Way,None,None,Backstreet Boys,None,Neuro,Neuro,2023-08-16,Neuro 2023-08-16 Karaoke,11,,songs/unofficialV3/DISC 3 - The Gold Standard (2023-06-21 - 2023-12-06)/107. Backstreet Boys - I Want It That Way (Neuro.v3).mp3,e2201e4cce8e4db4,v3;neuro;,,,3,0,None
412,Luka Luka★Night Fever,ルカルカ★ナイトフィーバー,None,Samfree,None,Neuro,Neuro,2023-08-16,Neuro 2023-08-16 Karaoke,12,,songs/unofficialV3/DISC 3 - The Gold Standard (2023-06-21 - 2023-12-06)/108. Samfree - Luka Luka★Night Fever (Neuro.v3).mp3,1df55ad2491afb92,v3;neuro;,,,3,0,None
413,Pokémon Theme (Gotta catch 'em all!),None,None,"John Siegler, Jason Paige",None,Neuro,Neuro,2023-08-16,Neuro 2023-08-16 Karaoke,13,,"songs/unofficialV3/DISC 3 - The Gold Standard (2023-06-21 - 2023-12-06)/109. John Siegler, Jason Paige - Pokémon Theme (Gotta catch 'em all!) (Neuro.v3).mp3",f40dae772056b8fc,v3;neuro;,,,3,0,None
414,Poems of a Machine,None,None,Mili,None,Neuro,Neuro,2023-08-16,Neuro 2023-08-16 Karaoke,14,,songs/unofficialV3/DISC 3 - The Gold Standard (2023-06-21 - 2023-12-06)/110. Mili - Poems of a Machine (Neuro.v3).mp3,45073abe735c9e31,v3;neuro;,,,3,0,None
415,Rockefeller Street,None,Nightcore ver.,Getter Jaani,None,Neuro,Neuro,2023-08-16,Neuro 2023-08-16 Karaoke,15,,songs/unofficialV3/DISC 3 - The Gold Standard (2023-06-21 - 2023-12-06)/111. Getter Jaani - Rockefeller Street (Nightcore ver.) (Neuro.v3).mp3,3d8de4a8ea0f7e50,v3;neuro;,,,3,0,None
416,Nee Nee Nee.,ねぇねぇねぇ。,None,PinocchioP,ピノキオピー,Neuro & Evil,Neuro,2023-08-16,Neuro 2023-08-16 Karaoke,16,,songs/unofficialV3/DISC 3 - The Gold Standard (2023-06-21 - 2023-12-06)/112. PinocchioP - Nee Nee Nee. (Duet.v1) (Neuro & Evil).mp3,3621a2a842f79126,v3;neuro;duet;,,,1,0,None
417,Take On Me,None,None,a-ha,None,Neuro,Neuro,2023-08-16,Neuro 2023-08-16 Karaoke,17,,songs/unofficialV3/DISC 3 - The Gold Standard (2023-06-21 - 2023-12-06)/113. a-ha - Take On Me (Neuro.v3).mp3,aa4b5ff7b7bdefd5,v3;neuro;,,,3,0,None
418,Smooth Criminal,None,None,Michael Jackson,None,Neuro,Neuro,2023-08-16,Neuro 2023-08-16 Karaoke,18,,songs/unofficialV3/DISC 3 - The Gold Standard (2023-06-21 - 2023-12-06)/114. Michael Jackson - Smooth Criminal (Neuro.v3).mp3,b2fe38f7df322b85,v3;neuro;,,,3,0,None
419,INTERNET OVERDOSE,None,None,"Aiobahn +81, KOTOKO",None,Neuro,Neuro,2023-08-16,Neuro 2023-08-16 Karaoke,19,,"songs/unofficialV3/DISC 3 - The Gold Standard (2023-06-21 - 2023-12-06)/115. Aiobahn +81, KOTOKO - INTERNET OVERDOSE (Neuro.v3).mp3",c42327fc5daf2180,v3;neuro;,,,3,0,None
420,Titanium,None,None,"David Guetta, Sia",None,Neuro,Neuro,2023-08-16,Neuro 2023-08-16 Karaoke,20,,"songs/unofficialV3/DISC 3 - The Gold Standard (2023-06-21 - 2023-12-06)/116. David Guetta, Sia - Titanium (Neuro.v3).mp3",f88a9b4943c93c57,v3;neuro;,,,3,0,None
421,In the End,None,None,Linkin Park,None,Neuro & Evil,Neuro,2023-08-16,Neuro 2023-08-16 Karaoke,21,,songs/unofficialV3/DISC 3 - The Gold Standard (2023-06-21 - 2023-12-06)/117. Linkin Park - In the End (Duet.v1) (Neuro & Evil).mp3,420625346d877535,v3;neuro;duet;,,,1,0,None
422,world.execute(me);,None,None,Mili,None,Neuro,Neuro,2023-08-21,Unused Covers,3,,songs/unofficialV3/DISC 3 - The Gold Standard (2023-06-21 - 2023-12-06)/118. Mili - world.execute(me); (Neuro.v3.2).mp3,2f7562345523bb4f,v3;neuro;unused;,,,3.2,0,None
423,I Write Sins Not Tragedies,None,None,Panic! at the Disco,None,Evil,Evil,2023-08-30,Evil 2023-08-30 Karaoke,1,,songs/unofficialV3/DISC 3 - The Gold Standard (2023-06-21 - 2023-12-06)/119. Panic! at the Disco - I Write Sins Not Tragedies (Evil.v1).mp3,ab03365262ad9906,v3;evil;,,,1,0,None
424,Nobore! Susume! Takai Tou,のぼれ！すすめ！高い塔,None,Kikuo,きくお,Evil,Evil,2023-08-30,Evil 2023-08-30 Karaoke,2,,songs/unofficialV3/DISC 3 - The Gold Standard (2023-06-21 - 2023-12-06)/120. Kikuo - Nobore! Susume! Takai Tou (Evil.v1).mp3,813815f3443cdf1b,v3;evil;,,,1,0,None
425,PERFECT MACHINE,None,None,Starset,None,Evil,Evil,2023-08-30,Evil 2023-08-30 Karaoke,3,,songs/unofficialV3/DISC 3 - The Gold Standard (2023-06-21 - 2023-12-06)/121. Starset - PERFECT MACHINE (Evil.v1).mp3,9552bb81dfc18f68,v3;evil;,,,1,0,None
426,I Don't Care,None,None,Fall Out Boy,None,Evil,Evil,2023-08-30,Evil 2023-08-30 Karaoke,4,,songs/unofficialV3/DISC 3 - The Gold Standard (2023-06-21 - 2023-12-06)/122. Fall Out Boy - I Don't Care (Evil.v1).mp3,23951422710997bd,v3;evil;,,,1,0,None
427,Usseewa,うっせぇわ,None,Ado,None,Evil,Evil,2023-08-30,Evil 2023-08-30 Karaoke,5,,songs/unofficialV3/DISC 3 - The Gold Standard (2023-06-21 - 2023-12-06)/123. Ado - Usseewa (Evil.v1).mp3,706d73a1fb5a8106,v3;evil;,,,1,0,None
428,Bacterial Contamination,細菌汚染,None,mathru,かにみそP,Evil,Evil,2023-08-30,Evil 2023-08-30 Karaoke,6,,songs/unofficialV3/DISC 3 - The Gold Standard (2023-06-21 - 2023-12-06)/124. mathru - Bacterial Contamination (Evil.v1).mp3,9364ec0a1073655a,v3;evil;,,,1,0,None
429,ATARI FRONT PROGRAM,None,None,Utsu-P,鬱P,Evil,Evil,2023-08-30,Evil 2023-08-30 Karaoke,7,,songs/unofficialV3/DISC 3 - The Gold Standard (2023-06-21 - 2023-12-06)/125. Utsu-P - ATARI FRONT PROGRAM (Evil.v1).mp3,ffeca11283844656,v3;evil;,,,1,0,None
430,VILLAIN,None,None,K/DA,None,Evil,Evil,2023-08-30,Evil 2023-08-30 Karaoke,8,,songs/unofficialV3/DISC 3 - The Gold Standard (2023-06-21 - 2023-12-06)/126. K slash DA - VILLAIN (Evil.v1).mp3,c84f891f897a0e7c,v3;evil;,,,1,0,None
431,Riot,None,None,Three Days Grace,None,Evil,Evil,2023-08-30,Evil 2023-08-30 Karaoke,9,,songs/unofficialV3/DISC 3 - The Gold Standard (2023-06-21 - 2023-12-06)/127. Three Days Grace - Riot (Evil.v1).mp3,85d79658994c7b20,v3;evil;,,,1,0,None
432,Bringing It Down,None,None,Starset,None,Evil,Evil,2023-08-30,Evil 2023-08-30 Karaoke,10,,songs/unofficialV3/DISC 3 - The Gold Standard (2023-06-21 - 2023-12-06)/128. Starset - Bringing It Down (Evil.v1).mp3,41ed9e20241af8ab,v3;evil;,,,1,0,None
433,Numb,None,None,Linkin Park,None,Evil,Evil,2023-08-30,Evil 2023-08-30 Karaoke,11,,songs/unofficialV3/DISC 3 - The Gold Standard (2023-06-21 - 2023-12-06)/129. Linkin Park - Numb (Evil.v1).mp3,44ab1e8f750111b3,v3;evil;,,,1,0,None
434,The Last Stand,None,None,Sabaton,None,Evil,Evil,2023-08-30,Evil 2023-08-30 Karaoke,12,,songs/unofficialV3/DISC 3 - The Gold Standard (2023-06-21 - 2023-12-06)/130. Sabaton - The Last Stand (Evil.v1).mp3,663c33a0d7d504a7,v3;evil;,,,1,0,None
435,Voices in My Head,None,None,Falling in Reverse,None,Evil,Evil,2023-08-30,Evil 2023-08-30 Karaoke,13,,songs/unofficialV3/DISC 3 - The Gold Standard (2023-06-21 - 2023-12-06)/131. Falling in Reverse - Voices in My Head (Evil.v1).mp3,f618b35a7b9ac9f0,v3;evil;,,,1,0,None
436,The Wolf,None,None,SIAMÉS,None,Evil,Evil,2023-08-30,Evil 2023-08-30 Karaoke,14,,songs/unofficialV3/DISC 3 - The Gold Standard (2023-06-21 - 2023-12-06)/132. SIAMÉS - The Wolf (Evil.v1).mp3,3cb0882003a49551,v3;evil;,,,1,0,None
437,Identity,アイデンティティ,None,Kanaria,None,Neuro & Evil,Evil,2023-08-30,Evil 2023-08-30 Karaoke,15,,songs/unofficialV3/DISC 3 - The Gold Standard (2023-06-21 - 2023-12-06)/133. Kanaria - Identity (Duet.v1) (Neuro & Evil).mp3,69b23f64bfae4c58,v3;evil;duet;,,,1,0,None
438,Kawaikute Gomen (Sorry for Being Cute),可愛くてごめん,None,HoneyWorks,None,Evil,Evil,2023-08-30,Evil 2023-08-30 Karaoke,16,,songs/unofficialV3/DISC 3 - The Gold Standard (2023-06-21 - 2023-12-06)/134. HoneyWorks - Kawaikute Gomen (Sorry for Being Cute) (Evil.v1).mp3,bf3f0dd3049963b4,v3;evil;,,,1,0,None
439,I Am Machine,None,None,Three Days Grace,None,Evil,Evil,2023-08-30,Evil 2023-08-30 Karaoke,17,,songs/unofficialV3/DISC 3 - The Gold Standard (2023-06-21 - 2023-12-06)/135. Three Days Grace - I Am Machine (Evil.v1).mp3,cc1aff2eba0c2def,v3;evil;,,,1,0,None
440,"In Hell We Live, Lament",None,None,"Mili, KIHOW",None,Neuro & Evil,Evil,2023-08-30,Evil 2023-08-30 Karaoke,18,,"songs/unofficialV3/DISC 3 - The Gold Standard (2023-06-21 - 2023-12-06)/136. Mili, KIHOW - In Hell We Live, Lament (Duet.v1) (Neuro & Evil).mp3",c4ff56da81b9780a,v3;evil;duet;,,,1,0,None
441,Copycat,None,None,CircusP,None,Evil,Evil,2023-08-30,Evil 2023-08-30 Karaoke,19,,songs/unofficialV3/DISC 3 - The Gold Standard (2023-06-21 - 2023-12-06)/137. CircusP - Copycat (Evil.v1).mp3,4ebf4a675ceda620,v3;evil;,,,1,0,None
442,DotA,None,None,Basshunter,None,Neuro & Evil,Evil,2023-08-30,Evil 2023-08-30 Karaoke,20,,songs/unofficialV3/DISC 3 - The Gold Standard (2023-06-21 - 2023-12-06)/138. Basshunter - DotA (Duet.v1) (Neuro & Evil).mp3,a575a309e5789ee1,v3;evil;duet;,,,1,0,None
443,Through the Fire and Flames,None,None,DragonForce,None,Evil,Evil,2023-08-30,Evil 2023-08-30 Karaoke,21,,songs/unofficialV3/DISC 3 - The Gold Standard (2023-06-21 - 2023-12-06)/139. DragonForce - Through the Fire and Flames (Evil.v1).mp3,56b85f33425917d1,v3;evil;,,,1,0,None
444,Baka Mitai,ばかみたい,【Taxi Driver Edition】,"Kazuma Kiryu (Takaya Kuroda), Mitsuharu Fukuyama, Ryosuke Horii","桐生一馬 (黒田崇矢), 福山光晴, 堀井亮佑",Neuro,Neuro,2023-09-03,Stream Covers,2,aura,"songs/unofficialV3/DISC 3 - The Gold Standard (2023-06-21 - 2023-12-06)/140. Kazuma Kiryu (Takaya Kuroda), Mitsuharu Fukuyama, Ryosuke Horii - Baka Mitai (【Taxi Driver Edition】) (Neuro.v3).mp3",96c9adbb53cd6698,v3;neuro;as_custom;,,,3,0,None
445,Living Millennium,1000年生きてる,None,Iyowa,いよわ,Neuro,Neuro,2023-09-13,Neuro 2023-09-13 Karaoke,1,,songs/unofficialV3/DISC 3 - The Gold Standard (2023-06-21 - 2023-12-06)/141. Iyowa - Living Millennium (Neuro.v3).mp3,2c582fa7b5570c71,v3;neuro;,,,3,0,None
446,Deja Vu,None,None,Dave Rodgers,None,Neuro,Neuro,2023-09-13,Neuro 2023-09-13 Karaoke,2,,songs/unofficialV3/DISC 3 - The Gold Standard (2023-06-21 - 2023-12-06)/142. Dave Rodgers - Deja Vu (Neuro.v3).mp3,145ed62abd68e18c,v3;neuro;,,,3,0,None
447,Moves Like Jagger,None,None,"Maroon 5, Christina Aguilera",None,Neuro,Neuro,2023-09-13,Neuro 2023-09-13 Karaoke,3,,"songs/unofficialV3/DISC 3 - The Gold Standard (2023-06-21 - 2023-12-06)/143. Maroon 5, Christina Aguilera - Moves Like Jagger (Neuro.v3).mp3",e65345e9c01a132c,v3;neuro;,,,3,0,None
448,Happy,None,None,Pharrell Williams,None,Neuro,Neuro,2023-09-13,Neuro 2023-09-13 Karaoke,4,,songs/unofficialV3/DISC 3 - The Gold Standard (2023-06-21 - 2023-12-06)/144. Pharrell Williams - Happy (Neuro.v3).mp3,ca1d6006ac812e3b,v3;neuro;,,,3,0,None
449,Legends Never Die,None,None,Against the Current,None,Neuro,Neuro,2023-09-13,Neuro 2023-09-13 Karaoke,5,,songs/unofficialV3/DISC 3 - The Gold Standard (2023-06-21 - 2023-12-06)/145. Against the Current - Legends Never Die (Neuro.v3).mp3,efb4bf43d3f5f517,v3;neuro;,,,3,0,None
450,STYX HELIX,None,None,MYTH & ROID,None,Neuro,Neuro,2023-09-13,Neuro 2023-09-13 Karaoke,6,,songs/unofficialV3/DISC 3 - The Gold Standard (2023-06-21 - 2023-12-06)/146. MYTH & ROID - STYX HELIX (Neuro.v3).mp3,1096a7cd0892189d,v3;neuro;,,,3,0,None
451,Faded,None,None,Alan Walker,None,Neuro,Neuro,2023-09-13,Neuro 2023-09-13 Karaoke,7,,songs/unofficialV3/DISC 3 - The Gold Standard (2023-06-21 - 2023-12-06)/147. Alan Walker - Faded (Neuro.v3).mp3,42d14aea4e7d592f,v3;neuro;,,,3,0,None
452,Ai Kotoba,愛言葉,None,DECO*27,None,Neuro,Neuro,2023-09-13,Neuro 2023-09-13 Karaoke,8,,songs/unofficialV3/DISC 3 - The Gold Standard (2023-06-21 - 2023-12-06)/148. DECO_27 - Ai Kotoba (Neuro.v3).mp3,8993cb83f76857e5,v3;neuro;,,,3,0,None
453,Scatman (Ski-Ba-Bop-Ba-Dop-Bop),None,None,Scatman John,None,Neuro,Neuro,2023-09-13,Neuro 2023-09-13 Karaoke,9,,songs/unofficialV3/DISC 3 - The Gold Standard (2023-06-21 - 2023-12-06)/149. Scatman John - Scatman (Ski-Ba-Bop-Ba-Dop-Bop) (Neuro.v3).mp3,18c5961289d4e705,v3;neuro;,,,3,0,None
454,I Kissed a Girl,None,None,Katy Perry,None,Neuro,Neuro,2023-09-13,Neuro 2023-09-13 Karaoke,10,,songs/unofficialV3/DISC 3 - The Gold Standard (2023-06-21 - 2023-12-06)/150. Katy Perry - I Kissed a Girl (Neuro.v3).mp3,33f572454c9cac4f,v3;neuro;,,,3,0,None
455,String Theocracy,None,None,Mili,None,Neuro,Neuro,2023-09-13,Neuro 2023-09-13 Karaoke,11,,songs/unofficialV3/DISC 3 - The Gold Standard (2023-06-21 - 2023-12-06)/151. Mili - String Theocracy (Neuro.v3).mp3,c2c98158a889c1ba,v3;neuro;,,,3,0,None
456,Nyan Cat!,None,None,daniwellP,None,Neuro,Neuro,2023-09-13,Neuro 2023-09-13 Karaoke,12,,songs/unofficialV3/DISC 3 - The Gold Standard (2023-06-21 - 2023-12-06)/152. daniwellP - Nyan Cat! (Neuro.v3).mp3,05f67bbd3a4327fb,v3;neuro;,,,3,0,None
457,Snake Eater,None,None,"Norihiko Hibino, Cynthia Harrell",None,Neuro,Neuro,2023-09-13,Neuro 2023-09-13 Karaoke,13,,"songs/unofficialV3/DISC 3 - The Gold Standard (2023-06-21 - 2023-12-06)/153. Norihiko Hibino, Cynthia Harrell - Snake Eater (Neuro.v3).mp3",622073632521eac8,v3;neuro;,,,3,0,None
458,ROKI,ロキ,None,mikitoP,みきとP,Neuro & Evil,Neuro,2023-09-13,Neuro 2023-09-13 Karaoke,14,,songs/unofficialV3/DISC 3 - The Gold Standard (2023-06-21 - 2023-12-06)/154. mikitoP - ROKI (Duet.v1) (Neuro & Evil).mp3,eb350e5f77358aa2,v3;neuro;duet;,,,1,0,None
459,Mozaik Role,モザイクロール,Reloaded,DECO*27,None,Neuro,Neuro,2023-09-13,Neuro 2023-09-13 Karaoke,15,,songs/unofficialV3/DISC 3 - The Gold Standard (2023-06-21 - 2023-12-06)/155. DECO_27 - Mozaik Role (Reloaded) (Neuro.v3).mp3,295e6825acdd38df,v3;neuro;,,,3,0,None
460,Viva la Vida,None,None,Coldplay,None,Neuro,Neuro,2023-09-13,Neuro 2023-09-13 Karaoke,16,,songs/unofficialV3/DISC 3 - The Gold Standard (2023-06-21 - 2023-12-06)/156. Coldplay - Viva la Vida (Neuro.v3).mp3,05cecd52471a6063,v3;neuro;,,,3,0,None
461,Mixed Nuts,ミックスナッツ,None,Official HIGE DANdism,Official髭男dism,Neuro,Neuro,2023-09-13,Neuro 2023-09-13 Karaoke,17,,songs/unofficialV3/DISC 3 - The Gold Standard (2023-06-21 - 2023-12-06)/157. Official HIGE DANdism - Mixed Nuts (Neuro.v3).mp3,dfc2d1de54a76ace,v3;neuro;,,,3,0,None
462,Fukashigi no Karte,不可思議のカルテ,None,Hidehiro Kawai,カワイヒデヒロ,Neuro,Neuro,2023-09-13,Neuro 2023-09-13 Karaoke,18,,songs/unofficialV3/DISC 3 - The Gold Standard (2023-06-21 - 2023-12-06)/158. Hidehiro Kawai - Fukashigi no Karte (Neuro.v3).mp3,d8d3c582877188f6,v3;neuro;,,,3,0,None
463,Devil Town,None,None,Cavetown,None,Neuro,Neuro,2023-09-13,Neuro 2023-09-13 Karaoke,19,,songs/unofficialV3/DISC 3 - The Gold Standard (2023-06-21 - 2023-12-06)/159. Cavetown - Devil Town (Neuro.v3).mp3,fad9cdd2a1003a77,v3;neuro;,,,3,0,None
464,Miku,None,Neuro ver.,Anamanaguchi,None,Neuro,Neuro,2023-09-13,Neuro 2023-09-13 Karaoke,20,,songs/unofficialV3/DISC 3 - The Gold Standard (2023-06-21 - 2023-12-06)/160. Anamanaguchi - Miku (Neuro ver.) (Neuro.v3).mp3,55bd9b9970807c05,v3;neuro;,,,3,0,None
465,Bohemian Rhapsody,None,None,Queen,None,Neuro & Evil,Neuro,2023-09-13,Neuro 2023-09-13 Karaoke,21,,songs/unofficialV3/DISC 3 - The Gold Standard (2023-06-21 - 2023-12-06)/161. Queen - Bohemian Rhapsody (Duet.v1) (Neuro & Evil).mp3,0cac77e24f903e04,v3;neuro;duet;,,,1,0,None
466,September,None,None,"Earth, Wind & Fire",None,Neuro,Neuro,2023-09-21,Theme Streams,3,nwero,"songs/unofficialV3/DISC 3 - The Gold Standard (2023-06-21 - 2023-12-06)/162. Earth, Wind & Fire - September (Neuro.v3).mp3",405219842314118c,v3;neuro;zvv_quarantine;,,,3,0,None
467,golden hour,None,None,JVKE,None,Neuro,Neuro,2023-09-27,Neuro 2023-09-27 Karaoke,1,,songs/unofficialV3/DISC 3 - The Gold Standard (2023-06-21 - 2023-12-06)/163. JVKE - golden hour (Neuro.v3).mp3,7213a135fbce2ccd,v3;neuro;,,,3,0,None
468,Waiting for Love,None,None,Avicii,None,Neuro,Neuro,2023-09-27,Neuro 2023-09-27 Karaoke,2,,songs/unofficialV3/DISC 3 - The Gold Standard (2023-06-21 - 2023-12-06)/164. Avicii - Waiting for Love (Neuro.v3).mp3,6814790897fc6e2b,v3;neuro;,,,3,0,None
469,The Vampire,ヴァンパイア,None,DECO*27,None,Neuro,Neuro,2023-09-27,Neuro 2023-09-27 Karaoke,3,,songs/unofficialV3/DISC 3 - The Gold Standard (2023-06-21 - 2023-12-06)/165. DECO_27 - The Vampire (Neuro.v3).mp3,9e5bc87a94ee3b54,v3;neuro;,,,3,0,None
470,promise,None,None,Kohmi Hirose,広瀬香美,Neuro,Neuro,2023-09-27,Neuro 2023-09-27 Karaoke,4,,songs/unofficialV3/DISC 3 - The Gold Standard (2023-06-21 - 2023-12-06)/166. Kohmi Hirose - promise (Neuro.v3).mp3,30b61ddaf750a8f1,v3;neuro;,,,3,0,None
471,Compared Child,くらべられっ子,None,TUYU,ツユ,Neuro,Neuro,2023-09-27,Neuro 2023-09-27 Karaoke,5,,songs/unofficialV3/DISC 3 - The Gold Standard (2023-06-21 - 2023-12-06)/167. TUYU - Compared Child (Neuro.v3).mp3,88be3cfbf7c1e2ba,v3;neuro;,,,3,0,None
472,Brave Song,None,None,Aoi Tada,多田葵,Neuro,Neuro,2023-09-27,Neuro 2023-09-27 Karaoke,6,,songs/unofficialV3/DISC 3 - The Gold Standard (2023-06-21 - 2023-12-06)/168. Aoi Tada - Brave Song (Neuro.v3).mp3,77f519edf7d7ec14,v3;neuro;,,,3,0,None
473,Die For You,None,None,Grabbitz,None,Neuro,Neuro,2023-09-27,Neuro 2023-09-27 Karaoke,7,,songs/unofficialV3/DISC 3 - The Gold Standard (2023-06-21 - 2023-12-06)/169. Grabbitz - Die For You (Neuro.v3).mp3,6ef327d6f931923c,v3;neuro;,,,3,0,None
474,Losing My Religion,None,None,R.E.M.,None,Neuro,Neuro,2023-09-27,Neuro 2023-09-27 Karaoke,8,,songs/unofficialV3/DISC 3 - The Gold Standard (2023-06-21 - 2023-12-06)/170. R.E.M. - Losing My Religion (Neuro.v3).mp3,018e2177e54a27d8,v3;neuro;,,,3,0,None
475,Rollin' Girl,ローリンガール,None,wowaka,None,Neuro,Neuro,2023-09-27,Neuro 2023-09-27 Karaoke,9,,songs/unofficialV3/DISC 3 - The Gold Standard (2023-06-21 - 2023-12-06)/171. wowaka - Rollin' Girl (Neuro.v3).mp3,ea8769728f4dd742,v3;neuro;,,,3,0,None
476,Get Lucky,None,None,daft punk,None,Neuro & Evil,Neuro,2023-09-27,Neuro 2023-09-27 Karaoke,10,,songs/unofficialV3/DISC 3 - The Gold Standard (2023-06-21 - 2023-12-06)/172. daft punk - Get Lucky (Duet.v1) (Neuro & Evil).mp3,97e28a2e9cb39e33,v3;neuro;duet;,,,1,0,None
477,Reincarnation Apple,転生林檎,None,PinocchioP,ピノキオピー,Neuro,Neuro,2023-09-27,Neuro 2023-09-27 Karaoke,11,,songs/unofficialV3/DISC 3 - The Gold Standard (2023-06-21 - 2023-12-06)/173. PinocchioP - Reincarnation Apple (Neuro.v3).mp3,e98a4fa0f2fdbd67,v3;neuro;,,,3,0,None
478,Let You Down,None,None,Dawid Podsiadło,None,Neuro,Neuro,2023-09-27,Neuro 2023-09-27 Karaoke,12,,songs/unofficialV3/DISC 3 - The Gold Standard (2023-06-21 - 2023-12-06)/174. Dawid Podsiadło - Let You Down (Neuro.v3).mp3,3054a9f4d775e7aa,v3;neuro;,,,3,0,None
479,bad guy,None,None,Billie Eilish,None,Neuro,Neuro,2023-09-27,Neuro 2023-09-27 Karaoke,13,,songs/unofficialV3/DISC 3 - The Gold Standard (2023-06-21 - 2023-12-06)/175. Billie Eilish - bad guy (Neuro.v3).mp3,855212d32dd6af04,v3;neuro;,,,3,0,None
480,Senbonzakura,千本桜,None,KurousaP,黒うさP,Neuro,Neuro,2023-09-27,Neuro 2023-09-27 Karaoke,14,,songs/unofficialV3/DISC 3 - The Gold Standard (2023-06-21 - 2023-12-06)/176. KurousaP - Senbonzakura (Neuro.v3).mp3,1f521f400000f180,v3;neuro;,,,3,0,None
481,Skyfall,None,None,Adele,None,Neuro,Neuro,2023-09-27,Neuro 2023-09-27 Karaoke,15,,songs/unofficialV3/DISC 3 - The Gold Standard (2023-06-21 - 2023-12-06)/177. Adele - Skyfall (Neuro.v3).mp3,800d7fc1157d755b,v3;neuro;,,,3,0,None
482,Tiny Little Adiantum,None,None,Shibayan Records,None,Neuro,Neuro,2023-09-27,Neuro 2023-09-27 Karaoke,16,,songs/unofficialV3/DISC 3 - The Gold Standard (2023-06-21 - 2023-12-06)/178. Shibayan Records - Tiny Little Adiantum (Neuro.v3).mp3,61df15f2616cc0c6,v3;neuro;,,,3,0,None
483,drop pop candy,None,None,"Giga, Reol",None,Neuro & Evil,Neuro,2023-09-27,Neuro 2023-09-27 Karaoke,17,,"songs/unofficialV3/DISC 3 - The Gold Standard (2023-06-21 - 2023-12-06)/179. Giga, Reol - drop pop candy (Duet.v1) (Neuro & Evil).mp3",7dbb4113f8d4945b,v3;neuro;duet;,,,1,0,None
484,A Turtle's Heart,None,None,Mili,None,Neuro,Neuro,2023-09-27,Neuro 2023-09-27 Karaoke,18,,songs/unofficialV3/DISC 3 - The Gold Standard (2023-06-21 - 2023-12-06)/180. Mili - A Turtle's Heart (Neuro.v3).mp3,3e050f94be23a9e9,v3;neuro;,,,3,0,None
485,Never Gonna Give You Up,None,None,Rick Astley,None,Neuro,Neuro,2023-09-27,Neuro 2023-09-27 Karaoke,19,,songs/unofficialV3/DISC 3 - The Gold Standard (2023-06-21 - 2023-12-06)/181. Rick Astley - Never Gonna Give You Up (Neuro.v3).mp3,941c4e427465bafe,v3;neuro;,,,3,0,None
486,Rap God,None,None,Eminem,None,Neuro,Neuro,2023-09-27,Neuro 2023-09-27 Karaoke,20,,songs/unofficialV3/DISC 3 - The Gold Standard (2023-06-21 - 2023-12-06)/182. Eminem - Rap God (Neuro.v3).mp3,f7e727757539f215,v3;neuro;,,,3,0,None
487,Shelter,None,None,"Porter Robinson, Madeon",None,Neuro,Neuro,2023-09-27,Neuro 2023-09-27 Karaoke,21,,"songs/unofficialV3/DISC 3 - The Gold Standard (2023-06-21 - 2023-12-06)/183. Porter Robinson, Madeon - Shelter (Neuro.v3).mp3",acd6e333ab9c276f,v3;neuro;,,,3,0,None
488,Blinding Lights,None,None,The Weeknd,None,Neuro,Neuro,2023-09-27,Neuro 2023-09-27 Karaoke,22,,songs/unofficialV3/DISC 3 - The Gold Standard (2023-06-21 - 2023-12-06)/184. The Weeknd - Blinding Lights (Neuro.v3).mp3,858003de9d7f3507,v3;neuro;,,,3,0,None
489,Five Nights at Freddy's,None,None,The Living Tombstone,None,Evil,Evil,2023-10-11,Evil 2023-10-11 Karaoke,1,,songs/unofficialV3/DISC 3 - The Gold Standard (2023-06-21 - 2023-12-06)/185. The Living Tombstone - Five Nights at Freddy's (Evil.v1).mp3,febd179b822ec1aa,v3;evil;halloween;,,,1,0,None
490,Los! Los! Los!,None,None,Yuuichi Yagi,八木雄一,Evil,Evil,2023-10-11,Evil 2023-10-11 Karaoke,2,,songs/unofficialV3/DISC 3 - The Gold Standard (2023-06-21 - 2023-12-06)/186. Yuuichi Yagi - Los! Los! Los! (Evil.v1).mp3,810e6b96bb3aea8d,v3;evil;,,,1,0,None
491,I Am Machine,None,None,Three Days Grace,None,Evil,Evil,2023-10-11,Evil 2023-10-11 Karaoke,3,,songs/unofficialV3/DISC 3 - The Gold Standard (2023-06-21 - 2023-12-06)/135. Three Days Grace - I Am Machine (Evil.v1).mp3,cc1aff2eba0c2def,v3;evil;duplicate;,,,1,0,None
492,Sweater Weather,None,None,The Neighbourhood,None,Evil,Evil,2023-10-11,Evil 2023-10-11 Karaoke,4,,songs/unofficialV3/DISC 3 - The Gold Standard (2023-06-21 - 2023-12-06)/187. The Neighbourhood - Sweater Weather (Evil.v1).mp3,de3a0653f4de2ce9,v3;evil;,,,1,0,None
493,Courtesy Call,None,None,Thousand Foot Krutch,None,Evil,Evil,2023-10-11,Evil 2023-10-11 Karaoke,5,,songs/unofficialV3/DISC 3 - The Gold Standard (2023-06-21 - 2023-12-06)/188. Thousand Foot Krutch - Courtesy Call (Evil.v1).mp3,1961a7128a2a2d98,v3;evil;,,,1,0,None
494,4BLOOD,None,None,KIRA,None,Evil,Evil,2023-10-11,Evil 2023-10-11 Karaoke,6,,songs/unofficialV3/DISC 3 - The Gold Standard (2023-06-21 - 2023-12-06)/189. KIRA - 4BLOOD (Evil.v1).mp3,033dd8e224d58cf6,v3;evil;,,,1,0,None
495,Brick By Boring Brick,None,None,Paramore,None,Evil,Evil,2023-10-11,Evil 2023-10-11 Karaoke,7,,songs/unofficialV3/DISC 3 - The Gold Standard (2023-06-21 - 2023-12-06)/190. Paramore - Brick By Boring Brick (Evil.v1).mp3,347e9e35f48f5348,v3;evil;,,,1,0,None
496,Chop Suey!,None,None,System of a Down,None,Evil,Evil,2023-10-11,Evil 2023-10-11 Karaoke,8,,songs/unofficialV3/DISC 3 - The Gold Standard (2023-06-21 - 2023-12-06)/191. System Of A Down - Chop Suey! (Evil.v1).mp3,5ca88057ed9ffc96,v3;evil;,,,1,0,None
497,Little Dark Age,None,None,MGMT,None,Evil,Evil,2023-10-11,Evil 2023-10-11 Karaoke,9,,songs/unofficialV3/DISC 3 - The Gold Standard (2023-06-21 - 2023-12-06)/192. MGMT - Little Dark Age (Evil.v1).mp3,57945f052081414f,v3;evil;,,,1,0,None
498,The Disappearance of Hatsune Miku,初音ミクの消失,None,cosMo,暴走P,Evil,Evil,2023-10-11,Evil 2023-10-11 Karaoke,10,,songs/unofficialV3/DISC 3 - The Gold Standard (2023-06-21 - 2023-12-06)/193. cosMo - The Disappearance of Hatsune Miku (Evil.v1).mp3,52681cd12097f5e7,v3;evil;,,,1,0,None
499,ICARUS,None,None,Starset,None,Evil,Evil,2023-10-11,Evil 2023-10-11 Karaoke,11,,songs/unofficialV3/DISC 3 - The Gold Standard (2023-06-21 - 2023-12-06)/194. Starset - ICARUS (Evil.v1).mp3,ed7405cc3ecb0ce2,v3;evil;,,,1,0,None
500,"You're Gonna Go Far, Kid",None,None,The Offspring,None,Evil,Evil,2023-10-11,Evil 2023-10-11 Karaoke,12,,"songs/unofficialV3/DISC 3 - The Gold Standard (2023-06-21 - 2023-12-06)/053. The Offspring - You're Gonna Go Far, Kid (Evil.v1).mp3",02ff566fe26cdade,v3;evil;duplicate;,,,1,0,None
501,HANIPAGANDA,None,None,Akatsuki Records,暁Records,Evil,Evil,2023-10-11,Evil 2023-10-11 Karaoke,13,,songs/unofficialV3/DISC 3 - The Gold Standard (2023-06-21 - 2023-12-06)/195. Akatsuki Records - HANIPAGANDA (Evil.v1).mp3,903e4562de1f152c,v3;evil;,,,1,0,None
502,Choke,None,None,I DONT KNOW HOW BUT THEY FOUND ME,None,Evil,Evil,2023-10-11,Evil 2023-10-11 Karaoke,14,,songs/unofficialV3/DISC 3 - The Gold Standard (2023-06-21 - 2023-12-06)/196. I DONT KNOW HOW BUT THEY FOUND ME - Choke (Evil.v1).mp3,da6ea39b33bd706d,v3;evil;,,,1,0,None
503,I’m Glad You’re Evil Too,きみも悪い人でよかった,None,PinocchioP,ピノキオピー,Evil,Evil,2023-10-11,Evil 2023-10-11 Karaoke,15,,songs/unofficialV3/DISC 3 - The Gold Standard (2023-06-21 - 2023-12-06)/197. PinocchioP - I’m Glad You’re Evil Too (Evil.v1).mp3,24a04a03ed32164a,v3;evil;,,,1,0,None
504,Ga1ahad and Scientific Witchery,None,None,Mili,None,Neuro & Evil,Evil,2023-10-11,Evil 2023-10-11 Karaoke,16,,songs/unofficialV3/DISC 3 - The Gold Standard (2023-06-21 - 2023-12-06)/198. Mili - Ga1ahad and Scientific Witchery (Duet.v1) (Neuro & Evil).mp3,d3330763820a5029,v3;evil;duet;,,,1,0,None
505,JINGO JUNGLE,None,None,MYTH & ROID,None,Evil,Evil,2023-10-11,Evil 2023-10-11 Karaoke,17,,songs/unofficialV3/DISC 3 - The Gold Standard (2023-06-21 - 2023-12-06)/199. MYTH & ROID - JINGO JUNGLE (Evil.v1).mp3,884f9bdec6abd547,v3;evil;,,,1,0,None
506,Creep,None,None,Radiohead,None,Evil,Evil,2023-10-11,Evil 2023-10-11 Karaoke,18,Creep Evil,songs/unofficialV3/DISC 3 - The Gold Standard (2023-06-21 - 2023-12-06)/200. Radiohead - Creep (Evil.v1).mp3,c82aab611caee1c3,v3;evil;,,,1,0,None
507,Remote Control,リモコン,None,WONDERFUL★OPPORTUNITY!,None,Neuro & Evil,Evil,2023-10-11,Evil 2023-10-11 Karaoke,19,Remote Control,songs/unofficialV3/DISC 3 - The Gold Standard (2023-06-21 - 2023-12-06)/201. WONDERFUL★OPPORTUNITY! - Remote Control (Duet.v1) (Neuro & Evil).mp3,5207948439d2b43e,v3;evil;duet;,,,1,0,None
508,Rolling in the Deep,None,None,Adele,None,Evil,Evil,2023-10-11,Evil 2023-10-11 Karaoke,20,,songs/unofficialV3/DISC 3 - The Gold Standard (2023-06-21 - 2023-12-06)/202. Adele - Rolling in the Deep (Evil.v1).mp3,1676790a24d425b7,v3;evil;,,,1,0,None
509,Bury the Light,None,None,"Casey Edwards, Victor Borba",None,Evil,Evil,2023-10-11,Evil 2023-10-11 Karaoke,21,,"songs/unofficialV3/DISC 3 - The Gold Standard (2023-06-21 - 2023-12-06)/203. Casey Edwards, Victor Borba - Bury the Light (Evil.v1).mp3",c2f96c7ebc967219,v3;evil;,,,1,0,None
510,Hated by life itself.,命に嫌われている。,None,Kanzaki Iori,カンザキイオリ,Neuro,Neuro,2023-10-28,Neuro 2023-10-28 Karaoke,1,,songs/unofficialV3/DISC 3 - The Gold Standard (2023-06-21 - 2023-12-06)/204. Kanzaki Iori - Hated by life itself. (Neuro.v3).mp3,2e3586229026db03,v3;neuro;,,,3,0,None
511,Love the Subhuman Self,None,None,"AISHA, Daisuke Ishiwatari","AISHA, 石渡太輔",Neuro,Neuro,2023-10-28,Neuro 2023-10-28 Karaoke,2,,"songs/unofficialV3/DISC 3 - The Gold Standard (2023-06-21 - 2023-12-06)/205. AISHA, Daisuke Ishiwatari - Love the Subhuman Self (Neuro.v3).mp3",5af3f85ed30ed965,v3;neuro;,,,3,0,None
512,HYDRA,None,None,MYTH & ROID,None,Neuro,Neuro,2023-10-28,Neuro 2023-10-28 Karaoke,3,,songs/unofficialV3/DISC 3 - The Gold Standard (2023-06-21 - 2023-12-06)/206. MYTH & ROID - HYDRA (Neuro.v3).mp3,3647817f9429c81a,v3;neuro;,,,3,0,None
513,"Guitar, Loneliness and Blue Planet",ギターと孤独と蒼い惑星,None,kessoku band,結束バンド,Neuro,Neuro,2023-10-28,Neuro 2023-10-28 Karaoke,4,,"songs/unofficialV3/DISC 3 - The Gold Standard (2023-06-21 - 2023-12-06)/207. kessoku band - Guitar, Loneliness and Blue Planet (Neuro.v3).mp3",2c6fa1476ceea25a,v3;neuro;,,,3,0,None
514,Dramaturgy,ドラマツルギー,None,"Eve, Numa",None,Neuro,Neuro,2023-10-28,Neuro 2023-10-28 Karaoke,5,,"songs/unofficialV3/DISC 3 - The Gold Standard (2023-06-21 - 2023-12-06)/208. Eve, Numa - Dramaturgy (Neuro.v3).mp3",46c30e3c3ed3242c,v3;neuro;,,,3,0,None
515,Goodbye Declaration,グッバイ宣言,None,Chinozo,None,Neuro,Neuro,2023-10-28,Neuro 2023-10-28 Karaoke,6,,songs/unofficialV3/DISC 3 - The Gold Standard (2023-06-21 - 2023-12-06)/209. Chinozo - Goodbye Declaration (Neuro.v3).mp3,dd9ed36d0fddc16e,v3;neuro;,,,3,0,None
516,Firework,None,None,Katy Perry,None,Neuro,Neuro,2023-10-28,Neuro 2023-10-28 Karaoke,7,,songs/unofficialV3/DISC 3 - The Gold Standard (2023-06-21 - 2023-12-06)/210. Katy Perry - Firework (Neuro.v3).mp3,997489a8ee499af1,v3;neuro;,,,3,0,None
517,The Spectre,None,None,Alan Walker,None,Neuro,Neuro,2023-10-28,Neuro 2023-10-28 Karaoke,8,,songs/unofficialV3/DISC 3 - The Gold Standard (2023-06-21 - 2023-12-06)/211. Alan Walker - The Spectre (Neuro.v3).mp3,1b6103ede12f0dbf,v3;neuro;,,,3,0,None
518,KARMANATIONS,None,None,Akatsuki Records,暁Records,Neuro,Neuro,2023-10-28,Neuro 2023-10-28 Karaoke,9,,songs/unofficialV3/DISC 3 - The Gold Standard (2023-06-21 - 2023-12-06)/212. Akatsuki Records - KARMANATIONS (Neuro.v3).mp3,5abc913d72824fc9,v3;neuro;,,,3,0,None
519,Paradise,None,None,Coldplay,None,Neuro,Neuro,2023-10-28,Neuro 2023-10-28 Karaoke,10,,songs/unofficialV3/DISC 3 - The Gold Standard (2023-06-21 - 2023-12-06)/213. Coldplay - Paradise (Neuro.v3).mp3,497fa3eab88b0a52,v3;neuro;,,,3,0,None
520,Tabibito no Uta,旅人の唄,None,Yuiko Ohara,大原ゆい子,Neuro,Neuro,2023-10-28,Neuro 2023-10-28 Karaoke,11,,songs/unofficialV3/DISC 3 - The Gold Standard (2023-06-21 - 2023-12-06)/214. Yuiko Ohara - Tabibito no Uta (Neuro.v3).mp3,392982c1754a8322,v3;neuro;,,,3,0,None
521,Holding Out for a Hero,None,None,Jennifer Saunders,None,Neuro,Neuro,2023-10-28,Neuro 2023-10-28 Karaoke,12,,songs/unofficialV3/DISC 3 - The Gold Standard (2023-06-21 - 2023-12-06)/215. Jennifer Saunders - Holding Out for a Hero (Neuro.v3).mp3,2792b58b29ef813f,v3;neuro;,,,3,0,None
522,Fly Me to the Moon,None,None,Frank Sinatra,None,Neuro,Neuro,2023-10-28,Neuro 2023-10-28 Karaoke,13,,songs/unofficialV3/DISC 3 - The Gold Standard (2023-06-21 - 2023-12-06)/216. Frank Sinatra - Fly Me to the Moon (Neuro.v3).mp3,e67d83adad651e5b,v3;neuro;,,,3,0,None
523,Kyoufuu All Back (Hair Swept Back By Gale-Force Winds),強風オールバック,None,Yukopi,None,Neuro,Neuro,2023-10-28,Neuro 2023-10-28 Karaoke,14,,songs/unofficialV3/DISC 3 - The Gold Standard (2023-06-21 - 2023-12-06)/217. Yukopi - Kyoufuu All Back (Hair Swept Back By Gale-Force Winds) (Neuro.v3).mp3,f25136360fe9e66c,v3;neuro;,,,3,0,None
524,Mechanic Heartbeat,None,None,"Culprate, Keota & Sophie Meiers",None,Neuro & Evil,Neuro,2023-10-28,Neuro 2023-10-28 Karaoke,15,,"songs/unofficialV3/DISC 3 - The Gold Standard (2023-06-21 - 2023-12-06)/218. Culprate, Keota & Sophie Meiers - Mechanic Heartbeat (Duet.v1) (Neuro & Evil).mp3",570f8817fa64863e,v3;neuro;duet;,,,1,0,None
525,Rightfully,None,None,Mili,None,Neuro,Neuro,2023-10-28,Neuro 2023-10-28 Karaoke,16,,songs/unofficialV3/DISC 3 - The Gold Standard (2023-06-21 - 2023-12-06)/219. Mili - Rightfully (Neuro.v3).mp3,c77aa744ad72533c,v3;neuro;,,,3,0,None
526,Childish War,おこちゃま戦争,None,"Giga, Reol",None,Neuro & Evil,Neuro,2023-10-28,Neuro 2023-10-28 Karaoke,17,,"songs/unofficialV3/DISC 3 - The Gold Standard (2023-06-21 - 2023-12-06)/220. Giga, Reol - Childish War (Duet.v1) (Neuro & Evil).mp3",8d7e79b5a47c4877,v3;neuro;duet;,,,1,0,None
527,Glimpse of Us,None,None,Joji,None,Neuro,Neuro,2023-10-28,Neuro 2023-10-28 Karaoke,18,,songs/unofficialV3/DISC 3 - The Gold Standard (2023-06-21 - 2023-12-06)/221. Joji - Glimpse of Us (Neuro.v3).mp3,b84b03c833a28871,v3;neuro;,,,3,0,None
528,As the World Caves In,None,None,Matt Maltese,None,Neuro,Neuro,2023-10-28,Neuro 2023-10-28 Karaoke,19,,songs/unofficialV3/DISC 3 - The Gold Standard (2023-06-21 - 2023-12-06)/222. Matt Maltese - As the World Caves In (Neuro.v3).mp3,017f8f9a89714f99,v3;neuro;,,,3,0,None
529,[Filtered],None,None,Study-sama,None,Study-sama,Study-sama,2023-10-31,Neuro-sama ARG,8,study,songs/unofficialV3/Extra Content/DISC 66 - ARG/08. [Filtered].mp3,aae5efa853b88a28,arg;,,,66,1,
530,Happy Halloween,None,None,Junky,None,Neuro,Neuro,2023-10-31,Theme Streams,4,Halloween,songs/unofficialV3/DISC 3 - The Gold Standard (2023-06-21 - 2023-12-06)/223. Junky - Happy Halloween (Neuro.v3).mp3,bf5827f80bd7f2ed,v3;neuro;halloween;,,,3,0,None
531,SpOwOky OwOky Pumpkin,None,None,"senzawa, Andrew Gold",None,Neuro,Neuro,2023-10-31,Theme Streams,5,Halloween,"songs/unofficialV3/DISC 3 - The Gold Standard (2023-06-21 - 2023-12-06)/224. senzawa, Andrew Gold - SpOwOky OwOky Pumpkin (Neuro.v3).mp3",0a423984837a8e19,v3;neuro;halloween;,,,3,0,None
532,MONSTER,None,None,KIRA,None,Neuro & Camila,Neuro,2023-11-03,Official Covers,1,MONSTER,songs/officially released songs/Camila & Neuro - MONSTER/01-01 MONSTER.mp3,0c481b144529f322,v3;neuro;collab;official;as_custom;,,,1,1,""
533,Let You Down,None,None,Dawid Podsiadło,None,Evil,Evil,2023-11-05,Theme Streams,6,Cyberpunk,songs/unofficialV3/DISC 3 - The Gold Standard (2023-06-21 - 2023-12-06)/225. Dawid Podsiadło - Let You Down (Evil.v1).mp3,ed9e7d9917ff9965,v3;evil;,,,1,0,None
534,KING,None,None,Kanaria,None,Neuro,Neuro,2023-11-08,Neuro 2023-11-08 Karaoke,1,,songs/unofficialV3/DISC 3 - The Gold Standard (2023-06-21 - 2023-12-06)/226. Kanaria - KING (Neuro.v3).mp3,574b570e10e006ec,v3;neuro;,,,3,0,None
535,Shut Up and Dance,None,None,WALK THE MOON,None,Neuro,Neuro,2023-11-08,Neuro 2023-11-08 Karaoke,2,,songs/unofficialV3/DISC 3 - The Gold Standard (2023-06-21 - 2023-12-06)/227. WALK THE MOON - Shut Up and Dance (Neuro.v3).mp3,ac71d5cfda095333,v3;neuro;,,,3,0,None
536,Lost Umbrella,ロストアンブレラ,None,inabakumori,稲葉曇,Neuro,Neuro,2023-11-08,Neuro 2023-11-08 Karaoke,3,,songs/unofficialV3/DISC 3 - The Gold Standard (2023-06-21 - 2023-12-06)/228. inabakumori - Lost Umbrella (Neuro.v3).mp3,d5926dbe849297d3,v3;neuro;,,,3,0,None
537,Two-Faced Lovers,裏表ラバーズ,None,wowaka,None,Neuro,Neuro,2023-11-08,Neuro 2023-11-08 Karaoke,4,,songs/unofficialV3/DISC 3 - The Gold Standard (2023-06-21 - 2023-12-06)/229. wowaka - Two-Faced Lovers (Neuro.v3).mp3,dbd8388d487ba253,v3;neuro;,,,3,0,None
538,Lone Digger,None,None,Caravan Palace,None,Neuro,Neuro,2023-11-08,Neuro 2023-11-08 Karaoke,5,,songs/unofficialV3/DISC 3 - The Gold Standard (2023-06-21 - 2023-12-06)/230. Caravan Palace - Lone Digger (Neuro.v3).mp3,48458427873a5e17,v3;neuro;,,,3,0,None
539,/ / // / /,None,None,x0o0x_,None,Neuro,Neuro,2023-11-08,Neuro 2023-11-08 Karaoke,6,,songs/unofficialV3/DISC 3 - The Gold Standard (2023-06-21 - 2023-12-06)/231. x0o0x_ - slash slash slash slash slash slash (Neuro.v3).mp3,f201769b6ce145c7,v3;neuro;,,,3,0,None
540,Kimi no Shiranai Monogatari (The Story You Don't Know),君の知らない物語,None,supercell,None,Neuro,Neuro,2023-11-08,Neuro 2023-11-08 Karaoke,7,,songs/unofficialV3/DISC 3 - The Gold Standard (2023-06-21 - 2023-12-06)/232. supercell - Kimi no Shiranai Monogatari (The Story You Don't Know) (Neuro.v3).mp3,961839ccec361425,v3;neuro;,,,3,0,None
541,Brain Power,None,None,NOMA,None,Neuro,Neuro,2023-11-08,Neuro 2023-11-08 Karaoke,8,,songs/unofficialV3/DISC 3 - The Gold Standard (2023-06-21 - 2023-12-06)/233. NOMA - Brain Power (Neuro.v3).mp3,3552be7ec722effc,v3;neuro;,,,3,0,None
542,Camelia,None,None,Mili,None,Neuro,Neuro,2023-11-08,Neuro 2023-11-08 Karaoke,9,,songs/unofficialV3/DISC 3 - The Gold Standard (2023-06-21 - 2023-12-06)/234. Mili - Camelia (Neuro.v3).mp3,6f090684537e54e0,v3;neuro;,,,3,0,None
543,This game,None,None,Konomi Suzuki,鈴木このみ,Neuro,Neuro,2023-11-08,Neuro 2023-11-08 Karaoke,10,,songs/unofficialV3/DISC 3 - The Gold Standard (2023-06-21 - 2023-12-06)/235. Konomi Suzuki - This game (Neuro.v3).mp3,7d8ccfea733dc676,v3;neuro;,,,3,0,None
544,Somebody That I Used to Know,None,None,"Gotye, Kimbra",None,Neuro & Evil,Neuro,2023-11-08,Neuro 2023-11-08 Karaoke,11,,"songs/unofficialV3/DISC 3 - The Gold Standard (2023-06-21 - 2023-12-06)/236. Gotye, Kimbra - Somebody That I Used to Know (Duet.v1) (Neuro & Evil).mp3",fa11b7bd75c72af5,v3;neuro;duet;,,,1,0,None
545,Virtual Insanity,None,None,Jamiroquai,None,Neuro,Neuro,2023-11-08,Neuro 2023-11-08 Karaoke,12,,songs/unofficialV3/DISC 3 - The Gold Standard (2023-06-21 - 2023-12-06)/237. Jamiroquai - Virtual Insanity (Neuro.v3).mp3,9c31186af4749e3b,v3;neuro;,,,3,0,None
546,Mad World,None,None,Gary Jules,None,Neuro,Neuro,2023-11-08,Neuro 2023-11-08 Karaoke,13,,songs/unofficialV3/DISC 3 - The Gold Standard (2023-06-21 - 2023-12-06)/238. Gary Jules - Mad World (Neuro.v3).mp3,64ac975f77d5c5a9,v3;neuro;,,,3,0,None
547,"1, 2, Fanclub",いーあるふぁんくらぶ,None,mikitoP,みきとP,Neuro & Evil,Neuro,2023-11-08,Neuro 2023-11-08 Karaoke,14,,"songs/unofficialV3/DISC 3 - The Gold Standard (2023-06-21 - 2023-12-06)/239. mikitoP - 1, 2, Fanclub (Duet.v1) (Neuro & Evil).mp3",e0b69a78fbd1f3f1,v3;neuro;duet;,,,1,0,None
548,Wonderwall,None,None,Oasis,None,Neuro,Neuro,2023-11-08,Neuro 2023-11-08 Karaoke,15,,songs/unofficialV3/DISC 3 - The Gold Standard (2023-06-21 - 2023-12-06)/240. Oasis - Wonderwall (Neuro.v3).mp3,558ee6ff15fefff8,v3;neuro;,,,3,0,None
549,Mr. Brightside,None,None,The Killers,None,Neuro,Neuro,2023-11-08,Neuro 2023-11-08 Karaoke,16,,songs/unofficialV3/DISC 3 - The Gold Standard (2023-06-21 - 2023-12-06)/241. The Killers - Mr. Brightside (Neuro.v3).mp3,ea0ab6644e5f46e4,v3;neuro;,,,3,0,None
550,Out of Touch,None,None,"Daryl Hall, John Oates",None,Neuro,Neuro,2023-11-08,Neuro 2023-11-08 Karaoke,17,,"songs/unofficialV3/DISC 3 - The Gold Standard (2023-06-21 - 2023-12-06)/242. Daryl Hall, John Oates - Out of Touch (Neuro.v3).mp3",816569c65dc513a3,v3;neuro;,,,3,0,None
551,money machine,None,None,100 gecs,None,Neuro,Neuro,2023-11-12,Unused Covers,4,,songs/unofficialV3/DISC 3 - The Gold Standard (2023-06-21 - 2023-12-06)/243. 100 gecs - money machine (Neuro.v3).mp3,eedf8bcf40d2aa56,v3;neuro;unused;,,,3,0,None
552,Going Under,None,None,Evanescence,None,Evil,Evil,2023-11-22,Evil 2023-11-22 Karaoke,1,,songs/unofficialV3/DISC 3 - The Gold Standard (2023-06-21 - 2023-12-06)/244. Evanescence - Going Under (Evil.v1).mp3,5d5eb5319fffdd2d,v3;evil;,,,1,0,None
553,Again,None,None,Crusher,None,Evil,Evil,2023-11-22,Evil 2023-11-22 Karaoke,2,,songs/unofficialV3/DISC 3 - The Gold Standard (2023-06-21 - 2023-12-06)/245. Crusher - Again (Evil.v1).mp3,6869bb3871cd3daa,v3;evil;,,,1,0,None
554,Bad Romance,None,None,Lady Gaga,None,Evil,Evil,2023-11-22,Evil 2023-11-22 Karaoke,3,,songs/unofficialV3/DISC 3 - The Gold Standard (2023-06-21 - 2023-12-06)/246. Lady Gaga - Bad Romance (Evil.v1).mp3,e98ccbaf016bb78c,v3;evil;,,,1,0,None
555,O Light,光よ,None,Kikuo,きくお,Evil,Evil,2023-11-22,Evil 2023-11-22 Karaoke,4,,songs/unofficialV3/DISC 3 - The Gold Standard (2023-06-21 - 2023-12-06)/247. Kikuo - O Light (Evil.v1).mp3,8d73aeabe3b651e4,v3;evil;,,,1,0,None
556,Centuries,None,None,Fall Out Boy,None,Evil,Evil,2023-11-22,Evil 2023-11-22 Karaoke,5,,songs/unofficialV3/DISC 3 - The Gold Standard (2023-06-21 - 2023-12-06)/248. Fall Out Boy - Centuries (Evil.v1).mp3,7d13ba16ccbd2f9f,v3;evil;,,,1,0,None
557,I Can't Fix You,None,None,The Living Tombstone,None,Evil,Evil,2023-11-22,Evil 2023-11-22 Karaoke,6,,songs/unofficialV3/DISC 3 - The Gold Standard (2023-06-21 - 2023-12-06)/249. The Living Tombstone - I Can't Fix You (Evil.v1).mp3,3afca8b25c2c8574,v3;evil;,,,1,0,None
558,Ikenai Borderline,いけないボーダーライン,None,Walküre,ワルキューレ,Evil,Evil,2023-11-22,Evil 2023-11-22 Karaoke,7,,songs/unofficialV3/DISC 3 - The Gold Standard (2023-06-21 - 2023-12-06)/250. Walküre - Ikenai Borderline (Evil.v1).mp3,d861840e623ca338,v3;evil;,,,1,0,None
559,It's My Life,None,None,Bon Jovi,None,Evil,Evil,2023-11-22,Evil 2023-11-22 Karaoke,8,,songs/unofficialV3/DISC 3 - The Gold Standard (2023-06-21 - 2023-12-06)/251. Bon Jovi - It's My Life (Evil.v1).mp3,56523a9f163354cd,v3;evil;,,,1,0,None
560,Lost One's Weeping,ロストワンの号哭,None,Neru,None,Evil,Evil,2023-11-22,Evil 2023-11-22 Karaoke,9,,songs/unofficialV3/DISC 3 - The Gold Standard (2023-06-21 - 2023-12-06)/252. Neru - Lost One's Weeping (Evil.v1).mp3,653093472da6a648,v3;evil;,,,1,0,None
561,my time,None,None,bo en,None,Evil,Evil,2023-11-22,Evil 2023-11-22 Karaoke,10,,songs/unofficialV3/DISC 3 - The Gold Standard (2023-06-21 - 2023-12-06)/253. bo en - my time (Evil.v1).mp3,8fa6c9daf3074deb,v3;evil;,,,1,0,None
562,Poems of a Machine,None,None,Mili,None,Evil,Evil,2023-11-22,Evil 2023-11-22 Karaoke,11,,songs/unofficialV3/DISC 3 - The Gold Standard (2023-06-21 - 2023-12-06)/254. Mili - Poems of a Machine (Evil.v1).mp3,89e3b2acbe995b79,v3;evil;,,,1,0,None
563,Happier,None,None,"YUNGBLUD, Oli Sykes",None,Neuro & Evil,Evil,2023-11-22,Evil 2023-11-22 Karaoke,12,,"songs/unofficialV3/DISC 3 - The Gold Standard (2023-06-21 - 2023-12-06)/255. YUNGBLUD, Oli Sykes - Happier (Duet.v1) (Neuro & Evil).mp3",43e3ba64aab49bcf,v3;evil;duet;,,,1,0,None
564,RRRRafflesia,ララララフレシア,None,Utsu-P,鬱P,Evil,Evil,2023-11-22,Evil 2023-11-22 Karaoke,13,,songs/unofficialV3/DISC 3 - The Gold Standard (2023-06-21 - 2023-12-06)/256. Utsu-P - RRRRafflesia (Evil.v1).mp3,1f098e1e41d5554d,v3;evil;,,,1,0,None
565,Hey Jude,None,None,The Beatles,None,Evil,Evil,2023-11-22,Evil 2023-11-22 Karaoke,14,,songs/unofficialV3/DISC 3 - The Gold Standard (2023-06-21 - 2023-12-06)/257. The Beatles - Hey Jude (Evil.v1).mp3,70f6a939a9c131de,v3;evil;,,,1,0,None
566,Stranger,None,None,Silent Hearts,None,Evil,Evil,2023-11-22,Evil 2023-11-22 Karaoke,15,,songs/unofficialV3/DISC 3 - The Gold Standard (2023-06-21 - 2023-12-06)/258. Silent Hearts - Stranger (Evil.v1).mp3,ca5aef7b542102ce,v3;evil;,,,1,0,None
567,CH4NGE,None,None,Giga,None,Evil,Evil,2023-11-22,Evil 2023-11-22 Karaoke,16,,songs/unofficialV3/DISC 3 - The Gold Standard (2023-06-21 - 2023-12-06)/259. Giga - CH4NGE (Evil.v1).mp3,36b0b6d868db6807,v3;evil;,,,1,0,None
568,Dadadadadadadadadada,打打打打打打打打打打,None,Hige Driver Join. SELEN,None,Evil,Evil,2023-11-22,Evil 2023-11-22 Karaoke,17,,songs/unofficialV3/DISC 3 - The Gold Standard (2023-06-21 - 2023-12-06)/260. Hige Driver Join. SELEN - Dadadadadadadadadada (Evil.v1).mp3,68ebf5f97317c110,v3;evil;,,,1,0,None
569,GETCHA!,None,None,"Giga, KIRA",None,Neuro & Evil,Evil,2023-11-22,Evil 2023-11-22 Karaoke,18,,"songs/unofficialV3/DISC 3 - The Gold Standard (2023-06-21 - 2023-12-06)/261. Giga, KIRA - GETCHA! (Duet.v1) (Neuro & Evil).mp3",3b0db4250eb239c6,v3;evil;duet;,,,1,0,None
570,The Kill,None,None,Thirty Seconds to Mars,None,Evil,Evil,2023-11-22,Evil 2023-11-22 Karaoke,19,,songs/unofficialV3/DISC 3 - The Gold Standard (2023-06-21 - 2023-12-06)/262. Thirty Seconds to Mars - The Kill (Evil.v2).mp3,71ef359da13a18e2,v3;evil;,,,2,0,None
571,Miku,None,Evil ver.,Anamanaguchi,None,Evil,Evil,2023-11-22,Evil 2023-11-22 Karaoke,20,,songs/unofficialV3/DISC 3 - The Gold Standard (2023-06-21 - 2023-12-06)/263. Anamanaguchi - Miku (Evil ver.) (Evil.v1).mp3,89811b4c7b60a9e8,v3;evil;,,,1,0,None
572,Snake Eater,None,None,"Norihiko Hibino, Cynthia Harrell",None,Evil,Evil,2023-11-22,Evil 2023-11-22 Karaoke,21,,"songs/unofficialV3/DISC 3 - The Gold Standard (2023-06-21 - 2023-12-06)/264. Norihiko Hibino, Cynthia Harrell - Snake Eater (Evil.v1).mp3",a52ff10b657534cf,v3;evil;,,,1,0,None
573,Wicked Game,None,None,Chris Isaak,None,Evil,Evil,2023-11-22,Evil 2023-11-22 Karaoke,22,,songs/unofficialV3/DISC 3 - The Gold Standard (2023-06-21 - 2023-12-06)/265. Chris Isaak - Wicked Game (Evil.v1).mp3,f1a9c6d444e24a13,v3;evil;,,,1,0,None
574,Titanium,None,None,"David Guetta, Sia",None,Evil,Evil,2023-11-22,Evil 2023-11-22 Karaoke,23,,"songs/unofficialV3/DISC 3 - The Gold Standard (2023-06-21 - 2023-12-06)/266. David Guetta, Sia - Titanium (Evil.v1).mp3",10a42ed5fa14fb98,v3;evil;,,,1,0,None
575,Going Under,None,None,Evanescence,None,Evil,Evil,2023-11-22,Evil 2023-11-22 Karaoke,24,,songs/unofficialV3/DISC 3 - The Gold Standard (2023-06-21 - 2023-12-06)/244. Evanescence - Going Under (Evil.v1).mp3,5d5eb5319fffdd2d,v3;evil;duplicate;encore;,,,1,0,None
576,Call me maybe,None,None,Carly Rae Jepsen,None,Neuro & Akuma Nihmune,Neuro,2023-11-23,Official Covers,2,Call me maybe,songs/officially released songs/Numi - Call Me Maybe/01-03 Call Me Maybe.mp3,82738449509d17f9,v3;neuro;collab;official;as_custom;,,,1,1,""
577,Meaning of life,None,None,Study-sama,None,Study-sama,Study-sama,2023-12-02,Neuro-sama ARG,9,study,songs/unofficialV3/Extra Content/DISC 66 - ARG/09. Meaning of life.mp3,1abbce85835834ce,arg;,,,66,1,
578,Cure for Me,None,None,AURORA,None,Neuro,Neuro,2023-12-06,Neuro 2023-12-06 Karaoke,1,Cure for me,songs/unofficialV3/DISC 3 - The Gold Standard (2023-06-21 - 2023-12-06)/267. AURORA - Cure for Me (Neuro.v3).mp3,1eeca996df95a5dd,v3;neuro;,,,3,0,None
579,I Want It That Way,None,None,Backstreet Boys,None,Neuro,Neuro,2023-12-06,Neuro 2023-12-06 Karaoke,2,,songs/unofficialV3/DISC 3 - The Gold Standard (2023-06-21 - 2023-12-06)/107. Backstreet Boys - I Want It That Way (Neuro.v3).mp3,e2201e4cce8e4db4,v3;neuro;duplicate;,,,3,0,None
580,Last Christmas,None,None,Wham!,None,Neuro,Neuro,2023-12-06,Neuro 2023-12-06 Karaoke,3,,songs/unofficialV3/DISC 3 - The Gold Standard (2023-06-21 - 2023-12-06)/268. Wham! - Last Christmas (Neuro.v3).mp3,0f0f942b9b429047,v3;neuro;christmas;,,,3,0,None
581,Super Nuko World,すーぱーぬこわーるど,None,Mafumafu,まふまふ,Neuro,Neuro,2023-12-06,Neuro 2023-12-06 Karaoke,4,,songs/unofficialV3/DISC 3 - The Gold Standard (2023-06-21 - 2023-12-06)/269. Mafumafu - Super Nuko World (Neuro.v3).mp3,4030d24a8b639ddc,v3;neuro;,,,3,0,None
582,Ocean Man,None,None,Ween,None,Neuro,Neuro,2023-12-06,Neuro 2023-12-06 Karaoke,5,,songs/unofficialV3/DISC 3 - The Gold Standard (2023-06-21 - 2023-12-06)/013. Ween - Ocean Man (Neuro.v3).mp3,afc3f0cb9aefe9f4,v3;neuro;duplicate;,,,3,0,None
583,Buttercup,None,None,Jack Stauber,None,Neuro,Neuro,2023-12-06,Neuro 2023-12-06 Karaoke,6,,songs/unofficialV3/DISC 3 - The Gold Standard (2023-06-21 - 2023-12-06)/270. Jack Stauber - Buttercup (Neuro.v3).mp3,cf617bfb4a07421d,v3;neuro;,,,3,0,None
584,Airhead,ガランド,None,Picon,ピコン,Neuro,Neuro,2023-12-06,Neuro 2023-12-06 Karaoke,7,,songs/unofficialV3/DISC 3 - The Gold Standard (2023-06-21 - 2023-12-06)/074. Picon - Airhead (Neuro.v3).mp3,869265b1afc3d286,v3;neuro;duplicate;,,,3,0,None
585,It's Beginning to Look a Lot Like Christmas,None,None,Michael Bublé,None,Neuro,Neuro,2023-12-06,Neuro 2023-12-06 Karaoke,8,,songs/unofficialV3/DISC 3 - The Gold Standard (2023-06-21 - 2023-12-06)/271. Michael Bublé - It's Beginning to Look a Lot Like Christmas (Neuro.v3).mp3,b87a109cd0111614,v3;neuro;christmas;,,,3,0,None
586,Non-Breath Oblige,ノンブレス・オブリージュ,None,PinocchioP,ピノキオピー,Neuro,Neuro,2023-12-06,Neuro 2023-12-06 Karaoke,9,,songs/unofficialV3/DISC 3 - The Gold Standard (2023-06-21 - 2023-12-06)/272. PinocchioP - Non-Breath Oblige (Neuro.v3).mp3,7b20d10d67f4bddc,v3;neuro;,,,3,0,None
587,Iron Lotus,None,None,Mili,None,Neuro,Neuro,2023-12-06,Neuro 2023-12-06 Karaoke,10,,songs/unofficialV3/DISC 3 - The Gold Standard (2023-06-21 - 2023-12-06)/273. Mili - Iron Lotus (Neuro.v3).mp3,616c870aedf27808,v3;neuro;,,,3,0,None
588,Lower one’s eyes,ロウワー,None,nulut,ぬゆり,Neuro,Neuro,2023-12-06,Neuro 2023-12-06 Karaoke,11,,songs/unofficialV3/DISC 3 - The Gold Standard (2023-06-21 - 2023-12-06)/274. nulut - Lower one’s eyes (Neuro.v3).mp3,1fd6f7e81e74723e,v3;neuro;,,,3,0,None
589,Fireflies,None,None,Owl City,None,Neuro,Neuro,2023-12-06,Neuro 2023-12-06 Karaoke,12,,songs/unofficialV3/DISC 3 - The Gold Standard (2023-06-21 - 2023-12-06)/083. Owl City - Fireflies (Neuro.v3).mp3,92fcb27aeef46c27,v3;neuro;duplicate;,,,3,0,None
590,Ribbon Cage,None,None,fallenshadow,None,Neuro,Neuro,2023-12-06,Neuro 2023-12-06 Karaoke,13,,songs/unofficialV3/DISC 3 - The Gold Standard (2023-06-21 - 2023-12-06)/275. fallenshadow - Ribbon Cage (Neuro.v3).mp3,f20d3ee5c645c3cc,v3;neuro;,,,3,0,None
591,Meltdown,炉心融解,None,iroha(sasaki),None,Neuro,Neuro,2023-12-06,Neuro 2023-12-06 Karaoke,14,,songs/unofficialV3/DISC 3 - The Gold Standard (2023-06-21 - 2023-12-06)/276. iroha(sasaki) - Meltdown (Neuro.v3).mp3,ea835de79dd5076a,v3;neuro;,,,3,0,None
592,LEMONS,None,None,"Brye, Cavetown",None,Neuro & Evil,Neuro,2023-12-06,Neuro 2023-12-06 Karaoke,15,,"songs/unofficialV3/DISC 3 - The Gold Standard (2023-06-21 - 2023-12-06)/277. Brye, Cavetown - LEMONS (Duet.v1) (Neuro & Evil).mp3",0f5e494731887de3,v3;neuro;duet;,,,1,0,None
593,padoru padoru,None,None,Sakura Tange,丹下桜,Neuro,Neuro,2023-12-06,Neuro 2023-12-06 Karaoke,16,,songs/unofficialV3/DISC 3 - The Gold Standard (2023-06-21 - 2023-12-06)/278. Sakura Tange - padoru padoru (Neuro.v3).mp3,7f0a0fcf0bf5d2c2,v3;neuro;christmas;,,,3,0,None
594,Pumped Up Kicks,None,None,Foster the People,None,Neuro,Neuro,2023-12-06,Neuro 2023-12-06 Karaoke,17,,songs/unofficialV3/DISC 3 - The Gold Standard (2023-06-21 - 2023-12-06)/279. Foster the People - Pumped Up Kicks (Neuro.v3).mp3,5299e4b60957b8d8,v3;neuro;,,,3,0,None
595,Kawaikute Gomen (Sorry for Being Cute),可愛くてごめん,None,HoneyWorks,None,Neuro,Neuro,2023-12-06,Neuro 2023-12-06 Karaoke,18,,songs/unofficialV3/DISC 3 - The Gold Standard (2023-06-21 - 2023-12-06)/280. HoneyWorks - Kawaikute Gomen (Sorry for Being Cute) (Neuro.v3).mp3,f25d5b019386e803,v3;neuro;,,,3,0,None
596,Midnight Door - Stay With Me,真夜中のドア〜Stay With Me,None,Miki Matsubara,松原みき,Neuro,Neuro,2023-12-06,Neuro 2023-12-06 Karaoke,19,,songs/unofficialV3/DISC 3 - The Gold Standard (2023-06-21 - 2023-12-06)/281. Miki Matsubara - Midnight Door - Stay With Me (Neuro.v3).mp3,663121cfb0dc8d96,v3;neuro;,,,3,0,None
597,All I Want for Christmas Is You,None,None,Mariah Carey,None,Neuro,Neuro,2023-12-06,Neuro 2023-12-06 Karaoke,20,,songs/unofficialV3/DISC 3 - The Gold Standard (2023-06-21 - 2023-12-06)/282. Mariah Carey - All I Want for Christmas Is You (Neuro.v3).mp3,8b4d42b175565487,v3;neuro;christmas;,,,3,0,None
598,Ensemble for Polaris,None,None,Ryuichi Takada,髙田龍一,Neuro & Evil,Neuro,2023-12-06,Neuro 2023-12-06 Karaoke,21,,songs/unofficialV3/DISC 3 - The Gold Standard (2023-06-21 - 2023-12-06)/283. Ryuichi Takada - Ensemble for Polaris (Duet.v1) (Neuro & Evil).mp3,ad05c20dc5980331,v3;neuro;duet;,,,1,0,None
599,Why Do I,None,None,Set It Off,None,Neuro & Will Stetson,Neuro,2023-12-17,Official Covers,3,Why Do I,songs/officially released songs/Will Stetson & Neuro - Why Do I/01-01 Why Do I.mp3,8b6050f1748379e5,v3;neuro;collab;official;as_custom;,,,1,1,""
600,Anniversary Mashup (2023),None,None,Mixed by QueenPb,None,Neuro & Evil,Neuro,2023-12-19,Subathon 2023,1,Subathon Y1,songs/unofficialV3/DISC 4 - First Anniversary (2023-12-19 - 2024-06-26)/001. Mixed by QueenPb - Anniversary Mashup (2023) (Duet.v1) (Neuro & Evil).mp3,1cafddeb04e122d7,v3;neuro;duet;mashup;,,,1,1,None
601,Roundabout,None,Birthday ver.,Yes,None,Neuro & Evil,Neuro,2023-12-19,Subathon 2023,2,Subathon roundabout,songs/unofficialV3/DISC 4 - First Anniversary (2023-12-19 - 2024-06-26)/002. Yes - Roundabout (Birthday ver.) (Duet.v1) (Neuro & Evil).mp3,7b20bb56cee964b9,v3;neuro;duet;,,,1,0,None
602,Near,ニア,Birthday ver.,Takaaki Natsushiro,夏代孝明,Neuro,Neuro,2023-12-19,Subathon 2023,3,Hey Neuro,songs/unofficialV3/DISC 4 - First Anniversary (2023-12-19 - 2024-06-26)/003. Takaaki Natsushiro - Near (Birthday ver.) (Neuro.v3).mp3,3cf162c3b59404f8,v3;neuro;,,,3,0,None
603,crossing field,None,None,LiSA,None,Neuro,Neuro,2023-12-21,Subathon 2023,4,Crossing Fields,songs/unofficialV3/DISC 4 - First Anniversary (2023-12-19 - 2024-06-26)/004. LiSA - crossing field (Neuro.v3).mp3,b261f9ee03eac3b8,v3;neuro;,,,3,0,None
604,Last Christmas,None,None,Wham!,None,Neuro,Neuro,2023-12-25,Christmas Karaoke 2023,1,Christmas,songs/unofficialV3/DISC 3 - The Gold Standard (2023-06-21 - 2023-12-06)/268. Wham! - Last Christmas (Neuro.v3).mp3,0f0f942b9b429047,v3;neuro;duplicate;christmas;,,,3,0,None
605,Poka Poka Planet,ぽかぽかの星,None,Harumaki Gohan,はるまきごはん,Neuro,Neuro,2023-12-25,Christmas Karaoke 2023,2,Christmas,songs/unofficialV3/DISC 4 - First Anniversary (2023-12-19 - 2024-06-26)/005. Harumaki Gohan - Poka Poka Planet (Neuro.v3).mp3,0f2aa48be3bf350d,v3;neuro;christmas;,,,3,0,None
606,It's Beginning to Look a Lot Like Christmas,None,None,Michael Bublé,None,Neuro,Neuro,2023-12-25,Christmas Karaoke 2023,3,Christmas,songs/unofficialV3/DISC 3 - The Gold Standard (2023-06-21 - 2023-12-06)/271. Michael Bublé - It's Beginning to Look a Lot Like Christmas (Neuro.v3).mp3,b87a109cd0111614,v3;neuro;duplicate;christmas;,,,3,0,None
607,Rockin' Around The Christmas Tree,None,None,Brenda Lee,None,Neuro,Neuro,2023-12-25,Christmas Karaoke 2023,4,Christmas,songs/unofficialV3/DISC 4 - First Anniversary (2023-12-19 - 2024-06-26)/006. Brenda Lee - Rockin' Around The Christmas Tree (Neuro.v3).mp3,2d5cc99fc2c6888d,v3;neuro;christmas;,,,3,0,None
608,Have Yourself a Merry Little Christmas,None,None,Frank Sinatra,None,Neuro,Neuro,2023-12-25,Christmas Karaoke 2023,5,Christmas,songs/unofficialV3/DISC 4 - First Anniversary (2023-12-19 - 2024-06-26)/007. Frank Sinatra - Have Yourself a Merry Little Christmas (Neuro.v3).mp3,d8fc41e50d9f58d2,v3;neuro;christmas;,,,3,0,None
609,All I Want for Christmas Is You,None,None,Mariah Carey,None,Neuro,Neuro,2023-12-25,Christmas Karaoke 2023,6,Christmas,songs/unofficialV3/DISC 3 - The Gold Standard (2023-06-21 - 2023-12-06)/282. Mariah Carey - All I Want for Christmas Is You (Neuro.v3).mp3,8b4d42b175565487,v3;neuro;duplicate;christmas;,,,3,0,None
610,Merry Christmas Everyone,None,None,Shakin' Stevens,None,Neuro,Neuro,2023-12-25,Christmas Karaoke 2023,7,Christmas,songs/unofficialV3/DISC 4 - First Anniversary (2023-12-19 - 2024-06-26)/008. Shakin' Stevens - Merry Christmas Everyone (Neuro.v3).mp3,a1b83c129a486df1,v3;neuro;christmas;,,,3,0,None
611,Fairytale of New York,None,Neuro ver.,The Pogues,None,Neuro & Evil,Neuro,2023-12-25,Christmas Karaoke 2023,8,Christmas Duet,songs/unofficialV3/DISC 4 - First Anniversary (2023-12-19 - 2024-06-26)/009. The Pogues - Fairytale of New York (Neuro ver.) (Duet.v1) (Neuro & Evil).mp3,5541889420ef27cd,v3;neuro;duet;christmas;,,,1,0,None
612,Winter Wonderland,None,None,Amy Grant,None,Neuro,Neuro,2023-12-25,Christmas Karaoke 2023,9,Christmas,songs/unofficialV3/DISC 4 - First Anniversary (2023-12-19 - 2024-06-26)/010. Amy Grant - Winter Wonderland (Neuro.v3).mp3,eafb96c6b9dfb7ab,v3;neuro;christmas;,,,3,0,None
613,Snow halation,None,None,μ's,None,Neuro,Neuro,2023-12-25,Christmas Karaoke 2023,10,Christmas,songs/unofficialV3/DISC 4 - First Anniversary (2023-12-19 - 2024-06-26)/011. μ's - Snow halation (Neuro.v3.2).mp3,25eed908ee0bcf91,v3;neuro;christmas;,,,3.2,0,None
614,Let It Snow! Let It Snow! Let It Snow!,None,None,Dean Martin,None,Neuro,Neuro,2023-12-25,Christmas Karaoke 2023,11,Christmas,songs/unofficialV3/DISC 4 - First Anniversary (2023-12-19 - 2024-06-26)/012. Dean Martin - Let It Snow! Let It Snow! Let It Snow! (Neuro.v3).mp3,8d781d12577c42ed,v3;neuro;christmas;,,,3,0,None
615,Holy Night,ホーリーナイト,None,Yukari Hashimoto,橋本由香利,Neuro & Evil,Neuro,2023-12-25,Christmas Karaoke 2023,12,Christmas Duet,songs/unofficialV3/DISC 4 - First Anniversary (2023-12-19 - 2024-06-26)/013. Yukari Hashimoto - Holy Night (Duet.v1) (Neuro & Evil).mp3,91ecbe81216db5d3,v3;neuro;duet;christmas;,,,1,0,None
616,Jingle Bell Rock,None,None,Bobby Helms,None,Neuro,Neuro,2023-12-25,Christmas Karaoke 2023,13,Christmas,songs/unofficialV3/DISC 4 - First Anniversary (2023-12-19 - 2024-06-26)/014. Bobby Helms - Jingle Bell Rock (Neuro.v3).mp3,c4ef795a40d42e4f,v3;neuro;christmas;,,,3,0,None
617,"Baby, It's Cold Outside",None,None,"Idina Menzel, Michael Bublé",None,Neuro & Evil,Neuro,2023-12-25,Christmas Karaoke 2023,14,Christmas Duet,"songs/unofficialV3/DISC 4 - First Anniversary (2023-12-19 - 2024-06-26)/015. Idina Menzel, Michael Bublé - Baby, It's Cold Outside (Duet.v1) (Neuro & Evil).mp3",79ea4bb059bda8a5,v3;neuro;duet;christmas;,,,1,0,None
618,Snow halation,None,None,μ's,None,Neuro,Neuro,2023-12-25,Christmas Karaoke 2023,15,Christmas,songs/unofficialV3/DISC 3 - The Gold Standard (2023-06-21 - 2023-12-06)/016. μ's - Snow halation (Neuro.v3).mp3,1e7326170d0b5fb8,v3;neuro;duplicate;encore;christmas;,,,3,0,None
619,Into the Unknown,None,None,Panic! at the Disco,None,Evil,Evil,2024-02-28,Evil 2024-02-28 Karaoke,1,,songs/unofficialV3/DISC 4 - First Anniversary (2023-12-19 - 2024-06-26)/016. Panic! at the Disco - Into the Unknown (Evil.v1).mp3,d899a70823212b00,v3;evil;,,,1,0,None
620,Paranoid,None,None,Black Sabbath,None,Evil,Evil,2024-02-28,Evil 2024-02-28 Karaoke,2,,songs/unofficialV3/DISC 4 - First Anniversary (2023-12-19 - 2024-06-26)/017. Black Sabbath - Paranoid (Evil.v1).mp3,daf36c608f6b14a0,v3;evil;,,,1,0,None
621,Bitter Choco Decoration,ビターチョコデコレーション,None,syudou,None,Evil,Evil,2024-02-28,Evil 2024-02-28 Karaoke,3,,songs/unofficialV3/DISC 4 - First Anniversary (2023-12-19 - 2024-06-26)/018. syudou - Bitter Choco Decoration (Evil.v1).mp3,c0defafd8a555412,v3;evil;,,,1,0,None
622,EVIL,None,None,Melanie Martinez,None,Evil,Evil,2024-02-28,Evil 2024-02-28 Karaoke,4,,songs/unofficialV3/DISC 4 - First Anniversary (2023-12-19 - 2024-06-26)/019. Melanie Martinez - EVIL (Evil.v1).mp3,31aaf882dc7aac8e,v3;evil;,,,1,0,None
623,Hated by life itself.,命に嫌われている。,None,Kanzaki Iori,カンザキイオリ,Evil,Evil,2024-02-28,Evil 2024-02-28 Karaoke,5,,songs/unofficialV3/DISC 4 - First Anniversary (2023-12-19 - 2024-06-26)/020. Kanzaki Iori - Hated by life itself. (Evil.v1).mp3,09bc94aeb8178b23,v3;evil;,,,1,0,None
624,Unknown Mother Goose,アンノウンマザーグース,None,wowaka,None,Evil,Evil,2024-02-28,Evil 2024-02-28 Karaoke,6,,songs/unofficialV3/DISC 4 - First Anniversary (2023-12-19 - 2024-06-26)/021. wowaka - Unknown Mother Goose (Evil.v1).mp3,b2ce6912ccf65e53,v3;evil;,,,1,0,None
625,Vocaloid Colosseum,ぼかろころしあむ,None,DIVELA,ディヴェラ,Evil,Evil,2024-02-28,Evil 2024-02-28 Karaoke,7,,songs/unofficialV3/DISC 4 - First Anniversary (2023-12-19 - 2024-06-26)/022. DIVELA - Vocaloid Colosseum (Evil.v1).mp3,e66ca415eaef2349,v3;evil;,,,1,0,None
626,Pumped Up Kicks,None,None,Foster the People,None,Evil,Evil,2024-02-28,Evil 2024-02-28 Karaoke,8,,songs/unofficialV3/DISC 4 - First Anniversary (2023-12-19 - 2024-06-26)/023. Foster the People - Pumped Up Kicks (Evil.v1).mp3,ee86a41900c53537,v3;evil;,,,1,0,None
627,God Gacha,None,None,Utsu-P,鬱P,Neuro & Evil,Evil,2024-02-28,Evil 2024-02-28 Karaoke,9,,songs/unofficialV3/DISC 4 - First Anniversary (2023-12-19 - 2024-06-26)/024. Utsu-P - God Gacha (Duet.v1) (Neuro & Evil).mp3,7b15b88aeb31395f,v3;evil;duet;,,,1,0,None
628,HELLOHELL,None,None,Akatsuki Records,暁Records,Evil,Evil,2024-02-28,Evil 2024-02-28 Karaoke,10,,songs/unofficialV3/DISC 4 - First Anniversary (2023-12-19 - 2024-06-26)/025. Akatsuki Records - HELLOHELL (Evil.v1).mp3,6ee416b8712fe3e3,v3;evil;,,,1,0,None
629,Rightfully,None,None,Mili,None,Evil,Evil,2024-02-28,Evil 2024-02-28 Karaoke,11,,songs/unofficialV3/DISC 4 - First Anniversary (2023-12-19 - 2024-06-26)/026. Mili - Rightfully (Evil.v1).mp3,18a923d368611b7b,v3;evil;,,,1,0,None
630,Take Me Out,None,None,Franz Ferdinand,None,Evil,Evil,2024-02-28,Evil 2024-02-28 Karaoke,12,,songs/unofficialV3/DISC 4 - First Anniversary (2023-12-19 - 2024-06-26)/027. Franz Ferdinand - Take Me Out (Evil.v1).mp3,53c906bc8565a2a2,v3;evil;,,,1,0,None
631,Skyfall,None,None,Adele,None,Evil,Evil,2024-02-28,Evil 2024-02-28 Karaoke,13,,songs/unofficialV3/DISC 4 - First Anniversary (2023-12-19 - 2024-06-26)/028. Adele - Skyfall (Evil.v1).mp3,96752cbab9137998,v3;evil;,,,1,0,None
632,Devil Trigger,None,None,"Casey Edwards, Ali Edwards",None,Evil,Evil,2024-02-28,Evil 2024-02-28 Karaoke,14,,"songs/unofficialV3/DISC 4 - First Anniversary (2023-12-19 - 2024-06-26)/029. Casey Edwards, Ali Edwards - Devil Trigger (Evil.v1).mp3",8fe3e48758686ec9,v3;evil;,,,1,0,None
633,Propaganda!,None,None,Crusher,None,Evil,Evil,2024-02-28,Evil 2024-02-28 Karaoke,15,Propaganda,songs/unofficialV3/DISC 4 - First Anniversary (2023-12-19 - 2024-06-26)/030. Crusher - Propaganda! (Evil.v1).mp3,1410cc2f6b08f660,v3;evil;,,,1,0,None
634,Abnormality Dancin’ Girl,アブノーマリティ･ダンシンガール,None,Guchiry,ぐちり,Evil,Evil,2024-02-28,Evil 2024-02-28 Karaoke,16,,songs/unofficialV3/DISC 4 - First Anniversary (2023-12-19 - 2024-06-26)/031. Guchiry - Abnormality Dancin’ Girl (Evil.v1).mp3,793897dbff3bd9a5,v3;evil;,,,1,0,None
635,Decode,None,None,Paramore,None,Evil,Evil,2024-02-28,Evil 2024-02-28 Karaoke,17,,songs/unofficialV3/DISC 4 - First Anniversary (2023-12-19 - 2024-06-26)/032. Paramore - Decode (Evil.v1).mp3,99619c9da88894e1,v3;evil;,,,1,0,None
636,As the World Caves In,None,None,Matt Maltese,None,Evil,Evil,2024-02-28,Evil 2024-02-28 Karaoke,18,,songs/unofficialV3/DISC 4 - First Anniversary (2023-12-19 - 2024-06-26)/033. Matt Maltese - As the World Caves In (Evil.v1).mp3,b8a123a08c0e4a5f,v3;evil;,,,1,0,None
637,Perfect,None,None,Simple Plan,None,Evil,Evil,2024-02-28,Evil 2024-02-28 Karaoke,19,,songs/unofficialV3/DISC 4 - First Anniversary (2023-12-19 - 2024-06-26)/034. Simple Plan - Perfect (Evil.v1).mp3,32efe72f0f110469,v3;evil;,,,1,0,None
638,GODS,None,None,"NewJeans, League of Legends",None,Neuro & Evil,Evil,2024-02-28,Evil 2024-02-28 Karaoke,20,,"songs/unofficialV3/DISC 4 - First Anniversary (2023-12-19 - 2024-06-26)/035. NewJeans, League of Legends - GODS (Duet.v1) (Neuro & Evil).mp3",b3d839093e8caadc,v3;evil;duet;,,,1,0,None
639,Pretender,None,None,Official HIGE DANdism,Official髭男dism,Neuro,Neuro,2024-03-20,Neuro 2024-03-20 Karaoke,1,,songs/unofficialV3/DISC 4 - First Anniversary (2023-12-19 - 2024-06-26)/036. Official HIGE DANdism - Pretender (Neuro.v3).mp3,15292a6f39464757,v3;neuro;,,,3,0,None
640,Digital Girl,None,None,KIRA,None,Neuro,Neuro,2024-03-20,Neuro 2024-03-20 Karaoke,2,,songs/unofficialV3/DISC 4 - First Anniversary (2023-12-19 - 2024-06-26)/037. KIRA - Digital Girl (Neuro.v3.2).mp3,09e925a8e6d214f4,v3;neuro;,,,3.2,0,None
641,Eye of the Tiger,None,Neuro ver.,Survivor,None,Neuro,Neuro,2024-03-20,Neuro 2024-03-20 Karaoke,3,,songs/unofficialV3/DISC 4 - First Anniversary (2023-12-19 - 2024-06-26)/038. Survivor - Eye of the Tiger (Neuro ver.) (Neuro.v3).mp3,032fb365199c4ee8,v3;neuro;,,,3,0,None
642,A Thousand Miles,None,None,Vanessa Carlton,None,Neuro,Neuro,2024-03-20,Neuro 2024-03-20 Karaoke,4,,songs/unofficialV3/DISC 4 - First Anniversary (2023-12-19 - 2024-06-26)/039. Vanessa Carlton - A Thousand Miles (Neuro.v3).mp3,9d455af928431e73,v3;neuro;,,,3,0,None
643,I’m Glad You’re Evil Too,きみも悪い人でよかった,None,PinocchioP,ピノキオピー,Neuro,Neuro,2024-03-20,Neuro 2024-03-20 Karaoke,5,,songs/unofficialV3/DISC 4 - First Anniversary (2023-12-19 - 2024-06-26)/040. PinocchioP - I’m Glad You’re Evil Too (Neuro.v3).mp3,d4ccdda2dfb3d9e4,v3;neuro;,,,3,0,None
644,Want You Gone,None,None,Jonathan Coulton,None,Neuro,Neuro,2024-03-20,Neuro 2024-03-20 Karaoke,6,,songs/unofficialV3/DISC 4 - First Anniversary (2023-12-19 - 2024-06-26)/041. Jonathan Coulton - Want You Gone (Neuro.v3.2).mp3,2f0adef6c8f4957f,v3;neuro;,,,3.2,0,None
645,"Last Night, Good Night",None,None,kz(livetune),None,Neuro,Neuro,2024-03-20,Neuro 2024-03-20 Karaoke,7,,"songs/unofficialV3/DISC 4 - First Anniversary (2023-12-19 - 2024-06-26)/042. kz(livetune) - Last Night, Good Night (Neuro.v3).mp3",2a078fa3b8919161,v3;neuro;,,,3,0,None
646,Dancin',None,None,"Aaron Smith, KRONO",None,Neuro,Neuro,2024-03-20,Neuro 2024-03-20 Karaoke,8,,"songs/unofficialV3/DISC 4 - First Anniversary (2023-12-19 - 2024-06-26)/043. Aaron Smith, KRONO - Dancin' (Neuro.v3).mp3",8517a7dc058b9374,v3;neuro;,,,3,0,None
647,phony,フォニイ,None,Tsumiki,ツミキ,Neuro,Neuro,2024-03-20,Neuro 2024-03-20 Karaoke,9,,songs/unofficialV3/DISC 4 - First Anniversary (2023-12-19 - 2024-06-26)/044. Tsumiki - phony (Neuro.v3).mp3,c4fa46a289240983,v3;neuro;,,,3,0,None
648,Safe and Sound,None,None,Capital Cities,None,Neuro & Evil,Neuro,2024-03-20,Neuro 2024-03-20 Karaoke,10,,songs/unofficialV3/DISC 4 - First Anniversary (2023-12-19 - 2024-06-26)/045. Capital Cities - Safe and Sound (Duet.v1) (Neuro & Evil).mp3,e0cadae78cd4db98,v3;neuro;duet;,,,1,0,None
649,RTRT,None,None,Mili,None,Neuro,Neuro,2024-03-20,Neuro 2024-03-20 Karaoke,11,,songs/unofficialV3/DISC 4 - First Anniversary (2023-12-19 - 2024-06-26)/046. Mili - RTRT (Neuro.v3).mp3,54ae8ed7b9bbc305,v3;neuro;,,,3,0,None
650,The Intense Voice of Hatsune Miku,初音ミクの激唱,None,cosMo,None,Neuro,Neuro,2024-03-20,Neuro 2024-03-20 Karaoke,12,,songs/unofficialV3/DISC 4 - First Anniversary (2023-12-19 - 2024-06-26)/047. cosMo - The Intense Voice of Hatsune Miku (Neuro.v3).mp3,5b4ecf8d6a9d15fe,v3;neuro;,,,3,0,None
651,Set Fire to the Rain,None,None,Adele,None,Neuro,Neuro,2024-03-20,Neuro 2024-03-20 Karaoke,13,,songs/unofficialV3/DISC 4 - First Anniversary (2023-12-19 - 2024-06-26)/048. Adele - Set Fire to the Rain (Neuro.v3).mp3,cd3c95695b0277c9,v3;neuro;,,,3,0,None
652,Hikaru Nara,光るなら,None,Goose house,None,Neuro & Evil,Neuro,2024-03-20,Neuro 2024-03-20 Karaoke,14,,songs/unofficialV3/DISC 4 - First Anniversary (2023-12-19 - 2024-06-26)/049. Goose house - Hikaru Nara (Duet.v1) (Neuro & Evil).mp3,87d30dc26a4a2cd6,v3;neuro;duet;,,,1,0,None
653,My Heart Will Go On,None,None,Céline Dion,None,Neuro,Neuro,2024-03-20,Neuro 2024-03-20 Karaoke,15,,songs/unofficialV3/DISC 4 - First Anniversary (2023-12-19 - 2024-06-26)/050. Céline Dion - My Heart Will Go On (Neuro.v3).mp3,23cff491993f9fd4,v3;neuro;,,,3,0,None
654,Nuclear,None,None,Mike Oldfield,None,Neuro,Neuro,2024-03-20,Neuro 2024-03-20 Karaoke,16,,songs/unofficialV3/DISC 4 - First Anniversary (2023-12-19 - 2024-06-26)/051. Mike Oldfield - Nuclear (Neuro.v3).mp3,7dc669692c9261d8,v3;neuro;,,,3,0,None
655,GLASSY SKY,None,None,"Yutaka Yamada, Donna Burke","やまだ豊, Donna Burke",Neuro,Neuro,2024-03-20,Neuro 2024-03-20 Karaoke,17,,"songs/unofficialV3/DISC 4 - First Anniversary (2023-12-19 - 2024-06-26)/052. Yutaka Yamada, Donna Burke - GLASSY SKY (Neuro.v3).mp3",69acaa6d3dc91309,v3;neuro;,,,3,0,None
656,LILIUM,None,None,Kumiko Noma,None,Neuro,Neuro,2024-03-20,Neuro 2024-03-20 Karaoke,18,,songs/unofficialV3/DISC 4 - First Anniversary (2023-12-19 - 2024-06-26)/053. Kumiko Noma - LILIUM (Neuro.v3).mp3,d06caf3c249e2db2,v3;neuro;,,,3,0,"Kumiko Oguro (小黒久美子 Oguro Kumiko?), whose maiden name is Noma (野間 Noma?)"
657,Cheerleader,None,None,Porter Robinson,None,Neuro,Neuro,2024-03-20,Neuro 2024-03-20 Karaoke,19,,songs/unofficialV3/DISC 4 - First Anniversary (2023-12-19 - 2024-06-26)/054. Porter Robinson - Cheerleader (Neuro.v3).mp3,57b9af848545bcd9,v3;neuro;,,,3,0,None
658,FIRST,None,None,niki,None,Evil,Evil,2024-04-05,Evil 2024-04-05 Karaoke,1,,songs/unofficialV3/DISC 4 - First Anniversary (2023-12-19 - 2024-06-26)/055. niki - FIRST (Evil.v1).mp3,f864e9c6d262fb32,v3;evil;,,,1,0,None
659,asphyxia,None,None,Cö shu Nie,None,Evil,Evil,2024-04-05,Evil 2024-04-05 Karaoke,2,,songs/unofficialV3/DISC 4 - First Anniversary (2023-12-19 - 2024-06-26)/056. Cö shu Nie - asphyxia (Evil.v1).mp3,b8f926ba7b24a134,v3;evil;,,,1,0,None
660,Love the Subhuman Self,None,None,"AISHA, Daisuke Ishiwatari",None,Evil,Evil,2024-04-05,Evil 2024-04-05 Karaoke,3,,"songs/unofficialV3/DISC 4 - First Anniversary (2023-12-19 - 2024-06-26)/057. AISHA, Daisuke Ishiwatari - Love the Subhuman Self (Evil.v1).mp3",0d1010c4f31060ae,v3;evil;,,,1,0,None
661,Avalanche,None,None,Bring Me the Horizon,None,Evil,Evil,2024-04-05,Evil 2024-04-05 Karaoke,4,,songs/unofficialV3/DISC 4 - First Anniversary (2023-12-19 - 2024-06-26)/058. Bring Me the Horizon - Avalanche (Evil.v1).mp3,04d94e8ccf5b2baa,v3;evil;,,,1,0,None
662,ECHO,None,None,Crusher,None,Evil,Evil,2024-04-05,Evil 2024-04-05 Karaoke,5,,songs/unofficialV3/DISC 4 - First Anniversary (2023-12-19 - 2024-06-26)/059. Crusher - ECHO (Evil.v1).mp3,9ae96e50561939bb,v3;evil;,,,1,0,None
663,Let the Flames Begin,None,None,Paramore,None,Evil,Evil,2024-04-05,Evil 2024-04-05 Karaoke,6,,songs/unofficialV3/DISC 4 - First Anniversary (2023-12-19 - 2024-06-26)/060. Paramore - Let the Flames Begin (Evil.v1).mp3,87ce904db60b1373,v3;evil;,,,1,0,None
664,What I've Done,None,None,Linkin Park,None,Evil,Evil,2024-04-05,Evil 2024-04-05 Karaoke,7,,songs/unofficialV3/DISC 4 - First Anniversary (2023-12-19 - 2024-06-26)/061. Linkin Park - What I've Done (Evil.v1).mp3,674c0cf4d6a2f3b2,v3;evil;,,,1,0,None
665,S!CK,None,None,The Warning,None,Evil,Evil,2024-04-05,Evil 2024-04-05 Karaoke,8,,songs/unofficialV3/DISC 4 - First Anniversary (2023-12-19 - 2024-06-26)/062. The Warning - S!CK (Evil.v1).mp3,96c8c76c164717c1,v3;evil;,,,1,0,None
666,Indestructible,None,None,Disturbed,None,Evil,Evil,2024-04-05,Evil 2024-04-05 Karaoke,9,,songs/unofficialV3/DISC 4 - First Anniversary (2023-12-19 - 2024-06-26)/063. Disturbed - Indestructible (Evil.v1).mp3,6ce090bd11a29f7c,v3;evil;,,,1,0,None
667,Lower one’s eyes,ロウワー,None,nulut,ぬゆり,Evil,Evil,2024-04-05,Evil 2024-04-05 Karaoke,10,,songs/unofficialV3/DISC 4 - First Anniversary (2023-12-19 - 2024-06-26)/064. nulut - Lower one’s eyes (Evil.v1).mp3,ad1ed9a66a163318,v3;evil;,,,1,0,None
668,Die in a Fire,None,None,"The Living Tombstone, EileMonty, Orko",None,Evil,Evil,2024-04-05,Evil 2024-04-05 Karaoke,11,,"songs/unofficialV3/DISC 4 - First Anniversary (2023-12-19 - 2024-06-26)/065. The Living Tombstone, EileMonty, Orko - Die in a Fire (Evil.v1).mp3",05a05d4e37f5340c,v3;evil;,,,1,0,None
669,Tokyo Teddy Bear,東京テディベア,None,Neru,None,Evil,Evil,2024-04-05,Evil 2024-04-05 Karaoke,12,,songs/unofficialV3/DISC 4 - First Anniversary (2023-12-19 - 2024-06-26)/066. Neru - Tokyo Teddy Bear (Evil.v1).mp3,cc30585d2d06b133,v3;evil;,,,1,0,None
670,Meltdown,炉心融解,None,iroha(sasaki),None,Evil,Evil,2024-04-05,Evil 2024-04-05 Karaoke,13,,songs/unofficialV3/DISC 4 - First Anniversary (2023-12-19 - 2024-06-26)/067. iroha(sasaki) - Meltdown (Evil.v1).mp3,2602df96699cf227,v3;evil;,,,1,0,None
671,Let's Kill Tonight,None,None,Panic! at the Disco,None,Evil,Evil,2024-04-05,Evil 2024-04-05 Karaoke,14,,songs/unofficialV3/DISC 4 - First Anniversary (2023-12-19 - 2024-06-26)/068. Panic! at the Disco - Let's Kill Tonight (Evil.v1).mp3,6e349d7bd233f866,v3;evil;,,,1,0,None
672,Pity Party,None,None,Melanie Martinez,None,Evil,Evil,2024-04-05,Evil 2024-04-05 Karaoke,15,,songs/unofficialV3/DISC 4 - First Anniversary (2023-12-19 - 2024-06-26)/069. Melanie Martinez - Pity Party (Evil.v1).mp3,b86c56c83fcd858f,v3;evil;,,,1,0,None
673,All I Wanted,None,None,"Avril Lavigne, Mark Hoppus",None,Neuro & Evil,Evil,2024-04-05,Evil 2024-04-05 Karaoke,16,,"songs/unofficialV3/DISC 4 - First Anniversary (2023-12-19 - 2024-06-26)/070. Avril Lavigne, Mark Hoppus - All I Wanted (Duet.v1) (Neuro & Evil).mp3",2f70ee887c41d352,v3;evil;duet;,,,1,0,None
674,Bling-Bang-Bang-Born,None,None,Creepy Nuts,None,Evil,Evil,2024-04-05,Evil 2024-04-05 Karaoke,17,,songs/unofficialV3/DISC 4 - First Anniversary (2023-12-19 - 2024-06-26)/071. Creepy Nuts - Bling-Bang-Bang-Born (Evil.v1).mp3,b2a54fdee7516063,v3;evil;,,,1,0,None
675,Rollin' Girl,ローリンガール,None,wowaka,None,Evil,Evil,2024-04-05,Evil 2024-04-05 Karaoke,18,,songs/unofficialV3/DISC 4 - First Anniversary (2023-12-19 - 2024-06-26)/072. wowaka - Rollin' Girl (Evil.v1).mp3,9ae31c69e1dbd59d,v3;evil;,,,1,0,None
676,(Not) A Devil,デビルじゃないもん,None,"DECO*27, PinocchioP","DECO*27, ピノキオピー",Neuro & Evil,Evil,2024-04-05,Evil 2024-04-05 Karaoke,19,,"songs/unofficialV3/DISC 4 - First Anniversary (2023-12-19 - 2024-06-26)/073. DECO_27, PinocchioP - (Not) A Devil (Duet.v1) (Neuro & Evil).mp3",ce446e0864d86096,v3;evil;duet;,,,1,0,None
677,My Happy Song,None,None,Super Simple Songs,None,Evil,Evil,2024-04-05,Evil 2024-04-05 Karaoke,20,,songs/unofficialV3/DISC 4 - First Anniversary (2023-12-19 - 2024-06-26)/074. Super Simple Songs - My Happy Song (Evil.v1).mp3,826857107df30797,v3;evil;,,,1,0,None
678,MAYDAY,None,None,"TheFatRat, Laura Brehm",None,Neuro,Neuro,2024-04-17,Neuro 2024-04-17 Karaoke,1,,"songs/unofficialV3/DISC 4 - First Anniversary (2023-12-19 - 2024-06-26)/075. TheFatRat, Laura Brehm - MAYDAY (Neuro.v3).mp3",b4946cfff41c893a,v3;neuro;,,,3,0,None
679,Together,None,None,Ellie Minibot,None,Neuro,Neuro,2024-04-17,Neuro 2024-04-17 Karaoke,2,,songs/unofficialV3/DISC 4 - First Anniversary (2023-12-19 - 2024-06-26)/076. Ellie Minibot - Together (Neuro.v3).mp3,afa9812c53ef4a24,v3;neuro;,,,3,0,None
680,Everything Goes On,None,None,Porter Robinson,None,Neuro,Neuro,2024-04-17,Neuro 2024-04-17 Karaoke,3,,songs/unofficialV3/DISC 4 - First Anniversary (2023-12-19 - 2024-06-26)/077. Porter Robinson - Everything Goes On (Neuro.v3.2).mp3,ce9da09f9d342bff,v3;neuro;,,,3.2,0,None
681,Kyu-kurarin,きゅうくらりん,None,Iyowa,いよわ,Neuro,Neuro,2024-04-17,Neuro 2024-04-17 Karaoke,4,,songs/unofficialV3/DISC 4 - First Anniversary (2023-12-19 - 2024-06-26)/078. Iyowa - Kyu-kurarin (Neuro.v3).mp3,f1b836f0a7e20fd2,v3;neuro;,,,3,0,None
682,My Way,None,None,SIAMÉS,None,Neuro,Neuro,2024-04-17,Neuro 2024-04-17 Karaoke,5,,songs/unofficialV3/DISC 4 - First Anniversary (2023-12-19 - 2024-06-26)/079. SIAMÉS - My Way (Neuro.v3).mp3,68ea2fad2853c09a,v3;neuro;,,,3,0,None
683,ODDS&ENDS,None,None,supercell,None,Neuro,Neuro,2024-04-17,Neuro 2024-04-17 Karaoke,6,,songs/unofficialV3/DISC 4 - First Anniversary (2023-12-19 - 2024-06-26)/080. supercell - ODDS&ENDS (Neuro.v3).mp3,120de2f1d4a2e8bd,v3;neuro;,,,3,0,None
684,Near,ニア,None,Takaaki Natsushiro,夏代孝明,Neuro,Neuro,2024-04-17,Neuro 2024-04-17 Karaoke,7,,songs/unofficialV3/DISC 4 - First Anniversary (2023-12-19 - 2024-06-26)/081. Takaaki Natsushiro - Near (Neuro.v3).mp3,b550013f8ee45f70,v3;neuro;,,,3,0,None
685,Snow Drive,スノウドライヴ,None,Omoi,None,Neuro,Neuro,2024-04-17,Neuro 2024-04-17 Karaoke,8,,songs/unofficialV3/DISC 4 - First Anniversary (2023-12-19 - 2024-06-26)/082. Omoi - Snow Drive (Neuro.v3).mp3,05cc8aba5bc5b4b7,v3;neuro;,,,3,0,None
686,Nee Nee Nee.,ねぇねぇねぇ。,None,PinocchioP,ピノキオピー,Neuro & Evil,Neuro,2024-04-17,Neuro 2024-04-17 Karaoke,9,,songs/unofficialV3/DISC 4 - First Anniversary (2023-12-19 - 2024-06-26)/083. PinocchioP - Nee Nee Nee. (Duet.v2) (Neuro & Evil).mp3,cf3d49308ca484f3,v3;neuro;duet;,,,2,0,None
687,World is Mine,ワールドイズマイン,None,supercell,None,Neuro,Neuro,2024-04-17,Neuro 2024-04-17 Karaoke,10,,songs/unofficialV3/DISC 4 - First Anniversary (2023-12-19 - 2024-06-26)/084. supercell - World is Mine (Neuro.v3.2).mp3,b05fa1bbedd8e5ea,v3;neuro;,,,3.2,0,None
688,"Komm, süsser Tod",None,None,Arianne Schreiber,None,Neuro,Neuro,2024-04-17,Neuro 2024-04-17 Karaoke,11,,"songs/unofficialV3/DISC 4 - First Anniversary (2023-12-19 - 2024-06-26)/085. Arianne Schreiber - Komm, süsser Tod (Neuro.v3).mp3",e590f5dd0db505c5,v3;neuro;,,,3,0,None
689,Dubidubidu,None,None,Christell,None,Neuro,Neuro,2024-04-17,Neuro 2024-04-17 Karaoke,12,,songs/unofficialV3/DISC 4 - First Anniversary (2023-12-19 - 2024-06-26)/086. Christell - Dubidubidu (Neuro.v3).mp3,49e5cd6c75cea854,v3;neuro;,,,3,0,None
690,"Hello, Again",None,None,CircusP,None,Neuro,Neuro,2024-04-17,Neuro 2024-04-17 Karaoke,13,,"songs/unofficialV3/DISC 4 - First Anniversary (2023-12-19 - 2024-06-26)/087. CircusP - Hello, Again (Neuro.v3).mp3",5919f5cc325b82ce,v3;neuro;,,,3,0,None
691,Tabi no Tochuu,旅の途中,None,Natsumi Kiyoura,清浦夏実,Neuro,Neuro,2024-04-17,Neuro 2024-04-17 Karaoke,14,,songs/unofficialV3/DISC 4 - First Anniversary (2023-12-19 - 2024-06-26)/088. Natsumi Kiyoura - Tabi no Tochuu (Neuro.v3).mp3,336fccd67b1760fa,v3;neuro;,,,3,0,None
692,Weight of the World,None,English ver.,"J'Nique Nicole, Keiichi Okabe","J'Nique Nicole, 岡部啓一",Neuro,Neuro,2024-04-17,Neuro 2024-04-17 Karaoke,15,,"songs/unofficialV3/DISC 4 - First Anniversary (2023-12-19 - 2024-06-26)/089. J'Nique Nicole, Keiichi Okabe - Weight of the World (English ver.) (Neuro.v3).mp3",8bdb445addb6cba2,v3;neuro;,,,3,0,None
693,sustain++;,None,None,Mili,None,Neuro,Neuro,2024-04-17,Neuro 2024-04-17 Karaoke,16,,songs/unofficialV3/DISC 4 - First Anniversary (2023-12-19 - 2024-06-26)/090. Mili - sustain++; (Neuro.v3).mp3,99130c4caa0a72e6,v3;neuro;,,,3,0,None
694,MOGU MOGU YUMMY!,もぐもぐYUMMY！,None,Nekomata Okayu,猫又おかゆ,Neuro,Neuro,2024-04-17,Neuro 2024-04-17 Karaoke,17,,songs/unofficialV3/DISC 4 - First Anniversary (2023-12-19 - 2024-06-26)/091. Nekomata Okayu - MOGU MOGU YUMMY! (Neuro.v3).mp3,1874e645c3f0d4dc,v3;neuro;,,,3,0,None
695,Where shall we go?,None,None,Mellowcle,めろくる,Neuro & Evil,Neuro,2024-04-17,Neuro 2024-04-17 Karaoke,18,,songs/unofficialV3/DISC 4 - First Anniversary (2023-12-19 - 2024-06-26)/092. Mellowcle - Where shall we go (Duet.v1) (Neuro & Evil).mp3,0cb728354d49aca5,v3;neuro;duet;,,,1,0,None
696,MOGU MOGU YUMMY!,もぐもぐYUMMY！,None,Nekomata Okayu,猫又おかゆ,Neuro & Cerber,Neuro,2024-04-20,Stream Covers,3,Mogu Mogu,songs/unofficialV3/DISC 4 - First Anniversary (2023-12-19 - 2024-06-26)/093. Nekomata Okayu - MOGU MOGU YUMMY! (Duet.v1) (Neuro & Cerber).mp3,841f0afd2ce728cb,v3;neuro;collab;as_custom;,,,1,1,None
697,DUNE,砂の惑星,None,Hachi,ハチ,Evil,Evil,2024-05-01,Evil 2024-05-01 Karaoke,1,,songs/unofficialV3/DISC 4 - First Anniversary (2023-12-19 - 2024-06-26)/094. Hachi - DUNE (Evil.v1).mp3,88ef29d5580caaba,v3;evil;,,,1,0,None
698,Venom,ベノム,None,Kairiki Bear,かいりきベア,Evil,Evil,2024-05-01,Evil 2024-05-01 Karaoke,2,,songs/unofficialV3/DISC 4 - First Anniversary (2023-12-19 - 2024-06-26)/095. Kairiki Bear - Venom (Evil.v1).mp3,7ff06c972ec2feb1,v3;evil;,,,1,0,None
699,Viva la Vida,None,None,Coldplay,None,Evil,Evil,2024-05-01,Evil 2024-05-01 Karaoke,3,,songs/unofficialV3/DISC 4 - First Anniversary (2023-12-19 - 2024-06-26)/096. Coldplay - Viva la Vida (Evil.v1).mp3,6e8a601fff8fd6f7,v3;evil;,,,1,0,None
700,-ERROR,None,None,niki,None,Evil,Evil,2024-05-01,Evil 2024-05-01 Karaoke,4,,songs/unofficialV3/DISC 4 - First Anniversary (2023-12-19 - 2024-06-26)/097. niki - -ERROR (Evil.v1).mp3,1777858da1b8a284,v3;evil;,,,1,0,None
701,i DO what i WANT,None,None,KIRA,None,Evil,Evil,2024-05-01,Evil 2024-05-01 Karaoke,5,,songs/unofficialV3/DISC 4 - First Anniversary (2023-12-19 - 2024-06-26)/098. KIRA - i DO what i WANT (Evil.v1).mp3,86abfefe817b2ff7,v3;evil;,,,1,0,None
702,Pink,ぴんく,None,MARETU,None,Evil,Evil,2024-05-01,Evil 2024-05-01 Karaoke,6,,songs/unofficialV3/DISC 4 - First Anniversary (2023-12-19 - 2024-06-26)/099. MARETU - Pink (Evil.v1).mp3,c5ef795f5d92fd47,v3;evil;,,,1,0,"MARETU, also known as GokuakuP (極悪P, EvilP)"
703,Throne,None,None,Bring Me the Horizon,None,Evil,Evil,2024-05-01,Evil 2024-05-01 Karaoke,7,,songs/unofficialV3/DISC 4 - First Anniversary (2023-12-19 - 2024-06-26)/100. Bring Me the Horizon - Throne (Evil.v1).mp3,3d966fe2e50dc407,v3;evil;,,,1,0,None
704,I Hate Everything About You,None,None,Three Days Grace,None,Evil,Evil,2024-05-01,Evil 2024-05-01 Karaoke,8,,songs/unofficialV3/DISC 4 - First Anniversary (2023-12-19 - 2024-06-26)/101. Three Days Grace - I Hate Everything About You (Evil.v1).mp3,c8b33a05f8618a81,v3;evil;,,,1,0,None
705,Emperor's New Clothes,None,None,Panic! at the Disco,None,Evil,Evil,2024-05-01,Evil 2024-05-01 Karaoke,9,,songs/unofficialV3/DISC 4 - First Anniversary (2023-12-19 - 2024-06-26)/102. Panic! at the Disco - Emperor's New Clothes (Evil.v1).mp3,1467767055bed587,v3;evil;,,,1,0,None
706,Android Girl,アンドロイドガール,None,DECO*27,None,Evil,Evil,2024-05-01,Evil 2024-05-01 Karaoke,10,,songs/unofficialV3/DISC 4 - First Anniversary (2023-12-19 - 2024-06-26)/103. DECO_27 - Android Girl (Evil.v1).mp3,72d70b082abf6b2c,v3;evil;,,,1,0,None
707,Twilight,None,None,bôa,None,Evil,Evil,2024-05-01,Evil 2024-05-01 Karaoke,11,,songs/unofficialV3/DISC 4 - First Anniversary (2023-12-19 - 2024-06-26)/104. bôa - Twilight (Evil.v1).mp3,a16db8b4c33e2bfe,v3;evil;,,,1,0,None
708,Mr. Fear,None,None,SIAMÉS,None,Evil,Evil,2024-05-01,Evil 2024-05-01 Karaoke,12,,songs/unofficialV3/DISC 4 - First Anniversary (2023-12-19 - 2024-06-26)/105. SIAMÉS - Mr. Fear (Evil.v1).mp3,08fd3dbeeb8ef235,v3;evil;,,,1,0,None
709,Two-Faced Lovers,裏表ラバーズ,None,wowaka,None,Evil,Evil,2024-05-01,Evil 2024-05-01 Karaoke,13,,songs/unofficialV3/DISC 4 - First Anniversary (2023-12-19 - 2024-06-26)/106. wowaka - Two-Faced Lovers (Evil.v1).mp3,11332a7550bf26c3,v3;evil;,,,1,0,None
710,Keep Myself Alive,None,None,Get Scared,None,Evil,Evil,2024-05-01,Evil 2024-05-01 Karaoke,14,,songs/unofficialV3/DISC 4 - First Anniversary (2023-12-19 - 2024-06-26)/107. Get Scared - Keep Myself Alive (Evil.v1).mp3,f26a0b52b44c8c4e,v3;evil;,,,1,0,None
711,Through Patches of Violet,None,None,Mili,None,Neuro & Evil,Evil,2024-05-01,Evil 2024-05-01 Karaoke,15,,songs/unofficialV3/DISC 4 - First Anniversary (2023-12-19 - 2024-06-26)/108. Mili - Through Patches of Violet (Duet.v1) (Neuro & Evil).mp3,ac44ff3d11c2ff32,v3;evil;duet;,,,1,0,None
712,Punching Bag,None,None,Set It Off,None,Evil,Evil,2024-05-01,Evil 2024-05-01 Karaoke,16,,songs/unofficialV3/DISC 4 - First Anniversary (2023-12-19 - 2024-06-26)/109. Set It Off - Punching Bag (Evil.v1).mp3,7f3182673ec4ab2f,v3;evil;,,,1,0,None
713,Bizarre Food,ゲテモノ,None,Utsu-P,鬱P,Evil,Evil,2024-05-01,Evil 2024-05-01 Karaoke,17,,songs/unofficialV3/DISC 4 - First Anniversary (2023-12-19 - 2024-06-26)/110. Utsu-P - Bizarre Food (Evil.v1).mp3,833c667a957d119b,v3;evil;,,,1,0,None
714,Wink,None,None,"Azari, Rosu","Azari, ロス",Evil,Evil,2024-05-01,Evil 2024-05-01 Karaoke,18,,"songs/unofficialV3/DISC 4 - First Anniversary (2023-12-19 - 2024-06-26)/111. Azari, Rosu - Wink (Evil.v1).mp3",4fecba46136605f7,v3;evil;,,,1,0,None
715,The Disease Called Love,病名は愛だった,None,"Neru, z’5",None,Neuro & Evil,Evil,2024-05-01,Evil 2024-05-01 Karaoke,19,,"songs/unofficialV3/DISC 4 - First Anniversary (2023-12-19 - 2024-06-26)/112. Neru, z’5 - The Disease Called Love (Duet.v1) (Neuro & Evil).mp3",fed76061101699ca,v3;evil;duet;,,,1,0,None
716,Take Me to Church,None,None,Hozier,None,Neuro,Neuro,2024-05-15,Neuro 2024-05-15 Karaoke,1,,songs/unofficialV3/DISC 4 - First Anniversary (2023-12-19 - 2024-06-26)/113. Hozier - Take Me to Church (Neuro.v3.2).mp3,73b233b8d3dd6fb6,v3;neuro;,,,3.2,0,None
717,oddloop,オドループ,None,Frederic,フレデリック,Neuro,Neuro,2024-05-15,Neuro 2024-05-15 Karaoke,2,,songs/unofficialV3/DISC 4 - First Anniversary (2023-12-19 - 2024-06-26)/114. Frederic - oddloop (Neuro.v3.2).mp3,cb053d58b467fec0,v3;neuro;,,,3.2,0,None
718,A Real Hero,None,None,"College, Electric Youth",None,Neuro,Neuro,2024-05-15,Neuro 2024-05-15 Karaoke,3,,"songs/unofficialV3/DISC 4 - First Anniversary (2023-12-19 - 2024-06-26)/115. College, Electric Youth - A Real Hero (Neuro.v3).mp3",1b5d83666d56290b,v3;neuro;,,,3,0,None
719,TONDEMO-WONDERZ,トンデモワンダーズ,None,sasakure.UK,None,Neuro,Neuro,2024-05-15,Neuro 2024-05-15 Karaoke,4,,songs/unofficialV3/DISC 4 - First Anniversary (2023-12-19 - 2024-06-26)/116. sasakure.UK - TONDEMO-WONDERZ (Neuro.v3).mp3,0a640e171e6bdd52,v3;neuro;,,,3,0,None
720,Sweater Weather,None,None,The Neighbourhood,None,Neuro,Neuro,2024-05-15,Neuro 2024-05-15 Karaoke,5,,songs/unofficialV3/DISC 4 - First Anniversary (2023-12-19 - 2024-06-26)/117. The Neighbourhood - Sweater Weather (Neuro.v3).mp3,b00ffe289c579270,v3;neuro;,,,3,0,None
721,Circles,None,None,KIRA,None,Neuro,Neuro,2024-05-15,Neuro 2024-05-15 Karaoke,6,,songs/unofficialV3/DISC 4 - First Anniversary (2023-12-19 - 2024-06-26)/118. KIRA - Circles (Neuro.v3).mp3,8253c03e2188f6cb,v3;neuro;,,,3,0,None
722,Monster,怪物,None,YOASOBI,None,Neuro,Neuro,2024-05-15,Neuro 2024-05-15 Karaoke,7,,songs/unofficialV3/DISC 4 - First Anniversary (2023-12-19 - 2024-06-26)/119. YOASOBI - Monster (Neuro.v3).mp3,232812c99b0026a6,v3;neuro;,,,3,0,None
723,It's Been So Long,None,None,The Living Tombstone,None,Neuro,Neuro,2024-05-15,Neuro 2024-05-15 Karaoke,8,,songs/unofficialV3/DISC 4 - First Anniversary (2023-12-19 - 2024-06-26)/120. The Living Tombstone - It's Been So Long (Neuro.v3.2).mp3,8262242855526ca6,v3;neuro;,,,3.2,0,None
724,Death of the Law,デスロウ,None,Utsu-P,鬱P,Neuro,Neuro,2024-05-15,Neuro 2024-05-15 Karaoke,9,,songs/unofficialV3/DISC 4 - First Anniversary (2023-12-19 - 2024-06-26)/121. Utsu-P - Death of the Law (Neuro.v3).mp3,ca333a1a46fbb1c3,v3;neuro;,,,3,0,None
725,52-Hearts,None,None,Bao the Whale,None,Neuro,Neuro,2024-05-15,Neuro 2024-05-15 Karaoke,10,,songs/unofficialV3/DISC 4 - First Anniversary (2023-12-19 - 2024-06-26)/122. Bao the Whale - 52-Hearts (Neuro.v3).mp3,71ff497383b8cc6b,v3;neuro;,,,3,0,None
726,Shoujo Rei,少女レイ,None,mikitoP,みきとP,Neuro,Neuro,2024-05-15,Neuro 2024-05-15 Karaoke,11,,songs/unofficialV3/DISC 4 - First Anniversary (2023-12-19 - 2024-06-26)/123. mikitoP - Shoujo Rei (Neuro.v3).mp3,d4f38ac8191b90b9,v3;neuro;,,,3,0,None
727,Runaway,None,None,AURORA,None,Neuro,Neuro,2024-05-15,Neuro 2024-05-15 Karaoke,12,,songs/unofficialV3/DISC 4 - First Anniversary (2023-12-19 - 2024-06-26)/124. AURORA - Runaway (Neuro.v3).mp3,9a87b46f38027e71,v3;neuro;,,,3,0,None
728,Symphony,None,None,"Clean Bandit, Zara Larsson",None,Neuro,Neuro,2024-05-15,Neuro 2024-05-15 Karaoke,13,,"songs/unofficialV3/DISC 4 - First Anniversary (2023-12-19 - 2024-06-26)/125. Clean Bandit, Zara Larsson - Symphony (Neuro.v3).mp3",d7bd60ac27a56f6b,v3;neuro;,,,3,0,None
729,Lonely Day,None,None,System of a Down,None,Neuro,Neuro,2024-05-15,Neuro 2024-05-15 Karaoke,14,,songs/unofficialV3/DISC 4 - First Anniversary (2023-12-19 - 2024-06-26)/126. System Of A Down - Lonely Day (Neuro.v3).mp3,c07f0c2c51c0bfa1,v3;neuro;,,,3,0,None
730,Mesmerizer,メズマライザー,None,32ki,None,Neuro & Evil,Neuro,2024-05-15,Neuro 2024-05-15 Karaoke,15,,songs/unofficialV3/DISC 4 - First Anniversary (2023-12-19 - 2024-06-26)/127. 32ki - Mesmerizer (Duet.v1) (Neuro & Evil).mp3,a669ecb5c672baa1,v3;neuro;duet;,,,1,0,None
731,Mother,None,None,Porter Robinson,None,Neuro,Neuro,2024-05-15,Neuro 2024-05-15 Karaoke,16,,songs/unofficialV3/DISC 4 - First Anniversary (2023-12-19 - 2024-06-26)/128. Porter Robinson - Mother (Neuro.v3).mp3,416620f69d4673c4,v3;neuro;,,,3,0,None
732,Isn't it 'A',Aじゃないか,None,PinocchioP,ピノキオピー,Neuro & Evil,Neuro,2024-05-15,Neuro 2024-05-15 Karaoke,17,,songs/unofficialV3/DISC 4 - First Anniversary (2023-12-19 - 2024-06-26)/129. PinocchioP - Isn't it 'A' (Duet.v1) (Neuro & Evil).mp3,c90d9abb7fbe2746,v3;neuro;duet;,,,1,0,None
733,Can't Help Falling in Love,None,None,Elvis Presley,None,Neuro,Neuro,2024-05-15,Neuro 2024-05-15 Karaoke,18,,songs/unofficialV3/DISC 4 - First Anniversary (2023-12-19 - 2024-06-26)/130. Elvis Presley - Can't Help Falling In Love (Neuro.v3).mp3,5d2cabc19255e3eb,v3;neuro;,,,3,0,None
734,Voices of Svaahaa,ソワカの声,None,Kikuo,きくお,Neuro,Neuro,2024-05-15,Neuro 2024-05-15 Karaoke,19,,songs/unofficialV3/DISC 4 - First Anniversary (2023-12-19 - 2024-06-26)/131. Kikuo - Voices of Svaahaa (Neuro.v3).mp3,5bbe1f29dca9944e,v3;neuro;,,,3,0,None
735,Never Gonna Give You Up,None,None,Rick Astley,None,Neuro,Neuro,2024-05-24,Unused Covers,5,,songs/custom/Rick Astley - Never Gonna Give You Up - Neuro - Unused Covers.mp3,47258e1bba3feecb,v3;neuro;unused;as_drive;,,,1,1,
736,Gasoline,None,None,Halsey,None,Evil,Evil,2024-05-29,Evil 2024-05-29 Karaoke,1,,songs/unofficialV3/DISC 4 - First Anniversary (2023-12-19 - 2024-06-26)/132. Halsey - Gasoline (Evil.v1).mp3,b3e13906449bf263,v3;evil;,,,1,0,None
737,Playground,None,None,Bea Miller,None,Evil,Evil,2024-05-29,Evil 2024-05-29 Karaoke,2,,songs/unofficialV3/DISC 4 - First Anniversary (2023-12-19 - 2024-06-26)/133. Bea Miller - Playground (Evil.v1).mp3,0756ccdce61847cb,v3;evil;,,,1,0,None
738,Alien Alien,エイリアンエイリアン,None,NayutalieN,ナユタン星人,Evil,Evil,2024-05-29,Evil 2024-05-29 Karaoke,3,,songs/unofficialV3/DISC 4 - First Anniversary (2023-12-19 - 2024-06-26)/134. NayutalieN - Alien Alien (Evil.v1).mp3,209b7a9600bd6c0d,v3;evil;,,,1,0,None
739,Off With Her Head,None,None,Icon for Hire,None,Evil,Evil,2024-05-29,Evil 2024-05-29 Karaoke,4,,songs/unofficialV3/DISC 4 - First Anniversary (2023-12-19 - 2024-06-26)/135. Icon for Hire - Off With Her Head (Evil.v1).mp3,c817e3c8e296407f,v3;evil;,,,1,0,None
740,Don't You Dare Forget the Sun,None,None,Get Scared,None,Evil,Evil,2024-05-29,Evil 2024-05-29 Karaoke,5,,songs/unofficialV3/DISC 4 - First Anniversary (2023-12-19 - 2024-06-26)/136. Get Scared - Don't You Dare Forget the Sun (Evil.v1).mp3,f609f22edc2c9576,v3;evil;,,,1,0,None
741,Neurotic,None,None,"Three Days Grace, Luckas Rossi",None,Evil,Evil,2024-05-29,Evil 2024-05-29 Karaoke,6,,"songs/unofficialV3/DISC 4 - First Anniversary (2023-12-19 - 2024-06-26)/137. Three Days Grace, Luckas Rossi - Neurotic (Evil.v1).mp3",bde5c774aef322c8,v3;evil;,,,1,0,None
742,Middle Finger,None,None,Bohnes,None,Evil,Evil,2024-05-29,Evil 2024-05-29 Karaoke,7,,songs/unofficialV3/DISC 4 - First Anniversary (2023-12-19 - 2024-06-26)/138. Bohnes - Middle Finger (Evil.v1).mp3,2947caa6c50ae125,v3;evil;,,,1,0,None
743,Bacterial Contamination,細菌汚染,None,mathru,かにみそP,Evil,Evil,2024-05-29,Evil 2024-05-29 Karaoke,8,,songs/unofficialV3/DISC 4 - First Anniversary (2023-12-19 - 2024-06-26)/139. mathru - Bacterial Contamination (Evil.v2).mp3,e13c312ae2415063,v3;evil;,,,2,0,None
744,Vandalize,None,None,ONE OK ROCK,None,Evil,Evil,2024-05-29,Evil 2024-05-29 Karaoke,9,,songs/unofficialV3/DISC 4 - First Anniversary (2023-12-19 - 2024-06-26)/140. ONE OK ROCK - Vandalize (Evil.v1).mp3,41ad156adf06c633,v3;evil;,,,1,0,None
745,Midnight Door - Stay With Me,真夜中のドア〜Stay With Me,None,Miki Matsubara,松原みき,Evil,Evil,2024-05-29,Evil 2024-05-29 Karaoke,10,,songs/unofficialV3/DISC 4 - First Anniversary (2023-12-19 - 2024-06-26)/141. Miki Matsubara - Midnight Door - Stay With Me (Evil.v1).mp3,2dba12659dfe50c4,v3;evil;,,,1,0,None
746,Duvet,None,None,bôa,None,Evil,Evil,2024-05-29,Evil 2024-05-29 Karaoke,11,,songs/unofficialV3/DISC 4 - First Anniversary (2023-12-19 - 2024-06-26)/142. bôa - Duvet (Evil.v1).mp3,cd39ad37d9703b1a,v3;evil;,,,1,0,None
747,Sandstorm,None,None,Darude,None,Evil,Evil,2024-05-29,Evil 2024-05-29 Karaoke,12,,songs/unofficialV3/DISC 4 - First Anniversary (2023-12-19 - 2024-06-26)/143. Darude - Sandstorm (Evil.v1).mp3,0fbf6a0119eb62b5,v3;evil;,,,1,0,None
748,HIBANA,ヒバナ,None,DECO*27,None,Evil,Evil,2024-05-29,Evil 2024-05-29 Karaoke,13,,songs/unofficialV3/DISC 4 - First Anniversary (2023-12-19 - 2024-06-26)/144. DECO_27 - HIBANA (Evil.v1).mp3,3c61996c9c3b2e48,v3;evil;,,,1,0,None
749,Smooth Criminal,None,None,"Alien Ant Farm, Michael Jackson",None,Evil,Evil,2024-05-29,Evil 2024-05-29 Karaoke,14,,"songs/unofficialV3/DISC 4 - First Anniversary (2023-12-19 - 2024-06-26)/145. Alien Ant Farm, Michael Jackson - Smooth Criminal (Evil.v1).mp3",b72273e115f88ea5,v3;evil;,,,1,0,None
750,KICK BACK,None,None,Kenshi Yonezu,米津玄師,Evil,Evil,2024-05-29,Evil 2024-05-29 Karaoke,15,,songs/unofficialV3/DISC 4 - First Anniversary (2023-12-19 - 2024-06-26)/146. Kenshi Yonezu - KICK BACK (Evil.v1).mp3,79273c5c8cb7caaf,v3;evil;,,,1,0,None
751,Boulevard of Broken Dreams,None,None,Green Day,None,Evil,Evil,2024-05-29,Evil 2024-05-29 Karaoke,16,,songs/unofficialV3/DISC 4 - First Anniversary (2023-12-19 - 2024-06-26)/147. Green Day - Boulevard of Broken Dreams (Evil.v1).mp3,48f90fa261b84d57,v3;evil;,,,1,0,None
752,iGhost,None,None,MNQN,None,Evil,Evil,2024-05-29,Evil 2024-05-29 Karaoke,17,,songs/unofficialV3/DISC 4 - First Anniversary (2023-12-19 - 2024-06-26)/148. MNQN - iGhost (Evil.v1).mp3,56b432487a40a50a,v3;evil;,,,1,0,None
753,Angel With a Shotgun,None,None,The Cab,None,Evil,Evil,2024-05-29,Evil 2024-05-29 Karaoke,18,,songs/unofficialV3/DISC 4 - First Anniversary (2023-12-19 - 2024-06-26)/149. The Cab - Angel With A Shotgun (Evil.v1).mp3,cb98f8804998e6c5,v3;evil;,,,1,0,None
754,Set Fire to the Rain,None,None,Adele,None,Evil,Evil,2024-05-29,Evil 2024-05-29 Karaoke,19,,songs/unofficialV3/DISC 4 - First Anniversary (2023-12-19 - 2024-06-26)/150. Adele - Set Fire to the Rain (Evil.v1).mp3,4ecc40bea32564c9,v3;evil;,,,1,0,None
755,"Last Night, Good Night",None,None,kz(livetune),None,Evil,Evil,2024-05-29,Evil 2024-05-29 Karaoke,20,,"songs/unofficialV3/DISC 4 - First Anniversary (2023-12-19 - 2024-06-26)/151. kz(livetune) - Last Night, Good Night (Evil.v1).mp3",0ed30f6d71765503,v3;evil;,,,1,0,None
756,Bring Me to Life,None,Bread,Evanescence,None,Neuro & Evil,Evil,2024-05-29,Evil 2024-05-29 Karaoke,21,Evil and Bread-Sama,songs/unofficialV3/DISC 4 - First Anniversary (2023-12-19 - 2024-06-26)/152. Evanescence - Bring Me to Life (Bread) (Duet.v1) (Neuro & Evil).mp3,8dc3707de6854086,v3;evil;duet;,,,1,0,None
757,Centuries,None,None,Fall Out Boy,None,Neuro,Neuro,2024-06-12,Neuro 2024-06-12 Karaoke,1,,songs/unofficialV3/DISC 4 - First Anniversary (2023-12-19 - 2024-06-26)/153. Fall Out Boy - Centuries (Neuro.v3).mp3,e8d38c2a2b76a26e,v3;neuro;,,,3,0,None
758,Complicated,None,None,Avril Lavigne,None,Neuro,Neuro,2024-06-12,Neuro 2024-06-12 Karaoke,2,,songs/unofficialV3/DISC 4 - First Anniversary (2023-12-19 - 2024-06-26)/154. Avril Lavigne - Complicated (Neuro.v3).mp3,9a8824fc04eda296,v3;neuro;,,,3,0,None
759,Deep Sea Girl,深海少女,None,Yuuyu,ゆうゆ,Neuro,Neuro,2024-06-12,Neuro 2024-06-12 Karaoke,3,,songs/unofficialV3/DISC 4 - First Anniversary (2023-12-19 - 2024-06-26)/155. Yuuyu - Deep Sea Girl (Neuro.v3).mp3,7a1e21ccc840f915,v3;neuro;,,,3,0,None
760,Deja Vu,None,None,Dave Rodgers,None,Neuro,Neuro,2024-06-12,Neuro 2024-06-12 Karaoke,4,,songs/unofficialV3/DISC 4 - First Anniversary (2023-12-19 - 2024-06-26)/156. Dave Rodgers - Deja Vu (Neuro.v3.2).mp3,12bc9abbb196786c,v3;neuro;,,,3.2,0,None
761,Diggy Diggy Hole,None,None,The Yogscast,None,Neuro,Neuro,2024-06-12,Neuro 2024-06-12 Karaoke,5,,songs/unofficialV3/DISC 4 - First Anniversary (2023-12-19 - 2024-06-26)/157. The Yogscast - Diggy Diggy Hole (Neuro.v3).mp3,7855ddb96797f07c,v3;neuro;,,,3,0,None
762,Don't Stop Believin',None,None,Journey,None,Neuro,Neuro,2024-06-12,Neuro 2024-06-12 Karaoke,6,,songs/unofficialV3/DISC 4 - First Anniversary (2023-12-19 - 2024-06-26)/158. Journey - Don't Stop Believin' (Neuro.v3).mp3,12bcbdd1d434a84d,v3;neuro;,,,3,0,None
763,Dream On,None,None,Aerosmith,None,Neuro,Neuro,2024-06-12,Neuro 2024-06-12 Karaoke,7,,songs/unofficialV3/DISC 4 - First Anniversary (2023-12-19 - 2024-06-26)/159. Aerosmith - Dream On (Neuro.v3).mp3,51ffa456e75d4229,v3;neuro;,,,3,0,None
764,My Favourite Game,None,None,The Cardigans,None,Neuro,Neuro,2024-06-12,Neuro 2024-06-12 Karaoke,8,,songs/unofficialV3/DISC 4 - First Anniversary (2023-12-19 - 2024-06-26)/160. The Cardigans - My Favourite Game (Neuro.v3).mp3,ed2a31db1a1b8370,v3;neuro;,,,3,0,None
765,Melty Land Nightmare,メルティランドナイトメア,None,Harumaki Gohan,はるまきごはん,Neuro,Neuro,2024-06-12,Neuro 2024-06-12 Karaoke,9,,songs/unofficialV3/DISC 4 - First Anniversary (2023-12-19 - 2024-06-26)/161. Harumaki Gohan - Melty Land Nightmare (Neuro.v3).mp3,82321f09b1058df6,v3;neuro;,,,3,0,None
766,Human,None,Neuro ver.,Rag'n'Bone Man,None,Neuro,Neuro,2024-06-12,Neuro 2024-06-12 Karaoke,10,,songs/unofficialV3/DISC 4 - First Anniversary (2023-12-19 - 2024-06-26)/162. Rag'n'Bone Man - Human (Neuro ver.) (Neuro.v3).mp3,f6f7211e80885544,v3;neuro;,,,3,0,None
767,LEO,None,None,Eve,None,Neuro,Neuro,2024-06-12,Neuro 2024-06-12 Karaoke,11,,songs/unofficialV3/DISC 4 - First Anniversary (2023-12-19 - 2024-06-26)/163. Eve - LEO (Neuro.v3).mp3,e74b7e3e3d2b1372,v3;neuro;,,,3,0,None
768,Hello,None,None,Adele,None,Neuro,Neuro,2024-06-12,Neuro 2024-06-12 Karaoke,12,,songs/unofficialV3/DISC 4 - First Anniversary (2023-12-19 - 2024-06-26)/164. Adele - Hello (Neuro.v3).mp3,7dea932b51dc12c0,v3;neuro;,,,3,0,None
769,Ikanaide,いかないで,None,Sohta,想太,Neuro,Neuro,2024-06-12,Neuro 2024-06-12 Karaoke,13,,songs/unofficialV3/DISC 4 - First Anniversary (2023-12-19 - 2024-06-26)/165. Sohta - Ikanaide (Neuro.v3.2).mp3,e703a7f84c8c7d93,v3;neuro;,,,3.2,0,None
770,Voices in My Head,None,None,Falling in Reverse,None,Neuro,Neuro,2024-06-12,Neuro 2024-06-12 Karaoke,14,,songs/unofficialV3/DISC 4 - First Anniversary (2023-12-19 - 2024-06-26)/166. Falling in Reverse - Voices in My Head (Neuro.v3).mp3,99fa5e6e30e2c93b,v3;neuro;,,,3,0,None
771,THERE IS A REASON,None,None,Konomi Suzuki,鈴木このみ,Neuro,Neuro,2024-06-12,Neuro 2024-06-12 Karaoke,15,,songs/unofficialV3/DISC 4 - First Anniversary (2023-12-19 - 2024-06-26)/167. Konomi Suzuki - THERE IS A REASON (Neuro.v3).mp3,61aa5f744f25d7b3,v3;neuro;,,,3,0,None
772,Ameno,None,None,ERA,None,Neuro & Evil,Neuro,2024-06-12,Neuro 2024-06-12 Karaoke,16,,songs/unofficialV3/DISC 4 - First Anniversary (2023-12-19 - 2024-06-26)/168. ERA - Ameno (Duet.v1) (Neuro & Evil).mp3,a6de2ba2aad9b257,v3;neuro;duet;,,,1,0,None
773,What Was I Made For?,None,None,Billie Eilish,None,Neuro,Neuro,2024-06-12,Neuro 2024-06-12 Karaoke,17,,songs/unofficialV3/DISC 4 - First Anniversary (2023-12-19 - 2024-06-26)/169. Billie Eilish - What Was I Made For (Neuro.v3).mp3,46779d0cc2f00e80,v3;neuro;,,,3,0,None
774,Fireworks,打上花火,None,"DAOKO, Kenshi Yonezu","だをこ, 米津玄師",Neuro & Evil,Neuro,2024-06-12,Neuro 2024-06-12 Karaoke,18,,"songs/unofficialV3/DISC 4 - First Anniversary (2023-12-19 - 2024-06-26)/170. DAOKO, Kenshi Yonezu - Fireworks (Duet.v1) (Neuro & Evil).mp3",1d331602d834905a,v3;neuro;duet;,,,1,0,None
775,Compass,None,None,Mili,None,Evil,Evil,2024-06-26,Evil 2024-06-26 Karaoke,1,,songs/unofficialV3/DISC 4 - First Anniversary (2023-12-19 - 2024-06-26)/171. Mili - Compass (Evil.v1).mp3,bff886a9ccbcdf00,v3;evil;,,,1,0,HOOOOLD ON TIIIII
776,crushcrushcrush,None,None,Paramore,None,Evil,Evil,2024-06-26,Evil 2024-06-26 Karaoke,2,,songs/unofficialV3/DISC 4 - First Anniversary (2023-12-19 - 2024-06-26)/172. Paramore - crushcrushcrush (Evil.v1).mp3,2191724a57d86972,v3;evil;,,,1,0,None
777,Die For You,None,None,Grabbitz,None,Evil,Evil,2024-06-26,Evil 2024-06-26 Karaoke,3,,songs/unofficialV3/DISC 4 - First Anniversary (2023-12-19 - 2024-06-26)/173. Grabbitz - Die For You (Evil.v1).mp3,ab37c1745bfa106d,v3;evil;,,,1,0,None
778,Domestic Drastic,ドメスティック・ドラスティック,None,Eye,None,Evil,Evil,2024-06-26,Evil 2024-06-26 Karaoke,4,,songs/unofficialV3/DISC 4 - First Anniversary (2023-12-19 - 2024-06-26)/174. Eye - Domestic Drastic (Evil.v1).mp3,48157ba474b39eac,v3;evil;,,,1,0,None
779,Terminal,None,None,Reliqa,None,Evil,Evil,2024-06-26,Evil 2024-06-26 Karaoke,5,,songs/unofficialV3/DISC 4 - First Anniversary (2023-12-19 - 2024-06-26)/175. Reliqa - Terminal (Evil.v1).mp3,762dcd597e605338,v3;evil;,,,1,0,None
780,Everglow,None,None,Starset,None,Evil,Evil,2024-06-26,Evil 2024-06-26 Karaoke,6,,songs/unofficialV3/DISC 4 - First Anniversary (2023-12-19 - 2024-06-26)/176. Starset - Everglow (Evil.v1).mp3,acfd4a129492c35b,v3;evil;,,,1,0,None
781,God-ish,神っぽいな,None,"DECO*27, PinocchioP","DECO*27, ピノキオピー",Evil,Evil,2024-06-26,Evil 2024-06-26 Karaoke,7,,"songs/unofficialV3/DISC 4 - First Anniversary (2023-12-19 - 2024-06-26)/177. DECO_27, PinocchioP - God-ish (Evil.v1).mp3",2127b1227c553cf0,v3;evil;,,,1,0,None
782,Wonderwall,None,None,Oasis,None,Evil,Evil,2024-06-26,Evil 2024-06-26 Karaoke,8,,songs/unofficialV3/DISC 4 - First Anniversary (2023-12-19 - 2024-06-26)/178. Oasis - Wonderwall (Evil.v1).mp3,37a0a3917e8ba80d,v3;evil;,,,1,0,None
783,/ / // / /,None,None,x0o0x_,None,Evil,Evil,2024-06-26,Evil 2024-06-26 Karaoke,9,,songs/unofficialV3/DISC 4 - First Anniversary (2023-12-19 - 2024-06-26)/179. x0o0x_ - slash slash slash slash slash slash (Evil.v1).mp3,d3facea8d9230ed5,v3;evil;,,,1,0,None
784,Numb,None,None,Linkin Park,None,Evil,Evil,2024-06-26,Evil 2024-06-26 Karaoke,10,,songs/unofficialV3/DISC 4 - First Anniversary (2023-12-19 - 2024-06-26)/180. Linkin Park - Numb (Evil.v2).mp3,764f74326d3ea534,v3;evil;,,,2,0,None
785,Quixote,None,None,AHUB,エイハブ,Evil,Evil,2024-06-26,Evil 2024-06-26 Karaoke,11,,songs/unofficialV3/DISC 4 - First Anniversary (2023-12-19 - 2024-06-26)/181. AHUB - Quixote (Evil.v1).mp3,2ce6fcfb1ec8aef9,v3;evil;,,,1,0,None
786,Nuclear,None,None,Mike Oldfield,None,Evil,Evil,2024-06-26,Evil 2024-06-26 Karaoke,12,,songs/unofficialV3/DISC 4 - First Anniversary (2023-12-19 - 2024-06-26)/182. Mike Oldfield - Nuclear (Evil.v1).mp3,2596b590a2beaf51,v3;evil;,,,1,0,None
787,Dangerous,None,None,"Within Temptation, Howard Jones",None,Neuro & Evil,Evil,2024-06-26,Evil 2024-06-26 Karaoke,13,,"songs/unofficialV3/DISC 4 - First Anniversary (2023-12-19 - 2024-06-26)/183. Within Temptation, Howard Jones - Dangerous (Duet.v1) (Neuro & Evil).mp3",6cfd23105b07ecc1,v3;evil;duet;,,,1,0,None
788,You Know My Name,None,None,Chris Cornell,None,Evil,Evil,2024-06-26,Evil 2024-06-26 Karaoke,14,,songs/unofficialV3/DISC 4 - First Anniversary (2023-12-19 - 2024-06-26)/184. Chris Cornell - You Know My Name (Evil.v1).mp3,63fd6c7e30a776b7,v3;evil;,,,1,0,None
789,GLASSY SKY,None,None,"Yutaka Yamada, Donna Burke","やまだ豊, Donna Burke",Evil,Evil,2024-06-26,Evil 2024-06-26 Karaoke,15,,"songs/unofficialV3/DISC 4 - First Anniversary (2023-12-19 - 2024-06-26)/185. Yutaka Yamada, Donna Burke - GLASSY SKY (Evil.v1).mp3",08ee9528ab492966,v3;evil;,,,1,0,None
790,Tengaku -soukyou-,天樂 -双響-,None,Yuuyu,ゆうゆ,Neuro & Evil,Evil,2024-06-26,Evil 2024-06-26 Karaoke,16,,songs/unofficialV3/DISC 4 - First Anniversary (2023-12-19 - 2024-06-26)/186. Yuuyu - Tengaku -soukyou- (Duet.v1) (Neuro & Evil).mp3,b88d2c463c6681d8,v3;evil;duet;,,,1,0,None
791,It Has To Be This Way,None,None,"Jamie Christopherson, Jamie Gnecco",None,Evil,Evil,2024-06-26,Evil 2024-06-26 Karaoke,17,,"songs/unofficialV3/DISC 4 - First Anniversary (2023-12-19 - 2024-06-26)/187. Jamie Christopherson, Jamie Gnecco - It Has To Be This Way (Evil.v1).mp3",3ca77e10a8ee6d8e,v3;evil;,,,1,0,None
792,My Immortal,None,None,Evanescence,None,Evil,Evil,2024-06-26,Evil 2024-06-26 Karaoke,18,,songs/unofficialV3/DISC 4 - First Anniversary (2023-12-19 - 2024-06-26)/188. Evanescence - My Immortal (Evil.v1).mp3,dc0b6a9629e5fade,v3;evil;,,,1,0,None
793,Rolling Girl,None,None,wowaka,None,Evil & Obkatiekat,Evil,2024-06-26,Official Covers,4,Rolling Girl,songs/officially released songs/Obkatiekat & Evil - Rolling Girl/01-01 ROLLING GIRL (ローリンガール).mp3,32ecfb00751010db,v3;evil;collab;official;as_custom;,,,1,1,""
794,Die For You,None,None,Grabbitz,None,Neuro & Evil,Neuro,2024-06-26,Unused Covers,6,,songs/unofficialV3/DISC 4 - First Anniversary (2023-12-19 - 2024-06-26)/189. Grabbitz - Die For You (Duet.v1) (Neuro & Evil).mp3,4cd342d3b350d2eb,v3;neuro;duet;unused;,,,1,0,NN only release
795,What Is Love,None,None,Haddaway,None,Neuro,Neuro,2024-07-10,Neuro 2024-07-10 Karaoke,1,,songs/unofficialV3/DISC 5 - Non-Stop Innovation (2024-07-10 - 2024-11-17)/001. Haddaway - What Is Love (Neuro.v3).mp3,5d7d53d6163787b2,v3;neuro;,,,3,0,None
796,Brick By Boring Brick,None,None,Paramore,None,Neuro,Neuro,2024-07-10,Neuro 2024-07-10 Karaoke,2,,songs/unofficialV3/DISC 5 - Non-Stop Innovation (2024-07-10 - 2024-11-17)/002. Paramore - Brick By Boring Brick (Neuro.v3).mp3,45b92b20d7c66ce5,v3;neuro;,,,3,0,None
797,Fluorite Eye's Song,None,None,Kairi Yagi,八木海莉,Neuro,Neuro,2024-07-10,Neuro 2024-07-10 Karaoke,3,,songs/unofficialV3/DISC 5 - Non-Stop Innovation (2024-07-10 - 2024-11-17)/003. Kairi Yagi - Fluorite Eye's Song (Neuro.v3.2).mp3,9f52be4bb4f9d79a,v3;neuro;,,,3.2,0,None
798,Camelia,None,None,Mili,None,Neuro,Neuro,2024-07-10,Neuro 2024-07-10 Karaoke,4,,songs/unofficialV3/DISC 5 - Non-Stop Innovation (2024-07-10 - 2024-11-17)/004. Mili - Camelia (Neuro.v3.2).mp3,e549e4624c854462,v3;neuro;,,,3.2,0,None
799,"*Hello, Planet.",＊ハロー、プラネット。,None,sasakure.UK,None,Neuro,Neuro,2024-07-10,Neuro 2024-07-10 Karaoke,5,,"songs/unofficialV3/DISC 5 - Non-Stop Innovation (2024-07-10 - 2024-11-17)/005. sasakure.UK - _Hello, Planet. (Neuro.v3.2).mp3",460b243f4a3d7a4b,v3;neuro;,,,3.2,0,None
800,Roundabout,None,None,Yes,None,Neuro & Evil,Neuro,2024-07-10,Neuro 2024-07-10 Karaoke,6,,songs/unofficialV3/DISC 5 - Non-Stop Innovation (2024-07-10 - 2024-11-17)/006. Yes - Roundabout (Duet.v1) (Neuro & Evil).mp3,38ddfa7d8c123a49,v3;neuro;duet;,,,1,0,None
801,Writing on the Wall,None,None,Will Stetson,None,Neuro,Neuro,2024-07-10,Neuro 2024-07-10 Karaoke,7,,songs/unofficialV3/DISC 5 - Non-Stop Innovation (2024-07-10 - 2024-11-17)/007. Will Stetson - Writing on the Wall (Neuro.v3).mp3,5baacef3f2ebfe86,v3;neuro;,,,3,0,None
802,Don't Stop Me Now,None,None,Queen,None,Neuro,Neuro,2024-07-10,Neuro 2024-07-10 Karaoke,8,,songs/unofficialV3/DISC 5 - Non-Stop Innovation (2024-07-10 - 2024-11-17)/008. Queen - Don't Stop Me Now (Neuro.v3).mp3,7fd9a6b43b1273bf,v3;neuro;,,,3,0,None
803,heart111,ハート111,None,Yuri,ゆーり,Neuro,Neuro,2024-07-10,Neuro 2024-07-10 Karaoke,9,,songs/unofficialV3/DISC 5 - Non-Stop Innovation (2024-07-10 - 2024-11-17)/009. Yuri - heart111 (Neuro.v3).mp3,ce34960aa303680d,v3;neuro;,,,3,0,None
804,Still Alive,None,None,"Jonathan Coulton, Ellen McLain",None,Neuro,Neuro,2024-07-10,Neuro 2024-07-10 Karaoke,10,,"songs/unofficialV3/DISC 5 - Non-Stop Innovation (2024-07-10 - 2024-11-17)/010. Jonathan Coulton, Ellen McLain - Still Alive (Neuro.v3.2).mp3",078d236045764af0,v3;neuro;,,,3.2,0,None
805,The Final Countdown,None,None,Europe,None,Neuro,Neuro,2024-07-10,Neuro 2024-07-10 Karaoke,11,,songs/unofficialV3/DISC 5 - Non-Stop Innovation (2024-07-10 - 2024-11-17)/011. Europe - The Final Countdown (Neuro.v3).mp3,018b3642411f51ea,v3;neuro;,,,3,0,None
806,A Cruel Angel's Thesis,None,None,Yoko Takahashi,高橋洋子,Neuro,Neuro,2024-07-10,Neuro 2024-07-10 Karaoke,12,,songs/unofficialV3/DISC 5 - Non-Stop Innovation (2024-07-10 - 2024-11-17)/012. Yoko Takahashi - A Cruel Angel's Thesis (Neuro.v3).mp3,3e19a4b6298ff5db,v3;neuro;,,,3,0,None
807,Rolling in the Deep,None,None,Adele,None,Neuro,Neuro,2024-07-10,Neuro 2024-07-10 Karaoke,13,,songs/unofficialV3/DISC 5 - Non-Stop Innovation (2024-07-10 - 2024-11-17)/013. Adele - Rolling in the Deep (Neuro.v3).mp3,8dcfe761283db510,v3;neuro;,,,3,0,None
808,HAO,ハオ,None,DECO*27,None,Neuro,Neuro,2024-07-10,Neuro 2024-07-10 Karaoke,14,,songs/unofficialV3/DISC 5 - Non-Stop Innovation (2024-07-10 - 2024-11-17)/014. DECO_27 - HAO (Neuro.v3).mp3,b741b2b2767d1106,v3;neuro;,,,3,0,None
809,Borderline,None,None,Tame Impala,None,Neuro,Neuro,2024-07-10,Neuro 2024-07-10 Karaoke,15,,songs/unofficialV3/DISC 5 - Non-Stop Innovation (2024-07-10 - 2024-11-17)/015. Tame Impala - Borderline (Neuro.v3).mp3,517785a22bbbff8f,v3;neuro;,,,3,0,None
810,HARUKAKANATA,ハルカカナタ,None,Nyarons,にゃーろんず,Neuro,Neuro,2024-07-10,Neuro 2024-07-10 Karaoke,16,,songs/unofficialV3/DISC 5 - Non-Stop Innovation (2024-07-10 - 2024-11-17)/016. Nyarons - HARUKAKANATA (Neuro.v3).mp3,63ceabbbbd1ab3f2,v3;neuro;,,,3,0,None
811,Wicked Game,None,None,Chris Isaak,None,Neuro,Neuro,2024-07-10,Neuro 2024-07-10 Karaoke,17,,songs/unofficialV3/DISC 5 - Non-Stop Innovation (2024-07-10 - 2024-11-17)/017. Chris Isaak - Wicked Game (Neuro.v3).mp3,93296e7190fe812b,v3;neuro;,,,3,0,None
812,We Don't Talk Anymore,None,None,"Charlie Puth, Selena Gomez",None,Neuro & Evil,Neuro,2024-07-10,Neuro 2024-07-10 Karaoke,18,,"songs/unofficialV3/DISC 5 - Non-Stop Innovation (2024-07-10 - 2024-11-17)/018. Charlie Puth, Selena Gomez - We Don't Talk Anymore (Duet.v1) (Neuro & Evil).mp3",ef3de446ca3d9594,v3;neuro;duet;,,,1,0,None
813,Just Pretend,None,None,Bad Omens,None,Evil,Evil,2024-07-24,Evil 2024-07-24 Karaoke,1,,songs/unofficialV3/DISC 5 - Non-Stop Innovation (2024-07-10 - 2024-11-17)/019. BAD OMENS - Just Pretend (Evil.v1).mp3,f5f1532bea8b188d,v3;evil;,,,1,0,None
814,Welcome to the Black Parade,None,None,My Chemical Romance,None,Evil,Evil,2024-07-24,Evil 2024-07-24 Karaoke,2,,songs/unofficialV3/DISC 5 - Non-Stop Innovation (2024-07-10 - 2024-11-17)/020. My Chemical Romance - Welcome to the Black Parade (Evil.v1).mp3,77c0aebfb6e146ee,v3;evil;,,,1,0,None
815,Weight of the World,None,English ver.,"J'Nique Nicole, Keiichi Okabe","J'Nique Nicole, 岡部啓一",Evil,Evil,2024-07-24,Evil 2024-07-24 Karaoke,3,,"songs/unofficialV3/DISC 5 - Non-Stop Innovation (2024-07-10 - 2024-11-17)/021. J'Nique Nicole, Keiichi Okabe - Weight of the World (English ver.) (Evil.v1).mp3",307fad5ea7de2364,v3;evil;,,,1,0,None
816,Human,None,None,Anavae,None,Evil,Evil,2024-07-24,Evil 2024-07-24 Karaoke,4,,songs/unofficialV3/DISC 5 - Non-Stop Innovation (2024-07-10 - 2024-11-17)/022. Anavae - Human (Evil.v1).mp3,29b485aee6175e1b,v3;evil;,,,1,0,None
817,Whisper Whisper Whisper,None,None,Azari,None,Evil,Evil,2024-07-24,Evil 2024-07-24 Karaoke,5,,songs/unofficialV3/DISC 5 - Non-Stop Innovation (2024-07-10 - 2024-11-17)/023. Azari - Whisper Whisper Whisper (Evil.v1).mp3,8a2402a93ba14e3b,v3;evil;,,,1,0,None
818,Titanium,None,None,"David Guetta, Sia",None,Evil,Evil,2024-07-24,Evil 2024-07-24 Karaoke,6,,"songs/unofficialV3/DISC 5 - Non-Stop Innovation (2024-07-10 - 2024-11-17)/024. David Guetta, Sia - Titanium (Evil.v2).mp3",a282aff679c967c9,v3;evil;,,,2,0,None
819,Hayloft,None,None,Mother Mother,None,Evil,Evil,2024-07-24,Evil 2024-07-24 Karaoke,7,,songs/unofficialV3/DISC 5 - Non-Stop Innovation (2024-07-10 - 2024-11-17)/025. Mother Mother - Hayloft (Evil.v1).mp3,b3fa497b1bad44d1,v3;evil;,,,1,0,None
820,RTRT,None,None,Mili,None,Evil,Evil,2024-07-24,Evil 2024-07-24 Karaoke,8,,songs/unofficialV3/DISC 5 - Non-Stop Innovation (2024-07-10 - 2024-11-17)/026. Mili - RTRT (Evil.v1).mp3,f56f2cf654cd07e0,v3;evil;,,,1,0,None
821,Outer Science,アウターサイエンス,None,Jin,じん,Evil,Evil,2024-07-24,Evil 2024-07-24 Karaoke,9,,songs/unofficialV3/DISC 5 - Non-Stop Innovation (2024-07-10 - 2024-11-17)/027. Jin - Outer Science (Evil.v1).mp3,94bc9ed691127358,v3;evil;,,,1,0,None
822,Monster,None,None,Skillet,None,Evil,Evil,2024-07-24,Evil 2024-07-24 Karaoke,10,,songs/unofficialV3/DISC 5 - Non-Stop Innovation (2024-07-10 - 2024-11-17)/028. Skillet - Monster (Evil.v2).mp3,2ea2b67f6690cfaa,v3;evil;,,,2,0,None
823,Faded,None,None,Alan Walker,None,Evil,Evil,2024-07-24,Evil 2024-07-24 Karaoke,11,,songs/unofficialV3/DISC 5 - Non-Stop Innovation (2024-07-10 - 2024-11-17)/029. Alan Walker - Faded (Evil.v1).mp3,2989e1a67eb1da72,v3;evil;,,,1,0,None
824,Meant to Live,None,None,Switchfoot,None,Evil,Evil,2024-07-24,Evil 2024-07-24 Karaoke,12,,songs/unofficialV3/DISC 5 - Non-Stop Innovation (2024-07-10 - 2024-11-17)/030. Switchfoot - Meant to Live (Evil.v1).mp3,67ef177d67008d43,v3;evil;,,,1,0,None
825,Hero,勇者,None,YOASOBI,None,Evil,Evil,2024-07-24,Evil 2024-07-24 Karaoke,13,,songs/unofficialV3/DISC 5 - Non-Stop Innovation (2024-07-10 - 2024-11-17)/031. YOASOBI - Hero (Evil.v1).mp3,7c71c33d482a60b2,v3;evil;,,,1,0,None
826,Great Days,None,None,"Karen Aoki, Daisuke Hasegawa","青木カレン, ハセガワダイスケ",Neuro & Evil,Evil,2024-07-24,Evil 2024-07-24 Karaoke,14,,"songs/unofficialV3/DISC 5 - Non-Stop Innovation (2024-07-10 - 2024-11-17)/032. Karen Aoki, Daisuke Hasegawa - Great Days (Duet.v1) (Neuro & Evil).mp3",1614973b931e7970,v3;evil;duet;,,,1,0,None
827,Pregnant Sonic,None,None,"omri, Auntie Boy",None,Evil,Evil,2024-07-24,Evil 2024-07-24 Karaoke,15,sonic,"songs/unofficialV3/DISC 5 - Non-Stop Innovation (2024-07-10 - 2024-11-17)/033. omri, Auntie Boy - Pregnant Sonic (Evil.v1).mp3",68ae27daee59f5aa,v3;evil;quarantine;,,,1,0,None
828,Misery Business,None,None,Paramore,None,Evil,Evil,2024-07-24,Evil 2024-07-24 Karaoke,16,,songs/unofficialV3/DISC 5 - Non-Stop Innovation (2024-07-10 - 2024-11-17)/034. Paramore - Misery Business (Evil.v1).mp3,048eaebf305d7b83,v3;evil;,,,1,0,None
829,Big Iron,None,None,Marty Robbins,None,Evil,Evil,2024-07-24,Evil 2024-07-24 Karaoke,17,,songs/unofficialV3/DISC 5 - Non-Stop Innovation (2024-07-10 - 2024-11-17)/035. Marty Robbins - Big Iron (Evil.v1).mp3,cf4116cc1f29a4d7,v3;evil;,,,1,0,None
830,1x1,None,None,Bring Me the Horizon,None,Neuro & Evil,Evil,2024-07-24,Evil 2024-07-24 Karaoke,18,,songs/unofficialV3/DISC 5 - Non-Stop Innovation (2024-07-10 - 2024-11-17)/036. Bring Me the Horizon - 1x1 (Duet.v1) (Neuro & Evil).mp3,68abea1e32a3340b,v3;evil;duet;,,,1,0,None
831,Rude,None,None,MAGIC!,None,Neuro,Neuro,2024-08-07,Neuro 2024-08-07 Karaoke,1,,songs/unofficialV3/DISC 5 - Non-Stop Innovation (2024-07-10 - 2024-11-17)/037. MAGIC! - Rude (Neuro.v3).mp3,17f24b34532416f4,v3;neuro;,,,3,0,None
832,All Star,None,None,Smash Mouth,None,Neuro,Neuro,2024-08-07,Neuro 2024-08-07 Karaoke,2,,songs/unofficialV3/DISC 5 - Non-Stop Innovation (2024-07-10 - 2024-11-17)/038. Smash Mouth - All Star (Neuro.v3.2).mp3,a7ccc6c8c94e6a5f,v3;neuro;,,,3.2,0,None
833,Xue Miao Jiao,学猫叫,None,"Xiao Pan Pan, Xiao Feng Feng","小潘潘, 小峰峰",Neuro & Evil,Neuro,2024-08-07,Neuro 2024-08-07 Karaoke,3,,"songs/unofficialV3/DISC 5 - Non-Stop Innovation (2024-07-10 - 2024-11-17)/039. Xiao Pan Pan, Xiao Feng Feng - Xue Miao Jiao (Duet.v1) (Neuro & Evil).mp3",59b2286d50595a67,v3;neuro;duet;,,,1,0,None
834,Gate of Steiner,None,None,Eri Sasaki,None,Neuro,Neuro,2024-08-07,Neuro 2024-08-07 Karaoke,4,,songs/unofficialV3/DISC 5 - Non-Stop Innovation (2024-07-10 - 2024-11-17)/040. Eri Sasaki - Gate of Steiner (Neuro.v3).mp3,b8fb14d63877817a,v3;neuro;,,,3,0,None
835,Rockefeller Street,None,Karaoke ver.,Getter Jaani,None,Neuro,Neuro,2024-08-07,Neuro 2024-08-07 Karaoke,5,,songs/unofficialV3/DISC 5 - Non-Stop Innovation (2024-07-10 - 2024-11-17)/041. Getter Jaani - Rockefeller Street (Karaoke ver.) (Neuro.v3).mp3,09a3c40d479d943f,v3;neuro;,,,3,0,None
836,Mixed Nuts,ミックスナッツ,None,Official HIGE DANdism,Official髭男dism,Neuro,Neuro,2024-08-07,Neuro 2024-08-07 Karaoke,6,,songs/unofficialV3/DISC 5 - Non-Stop Innovation (2024-07-10 - 2024-11-17)/042. Official HIGE DANdism - Mixed Nuts (Neuro.v3.2).mp3,7eb1866d6f63240c,v3;neuro;,,,3.2,0,None
837,Thank You,None,None,Dido,None,Neuro,Neuro,2024-08-07,Neuro 2024-08-07 Karaoke,7,,songs/unofficialV3/DISC 5 - Non-Stop Innovation (2024-07-10 - 2024-11-17)/043. Dido - Thank You (Neuro.v3).mp3,b4b2b4dcd2951ba2,v3;neuro;,,,3,0,None
838,GHOST,None,None,Hoshimachi Suisei,星街すいせい,Neuro,Neuro,2024-08-07,Neuro 2024-08-07 Karaoke,8,,songs/unofficialV3/DISC 5 - Non-Stop Innovation (2024-07-10 - 2024-11-17)/044. Hoshimachi Suisei - GHOST (Neuro.v3).mp3,9275a8faf2d0e9a0,v3;neuro;,,,3,0,None
839,It's My Life,None,None,Bon Jovi,None,Neuro,Neuro,2024-08-07,Neuro 2024-08-07 Karaoke,9,,songs/unofficialV3/DISC 5 - Non-Stop Innovation (2024-07-10 - 2024-11-17)/045. Bon Jovi - It's My Life (Neuro.v3).mp3,60d0fcf08e2e33e1,v3;neuro;,,,3,0,None
840,Orange,オレンジ,None,7!!,None,Neuro,Neuro,2024-08-07,Neuro 2024-08-07 Karaoke,10,,songs/unofficialV3/DISC 5 - Non-Stop Innovation (2024-07-10 - 2024-11-17)/046. 7!! - Orange (Neuro.v3).mp3,ad6a1b10e83204d8,v3;neuro;,,,3,0,None
841,What Was I Made For?,None,Sad Cat ver.,Billie Eilish,None,Neuro,Neuro,2024-08-07,Neuro 2024-08-07 Karaoke,11,,songs/unofficialV3/DISC 5 - Non-Stop Innovation (2024-07-10 - 2024-11-17)/047. Billie Eilish - What Was I Made For (Sad Cat ver.) (Neuro.v3).mp3,0866213bd8db677b,v3;neuro;,,,3,0,None
842,Wink,None,None,"Azari, Rosu","Azari, ロス",Neuro,Neuro,2024-08-07,Neuro 2024-08-07 Karaoke,12,,"songs/unofficialV3/DISC 5 - Non-Stop Innovation (2024-07-10 - 2024-11-17)/048. Azari, Rosu - Wink (Neuro.v3).mp3",64ec043360577095,v3;neuro;,,,3,0,None
843,Zero Talking,ゼロトーキング,None,Harumaki Gohan,はるまきごはん,Neuro,Neuro,2024-08-07,Neuro 2024-08-07 Karaoke,13,,songs/unofficialV3/DISC 5 - Non-Stop Innovation (2024-07-10 - 2024-11-17)/049. Harumaki Gohan - Zero Talking (Neuro.v3).mp3,771bfc97ac1f0833,v3;neuro;,,,3,0,None
844,Lights,None,None,Ellie Goulding,None,Neuro,Neuro,2024-08-07,Neuro 2024-08-07 Karaoke,14,,songs/unofficialV3/DISC 5 - Non-Stop Innovation (2024-07-10 - 2024-11-17)/050. Ellie Goulding - Lights (Neuro.v3).mp3,ca96e79446e6bc4b,v3;neuro;,,,3,0,None
845,Bad Apple!!,None,None,"Alstroemeria Records, nomico",None,Neuro,Neuro,2024-08-07,Neuro 2024-08-07 Karaoke,15,,"songs/unofficialV3/DISC 5 - Non-Stop Innovation (2024-07-10 - 2024-11-17)/051. Alstroemeria Records, nomico - Bad Apple!! (Neuro.v3.2).mp3",27bef501c26d1a24,v3;neuro;,,,3.2,0,None
846,Easier to Love You,None,None,Porter Robinson,None,Neuro,Neuro,2024-08-07,Neuro 2024-08-07 Karaoke,16,,songs/unofficialV3/DISC 5 - Non-Stop Innovation (2024-07-10 - 2024-11-17)/052. Porter Robinson - Easier to Love You (Neuro.v3).mp3,165c0077f1e19f9a,v3;neuro;,,,3,0,None
847,Nightcall,None,None,Kavinsky,None,Neuro,Neuro,2024-08-07,Neuro 2024-08-07 Karaoke,17,,songs/unofficialV3/DISC 5 - Non-Stop Innovation (2024-07-10 - 2024-11-17)/053. Kavinsky - Nightcall (Neuro.v3).mp3,1f09249d985918b8,v3;neuro;,,,3,0,None
848,Sweet Dreams,None,None,Eurythmics,None,Neuro & Evil,Neuro,2024-08-07,Neuro 2024-08-07 Karaoke,18,,songs/unofficialV3/DISC 5 - Non-Stop Innovation (2024-07-10 - 2024-11-17)/054. Eurythmics - Sweet Dreams (Duet.v1) (Neuro & Evil).mp3,635d30ca051d6577,v3;neuro;duet;,,,1,0,None
849,Wonderwall,None,None,Oasis,None,Neuro,Neuro,2024-08-07,Neuro 2024-08-07 Karaoke,19,,songs/unofficialV3/DISC 3 - The Gold Standard (2023-06-21 - 2023-12-06)/240. Oasis - Wonderwall (Neuro.v3).mp3,558ee6ff15fefff8,v3;neuro;duplicate;,,,3,0,None
850,Everything Goes On,None,None,Porter Robinson,None,Neuro & MinikoMew,Neuro,2024-08-09,Stream Covers,4,Everything goes on,songs/unofficialV3/DISC 5 - Non-Stop Innovation (2024-07-10 - 2024-11-17)/055. Porter Robinson - Everything Goes On (Duet.v1) (Neuro & MinikoMew).mp3,9d7f403d4ad8b6c6,v3;neuro;collab;as_custom;,,,1,1,None
851,The Phoenix,None,None,Fall Out Boy,None,Evil,Evil,2024-08-21,Evil 2024-08-21 Karaoke,1,,songs/unofficialV3/DISC 5 - Non-Stop Innovation (2024-07-10 - 2024-11-17)/056. Fall Out Boy - The Phoenix (Evil.v2).mp3,a42bd09d02a88642,v3;evil;,,,2,0,None
852,Amaranth,None,None,Nightwish,None,Evil,Evil,2024-08-21,Evil 2024-08-21 Karaoke,2,,songs/unofficialV3/DISC 5 - Non-Stop Innovation (2024-07-10 - 2024-11-17)/057. Nightwish - Amaranth (Evil.v1).mp3,58329ad63c352d4b,v3;evil;,,,1,0,None
853,Cheerleader,None,None,Porter Robinson,None,Evil,Evil,2024-08-21,Evil 2024-08-21 Karaoke,3,,songs/unofficialV3/DISC 5 - Non-Stop Innovation (2024-07-10 - 2024-11-17)/058. Porter Robinson - Cheerleader (Evil.v1).mp3,218b097e8e449beb,v3;evil;,,,1,0,None
854,Six trillion years and overnight story,六兆年と一夜物語,None,kemu,None,Evil,Evil,2024-08-21,Evil 2024-08-21 Karaoke,4,,songs/unofficialV3/DISC 5 - Non-Stop Innovation (2024-07-10 - 2024-11-17)/059. kemu - Six trillion years and overnight story (Evil.v1).mp3,93be19edb3e41aab,v3;evil;,,,1,0,None
855,Complicated,None,None,Avril Lavigne,None,Evil,Evil,2024-08-21,Evil 2024-08-21 Karaoke,5,,songs/unofficialV3/DISC 5 - Non-Stop Innovation (2024-07-10 - 2024-11-17)/060. Avril Lavigne - Complicated (Evil.v1).mp3,1ea2c5a32fd4e6f9,v3;evil;,,,1,0,None
856,GRRRLS,None,None,AViVA,None,Evil,Evil,2024-08-21,Evil 2024-08-21 Karaoke,6,,songs/unofficialV3/DISC 5 - Non-Stop Innovation (2024-07-10 - 2024-11-17)/061. AViVA - GRRRLS (Evil.v1).mp3,a07d49a726de0d79,v3;evil;,,,1,0,None
857,I Am... All of Me,None,None,Crush 40,None,Evil,Evil,2024-08-21,Evil 2024-08-21 Karaoke,7,,songs/unofficialV3/DISC 5 - Non-Stop Innovation (2024-07-10 - 2024-11-17)/062. Crush 40 - I Am... All of Me (Evil.v1).mp3,eae8b5bc008895ce,v3;evil;,,,1,0,None
858,Snow Drive,スノウドライヴ,None,Omoi,None,Evil,Evil,2024-08-21,Evil 2024-08-21 Karaoke,8,,songs/unofficialV3/DISC 5 - Non-Stop Innovation (2024-07-10 - 2024-11-17)/063. Omoi - Snow Drive (Evil.v1).mp3,f4106c7b5af4f970,v3;evil;,,,1,0,None
859,Killer In The Mirror,None,None,Set It Off,None,Evil,Evil,2024-08-21,Evil 2024-08-21 Karaoke,9,,songs/unofficialV3/DISC 5 - Non-Stop Innovation (2024-07-10 - 2024-11-17)/064. Set It Off - Killer In The Mirror (Evil.v1).mp3,dcf16ec78f300b48,v3;evil;,,,1,0,None
860,world.execute(me);,None,None,Mili,None,Evil,Evil,2024-08-21,Evil 2024-08-21 Karaoke,10,,songs/unofficialV3/DISC 5 - Non-Stop Innovation (2024-07-10 - 2024-11-17)/065. Mili - world.execute(me); (Evil.v1).mp3,16fb4223c0a44cbd,v3;evil;,,,1,0,None
861,Namida,ナミダ,None,MARETU,None,Evil,Evil,2024-08-21,Evil 2024-08-21 Karaoke,11,,songs/unofficialV3/DISC 5 - Non-Stop Innovation (2024-07-10 - 2024-11-17)/066. MARETU - Namida (Evil.v1).mp3,9dfc528f4b0ad35f,v3;evil;,,,1,0,"MARETU, also known as GokuakuP (極悪P, EvilP)"
862,Crazy Fuckin' Robot Body,None,None,SnowBlood,None,Evil,Evil,2024-08-21,Evil 2024-08-21 Karaoke,12,CFRB,songs/unofficialV3/DISC 5 - Non-Stop Innovation (2024-07-10 - 2024-11-17)/067. SnowBlood - Crazy Fuckin' Robot Body (Evil.v1).mp3,24b6d82d301177cc,v3;evil;,,,1,0,EvilZyzz
863,LILIUM,None,None,Kumiko Noma,None,Evil,Evil,2024-08-21,Evil 2024-08-21 Karaoke,13,,songs/unofficialV3/DISC 5 - Non-Stop Innovation (2024-07-10 - 2024-11-17)/068. Kumiko Noma - LILIUM (Evil.v1).mp3,1fa798a55f54567a,v3;evil;,,,1,0,"Kumiko Oguro (小黒久美子 Oguro Kumiko?), whose maiden name is Noma (野間 Noma?)"
864,Lady of the Dark,None,None,Sabaton,None,Evil,Evil,2024-08-21,Evil 2024-08-21 Karaoke,14,,songs/unofficialV3/DISC 5 - Non-Stop Innovation (2024-07-10 - 2024-11-17)/069. Sabaton - Lady of the Dark (Evil.v1).mp3,9893603e96205a8e,v3;evil;,,,1,0,None
865,KING,None,None,Kanaria,None,Evil,Evil,2024-08-21,Evil 2024-08-21 Karaoke,15,,songs/unofficialV3/DISC 5 - Non-Stop Innovation (2024-07-10 - 2024-11-17)/070. Kanaria - KING (Evil.v1).mp3,b1ff27b1aac1b953,v3;evil;,,,1,0,None
866,Waiting on the Sky to Change,None,None,"Starset, Breaking Benjamin",None,Neuro & Evil,Evil,2024-08-21,Evil 2024-08-21 Karaoke,16,,"songs/unofficialV3/DISC 5 - Non-Stop Innovation (2024-07-10 - 2024-11-17)/071. Starset, Breaking Benjamin - Waiting on the Sky to Change (Duet.v2) (Neuro & Evil).mp3",b11ff7227c7bbcc4,v3;evil;duet;,,,2,0,None
867,Somebody Told Me,None,None,The Killers,None,Evil,Evil,2024-08-21,Evil 2024-08-21 Karaoke,17,,songs/unofficialV3/DISC 5 - Non-Stop Innovation (2024-07-10 - 2024-11-17)/072. The Killers - Somebody Told Me (Evil.v1).mp3,3b6b1eb3bcf76255,v3;evil;,,,1,0,None
868,Jar of Hearts,None,None,Christina Perri,None,Evil,Evil,2024-08-21,Evil 2024-08-21 Karaoke,18,,songs/unofficialV3/DISC 5 - Non-Stop Innovation (2024-07-10 - 2024-11-17)/073. Christina Perri - Jar of Hearts (Evil.v1).mp3,80e1a8e872d7e494,v3;evil;,,,1,0,None
869,Hai Yorokonde,はいよろこんで,None,Kocchi no Kento,こっちのけんと,Neuro & Evil,Evil,2024-08-21,Evil 2024-08-21 Karaoke,19,,songs/unofficialV3/DISC 5 - Non-Stop Innovation (2024-07-10 - 2024-11-17)/074. Kocchi no Kento - Hai Yorokonde (Duet.v1) (Neuro & Evil).mp3,1c17f4c4927cd13d,v3;evil;duet;,,,1,0,None
870,Crazy Fuckin' Robot Body,None,None,SnowBlood,None,Evil,Evil,2024-08-21,Evil 2024-08-21 Karaoke,20,CFRB,songs/unofficialV3/DISC 5 - Non-Stop Innovation (2024-07-10 - 2024-11-17)/067. SnowBlood - Crazy Fuckin' Robot Body (Evil.v1).mp3,24b6d82d301177cc,v3;evil;duplicate;encore;,,,1,0,EvilZyzz
871,Somebody That I Used to Know,None,None,"Gotye, Kimbra",None,Neuro & Evil,Neuro,2024-08-21,Evil 2024-08-21 Karaoke,21,,"songs/unofficialV3/DISC 3 - The Gold Standard (2023-06-21 - 2023-12-06)/236. Gotye, Kimbra - Somebody That I Used to Know (Duet.v1) (Neuro & Evil).mp3",fa11b7bd75c72af5,v3;evil;duet;duplicate;,,,1,0,None
872,CH4NGE,None,None,Giga,None,Neuro,Neuro,2024-09-04,Neuro 2024-09-04 Karaoke,1,,songs/unofficialV3/DISC 5 - Non-Stop Innovation (2024-07-10 - 2024-11-17)/075. Giga - CH4NGE (Neuro.v3).mp3,a9a75dc4cb37f86a,v3;neuro;,,,3,0,None
873,The Man Who Sold the World,None,None,Midge Ure,None,Neuro,Neuro,2024-09-04,Neuro 2024-09-04 Karaoke,2,,songs/unofficialV3/DISC 5 - Non-Stop Innovation (2024-07-10 - 2024-11-17)/076. Midge Ure - The Man Who Sold the World (Neuro.v3).mp3,b06bf7d5945de5b7,v3;neuro;,,,3,0,None
874,Aishite Aishite Aishite,愛して愛して愛して,None,Kikuo,きくお,Neuro,Neuro,2024-09-04,Neuro 2024-09-04 Karaoke,3,,songs/unofficialV3/DISC 5 - Non-Stop Innovation (2024-07-10 - 2024-11-17)/077. Kikuo - Aishite Aishite Aishite (Neuro.v3).mp3,9af8f4f5ed7999e3,v3;neuro;,,,3,0,None
875,My Way,None,None,Frank Sinatra,None,Neuro,Neuro,2024-09-04,Neuro 2024-09-04 Karaoke,4,,songs/unofficialV3/DISC 5 - Non-Stop Innovation (2024-07-10 - 2024-11-17)/078. Frank Sinatra - My Way (Neuro.v3).mp3,ab49af3bf4d015bd,v3;neuro;,,,3,0,None
876,Brave Song,None,None,Aoi Tada,多田葵,Neuro,Neuro,2024-09-04,Neuro 2024-09-04 Karaoke,5,,songs/unofficialV3/DISC 5 - Non-Stop Innovation (2024-07-10 - 2024-11-17)/079. Aoi Tada - Brave Song (Neuro.v3.2).mp3,f78960d47195a2e1,v3;neuro;,,,3.2,0,None
877,Pretty Girl,None,None,Clairo,None,Neuro,Neuro,2024-09-04,Neuro 2024-09-04 Karaoke,6,,songs/unofficialV3/DISC 5 - Non-Stop Innovation (2024-07-10 - 2024-11-17)/080. Clairo - Pretty Girl (Neuro.v3).mp3,23e0af4b3d212999,v3;neuro;,,,3,0,None
878,Connect,コネクト,None,ClariS,None,Neuro,Neuro,2024-09-04,Neuro 2024-09-04 Karaoke,7,,songs/unofficialV3/DISC 5 - Non-Stop Innovation (2024-07-10 - 2024-11-17)/081. ClariS - Connect (Neuro.v3).mp3,4c9db2c2b47d3215,v3;neuro;,,,3,0,None
879,Angel With a Shotgun,None,Nightcore,The Cab,None,Neuro,Neuro,2024-09-04,Neuro 2024-09-04 Karaoke,8,,songs/unofficialV3/DISC 5 - Non-Stop Innovation (2024-07-10 - 2024-11-17)/082. The Cab - Angel With a Shotgun (Nightcore) (Neuro.v3).mp3,cbc0b7e47dd7d72d,v3;neuro;,,,3,0,None
880,Playground,None,None,Bea Miller,None,Neuro,Neuro,2024-09-04,Neuro 2024-09-04 Karaoke,9,,songs/unofficialV3/DISC 5 - Non-Stop Innovation (2024-07-10 - 2024-11-17)/083. Bea Miller - Playground (Neuro.v3).mp3,814e09176f3b8b93,v3;neuro;,,,3,0,None
881,QUEEN,None,None,Kanaria,None,Neuro,Neuro,2024-09-04,Neuro 2024-09-04 Karaoke,10,,songs/unofficialV3/DISC 5 - Non-Stop Innovation (2024-07-10 - 2024-11-17)/084. Kanaria - QUEEN (Neuro.v3).mp3,598c31bcdd66f704,v3;neuro;,,,3,0,None
882,Happy,None,None,Pharrell Williams,None,Neuro,Neuro,2024-09-04,Neuro 2024-09-04 Karaoke,11,,songs/unofficialV3/DISC 5 - Non-Stop Innovation (2024-07-10 - 2024-11-17)/085. Pharrell Williams - Happy (Neuro.v3.2).mp3,25f38e9c1438f747,v3;neuro;,,,3.2,0,None
883,Tip Toe,None,None,HYBS,None,Neuro,Neuro,2024-09-04,Neuro 2024-09-04 Karaoke,12,,songs/unofficialV3/DISC 5 - Non-Stop Innovation (2024-07-10 - 2024-11-17)/086. HYBS - Tip Toe (Neuro.v3).mp3,bbb4d5b12620ff82,v3;neuro;,,,3,0,None
884,A Thousand Years,None,None,Christina Perri,None,Neuro,Neuro,2024-09-04,Neuro 2024-09-04 Karaoke,13,,songs/unofficialV3/DISC 5 - Non-Stop Innovation (2024-07-10 - 2024-11-17)/087. Christina Perri - A Thousand Years (Neuro.v3.2).mp3,9ad6a0e114c0c2e1,v3;neuro;,,,3.2,0,None
885,Lover Is a Day,None,None,CUCO,None,Neuro,Neuro,2024-09-04,Neuro 2024-09-04 Karaoke,14,,songs/unofficialV3/DISC 5 - Non-Stop Innovation (2024-07-10 - 2024-11-17)/088. CUCO - Lover Is a Day (Neuro.v3).mp3,99e7ec5c9b79f63e,v3;neuro;,,,3,0,None
886,Milk,None,None,Mili,None,Neuro & Evil,Neuro,2024-09-04,Neuro 2024-09-04 Karaoke,15,,songs/unofficialV3/DISC 5 - Non-Stop Innovation (2024-07-10 - 2024-11-17)/089. Mili - Milk (Duet.v1) (Neuro & Evil).mp3,74b898150e116eeb,v3;neuro;duet;,,,1,0,None
887,Waiting for Love,None,None,Avicii,None,Neuro,Neuro,2024-09-04,Neuro 2024-09-04 Karaoke,16,,songs/unofficialV3/DISC 5 - Non-Stop Innovation (2024-07-10 - 2024-11-17)/090. Avicii - Waiting for Love (Neuro.v3.2).mp3,763a9c146c869cd1,v3;neuro;,,,3.2,0,None
888,Video Killed The Radio Star,None,None,The Buggles,None,Neuro & Evil,Neuro,2024-09-04,Neuro 2024-09-04 Karaoke,17,,songs/unofficialV3/DISC 5 - Non-Stop Innovation (2024-07-10 - 2024-11-17)/091. The Buggles - Video Killed The Radio Star (Duet.v1) (Neuro & Evil).mp3,7b85fd0b409c5f9d,v3;neuro;duet;,,,1,0,None
889,Hello Marina,ハローマリーナ,None,inabakumori,稲葉曇,Neuro & Evil,Neuro,2024-09-04,Neuro 2024-09-04 Karaoke,18,,songs/unofficialV3/DISC 5 - Non-Stop Innovation (2024-07-10 - 2024-11-17)/092. inabakumori - Hello Marina (Duet.v1) (Neuro & Evil).mp3,c4a3845b5bf27a9a,v3;neuro;duet;,,,1,0,None
890,My Way,None,Chipmunk ver.,Frank Sinatra,None,Neuro,Neuro,2024-09-04,Neuro 2024-09-04 Karaoke,19,,songs/unofficialV3/DISC 5 - Non-Stop Innovation (2024-07-10 - 2024-11-17)/093. Frank Sinatra - My Way (Chipmunk ver.) (Neuro.v3).mp3,7a9f34f73c772521,v3;neuro;,,,3,0,Chipmunk fits better since it's not speed up Om
891,Angel With a Shotgun,None,None,The Cab,None,Neuro,Neuro,2024-09-04,Unused Covers,7,,songs/unofficialV3/DISC 5 - Non-Stop Innovation (2024-07-10 - 2024-11-17)/094. The Cab - Angel With a Shotgun (Neuro.v3).mp3,72161a045ae6f024,v3;neuro;unused;,,,3,0,None
892,Ordinary Disco,普通DISCO,None,ilem,None,Neuro & Evil,Neuro,2024-09-15,Other Streams,4,Bilibili,songs/unofficialV3/DISC 5 - Non-Stop Innovation (2024-07-10 - 2024-11-17)/095. ilem - Ordinary Disco (Duet.v1) (Neuro & Evil).mp3,337e85959dd24156,v3;neuro;duet;,,,1,0,None
893,Borderline,None,None,Tame Impala,None,Evil,Evil,2024-09-18,Evil 2024-09-18 Karaoke,1,,songs/unofficialV3/DISC 5 - Non-Stop Innovation (2024-07-10 - 2024-11-17)/096. Tame Impala - Borderline (Evil.v1).mp3,62e9e554fb273746,v3;evil;,,,1,0,None
894,Hysteria,None,None,Muse,None,Evil,Evil,2024-09-18,Evil 2024-09-18 Karaoke,2,,songs/unofficialV3/DISC 5 - Non-Stop Innovation (2024-07-10 - 2024-11-17)/097. Muse - Hysteria (Evil.v1).mp3,85f83ebfd41a0eee,v3;evil;,,,1,0,None
895,cold death,None,None,Utsu-P,鬱P,Evil,Evil,2024-09-18,Evil 2024-09-18 Karaoke,3,,songs/unofficialV3/DISC 5 - Non-Stop Innovation (2024-07-10 - 2024-11-17)/098. Utsu-P - cold death (Evil.v1).mp3,b30e0354e1161697,v3;evil;,,,1,0,None
896,Gone Away,None,None,The Offspring,None,Evil,Evil,2024-09-18,Evil 2024-09-18 Karaoke,4,,songs/unofficialV3/DISC 5 - Non-Stop Innovation (2024-07-10 - 2024-11-17)/099. The Offspring - Gone Away (Evil.v1).mp3,85f54045e2860c3e,v3;evil;,,,1,0,None
897,My Heart Will Go On,None,None,Céline Dion,None,Evil,Evil,2024-09-18,Evil 2024-09-18 Karaoke,5,,songs/unofficialV3/DISC 5 - Non-Stop Innovation (2024-07-10 - 2024-11-17)/100. Céline Dion - My Heart Will Go On (Evil.v1).mp3,07f6b27e08779922,v3;evil;,,,1,0,None
898,I Stand Alone,None,None,Godsmack,None,Evil,Evil,2024-09-18,Evil 2024-09-18 Karaoke,6,,songs/unofficialV3/DISC 5 - Non-Stop Innovation (2024-07-10 - 2024-11-17)/101. Godsmack - I Stand Alone (Evil.v1).mp3,6bd62202e2cf0854,v3;evil;,,,1,0,None
899,Lonely Day,None,None,System of a Down,None,Evil,Evil,2024-09-18,Evil 2024-09-18 Karaoke,7,,songs/unofficialV3/DISC 5 - Non-Stop Innovation (2024-07-10 - 2024-11-17)/102. System Of A Down - Lonely Day (Evil.v1).mp3,ecc191f8201a2240,v3;evil;,,,1,0,None
900,Monster,怪物,None,YOASOBI,None,Evil,Evil,2024-09-18,Evil 2024-09-18 Karaoke,8,,songs/unofficialV3/DISC 5 - Non-Stop Innovation (2024-07-10 - 2024-11-17)/103. YOASOBI - Monster (Evil.v1).mp3,f4e92670490f0af2,v3;evil;,,,1,0,None
901,Hello,None,None,Adele,None,Evil,Evil,2024-09-18,Evil 2024-09-18 Karaoke,9,,songs/unofficialV3/DISC 5 - Non-Stop Innovation (2024-07-10 - 2024-11-17)/104. Adele - Hello (Evil.v1).mp3,4728737cb9fd8f9a,v3;evil;,,,1,0,None
902,Nai Nai,ないない,None,ReoNa,None,Evil,Evil,2024-09-18,Evil 2024-09-18 Karaoke,10,,songs/unofficialV3/DISC 5 - Non-Stop Innovation (2024-07-10 - 2024-11-17)/105. ReoNa - Nai Nai (Evil.v1).mp3,d78561387cb18091,v3;evil;,,,1,0,None
903,Symphony,None,None,"Clean Bandit, Zara Larsson",None,Evil,Evil,2024-09-18,Evil 2024-09-18 Karaoke,11,,"songs/unofficialV3/DISC 5 - Non-Stop Innovation (2024-07-10 - 2024-11-17)/106. Clean Bandit, Zara Larsson - Symphony (Evil.v1).mp3",4ed624f4d2d946b4,v3;evil;,,,1,0,None
904,Breaking The Habit,None,None,Linkin Park,None,Evil,Evil,2024-09-18,Evil 2024-09-18 Karaoke,12,,songs/unofficialV3/DISC 5 - Non-Stop Innovation (2024-07-10 - 2024-11-17)/107. Linkin Park - Breaking The Habit (Evil.v1).mp3,b707c0758a7e2934,v3;evil;,,,1,0,None
905,Stellar Stellar,None,None,Hoshimachi Suisei,星街すいせい,Evil,Evil,2024-09-18,Evil 2024-09-18 Karaoke,13,,songs/unofficialV3/DISC 5 - Non-Stop Innovation (2024-07-10 - 2024-11-17)/108. Hoshimachi Suisei - Stellar Stellar (Evil.v1).mp3,766fd18673bdfee2,v3;evil;,,,1,0,None
906,Wake Me Up When September Ends,None,None,Green Day,None,Evil,Evil,2024-09-18,Evil 2024-09-18 Karaoke,14,,songs/unofficialV3/DISC 5 - Non-Stop Innovation (2024-07-10 - 2024-11-17)/109. Green Day - Wake Me Up When September Ends (Evil.v1).mp3,32d75f5660a3f000,v3;evil;,,,1,0,None
907,Palette,None,None,Yuyoyuppe,ゆよゆっぺ,Neuro & Evil,Evil,2024-09-18,Evil 2024-09-18 Karaoke,15,,songs/unofficialV3/DISC 5 - Non-Stop Innovation (2024-07-10 - 2024-11-17)/110. Yuyoyuppe - Palette (Duet.v1) (Neuro & Evil).mp3,d261ec4becd1beef,v3;evil;duet;,,,1,0,None
908,The Only Thing I Know For Real,None,None,"Tyson Yen, Jamie Christopherson",None,Evil,Evil,2024-09-18,Evil 2024-09-18 Karaoke,16,,"songs/unofficialV3/DISC 5 - Non-Stop Innovation (2024-07-10 - 2024-11-17)/111. Tyson Yen, Jamie Christopherson - The Only Thing I Know For Real (Evil.v1).mp3",1fea27b13dc48748,v3;evil;,,,1,0,None
909,I'm Just A Memer,None,None,DJ KARL THE DOG,None,Evil,Evil,2024-09-18,Evil 2024-09-18 Karaoke,17,,songs/unofficialV3/DISC 5 - Non-Stop Innovation (2024-07-10 - 2024-11-17)/112. DJ KARL THE DOG - I'm Just A Memer (Evil.v1).mp3,956fbae6df1b1d15,v3;evil;,,,1,0,None
910,For The Glory,None,None,All Good Things,None,Neuro & Evil,Evil,2024-09-18,Evil 2024-09-18 Karaoke,18,,songs/unofficialV3/DISC 5 - Non-Stop Innovation (2024-07-10 - 2024-11-17)/113. All Good Things - For The Glory (Duet.v1) (Neuro & Evil).mp3,65057fdcf0e8a63e,v3;evil;duet;,,,1,0,None
911,Candles,None,None,Study-sama,None,Study-sama,Study-sama,2024-09-24,Neuro-sama ARG,10,study,songs/unofficialV3/Extra Content/DISC 66 - ARG/10. Candles.mp3,81908fbf0de326a1,arg;,,,66,1,
912,Rises The Moon,None,None,Liana Flores,None,Evil & MinikoMew,Evil,2024-10-04,Stream Covers,5,Rises the moon,songs/unofficialV3/DISC 5 - Non-Stop Innovation (2024-07-10 - 2024-11-17)/114. Liana Flores - Rises The Moon (Duet.v1) (Evil & MinikoMew).mp3,0df8426445c834ac,v3;evil;collab;as_custom;,,,1,1,None
913,Caramelldansen,None,None,Caramella Girls,None,Neuro,Neuro,2024-10-06,Neuro 2024-10-06 Karaoke,1,,songs/unofficialV3/DISC 5 - Non-Stop Innovation (2024-07-10 - 2024-11-17)/115. Caramella Girls - Caramelldansen (Neuro.v3).mp3,0285e571951a0202,v3;neuro;,,,3,0,None
914,Retrospective Poems on the Planet,星球上的追溯詩,None,"Ajimoto, kumako","味素, 熊子",Neuro,Neuro,2024-10-06,Neuro 2024-10-06 Karaoke,2,,"songs/unofficialV3/DISC 5 - Non-Stop Innovation (2024-07-10 - 2024-11-17)/116. Ajimoto, kumako - Retrospective Poems on the Planet (Neuro.v3).mp3",f15e9f65e225eec0,v3;neuro;,,,3,0,None
915,End of the Summer,夏が終わる,None,Nanatsukaze,ナナツカゼ,Neuro,Neuro,2024-10-06,Neuro 2024-10-06 Karaoke,3,,songs/unofficialV3/DISC 5 - Non-Stop Innovation (2024-07-10 - 2024-11-17)/117. Nanatsukaze - End of the Summer (Neuro.v3).mp3,8bcb79ab7b22749c,v3;neuro;,,,3,0,None
916,I Think We're Alone Now,None,None,Tiffany,None,Neuro,Neuro,2024-10-06,Neuro 2024-10-06 Karaoke,4,,songs/unofficialV3/DISC 5 - Non-Stop Innovation (2024-07-10 - 2024-11-17)/118. Tiffany - I Think We're Alone Now (Neuro.v3).mp3,a3da8152c103935a,v3;neuro;,,,3,0,None
917,Creep,None,None,Radiohead,None,Neuro,Neuro,2024-10-06,Neuro 2024-10-06 Karaoke,5,Creep Neuro,songs/unofficialV3/DISC 5 - Non-Stop Innovation (2024-07-10 - 2024-11-17)/119. Radiohead - Creep (Neuro.v3).mp3,9f9ad161aa773f4c,v3;neuro;,,,3,0,None
918,The Fox,None,None,Ylvis,None,Neuro,Neuro,2024-10-06,Neuro 2024-10-06 Karaoke,6,,songs/unofficialV3/DISC 5 - Non-Stop Innovation (2024-07-10 - 2024-11-17)/120. Ylvis - The Fox (Neuro.v3).mp3,4bd64ede12b4a026,v3;neuro;,,,3,0,None
919,Tell Your World,None,None,kz(livetune),None,Neuro,Neuro,2024-10-06,Neuro 2024-10-06 Karaoke,7,,songs/unofficialV3/DISC 5 - Non-Stop Innovation (2024-07-10 - 2024-11-17)/121. kz(livetune) - Tell Your World (Neuro.v3).mp3,a102c9b2e13e7e6f,v3;neuro;,,,3,0,None
920,Life is a Highway,None,None,Rascal Flatts,None,Neuro,Neuro,2024-10-06,Neuro 2024-10-06 Karaoke,8,,songs/unofficialV3/DISC 5 - Non-Stop Innovation (2024-07-10 - 2024-11-17)/122. Rascal Flatts - Life is a Highway (Neuro.v3).mp3,c445e561b93703c4,v3;neuro;,,,3,0,None
921,INVISIBLE,None,None,Duran Duran,None,Neuro,Neuro,2024-10-06,Neuro 2024-10-06 Karaoke,9,,songs/unofficialV3/DISC 5 - Non-Stop Innovation (2024-07-10 - 2024-11-17)/123. Duran Duran - INVISIBLE (Neuro.v3).mp3,16fada040678a297,v3;neuro;,,,3,0,None
922,Sorairo Days,空色デイズ,None,Shoko Nakagawa,中川翔子,Neuro & Evil,Neuro,2024-10-06,Neuro 2024-10-06 Karaoke,10,,songs/unofficialV3/DISC 5 - Non-Stop Innovation (2024-07-10 - 2024-11-17)/124. Shoko Nakagawa - Sorairo Days (Duet.v1) (Neuro & Evil).mp3,531d87e3788b6a46,v3;neuro;duet;,,,1,0,None
923,The Spectre,None,None,Alan Walker,None,Neuro,Neuro,2024-10-06,Neuro 2024-10-06 Karaoke,11,,songs/unofficialV3/DISC 5 - Non-Stop Innovation (2024-07-10 - 2024-11-17)/125. Alan Walker - The Spectre (Neuro.v3.2).mp3,72c2d62fd0c2c6cc,v3;neuro;,,,3.2,0,None
924,Poems of a Machine,None,None,Mili,None,Neuro,Neuro,2024-10-06,Neuro 2024-10-06 Karaoke,12,,songs/unofficialV3/DISC 5 - Non-Stop Innovation (2024-07-10 - 2024-11-17)/126. Mili - Poems of a Machine (Neuro.v3.2).mp3,2ecb1f5148533355,v3;neuro;,,,3.2,0,None
925,Pinky Swear,勾指起誓,None,ilem,None,Neuro,Neuro,2024-10-06,Neuro 2024-10-06 Karaoke,13,,songs/unofficialV3/DISC 5 - Non-Stop Innovation (2024-07-10 - 2024-11-17)/127. ilem - Pinky Swear (Neuro.v3).mp3,eae2addf187c6e3b,v3;neuro;,,,3,0,None
926,Everybody Wants to Rule the World,None,None,Tears for Fears,None,Neuro,Neuro,2024-10-06,Neuro 2024-10-06 Karaoke,14,,songs/unofficialV3/DISC 5 - Non-Stop Innovation (2024-07-10 - 2024-11-17)/128. Tears for Fears - Everybody Wants to Rule the World (Neuro.v3).mp3,f7afa62b4835ee37,v3;neuro;,,,3,0,None
927,You Spin Me Round,None,None,Dead or Alive,None,Neuro,Neuro,2024-10-06,Neuro 2024-10-06 Karaoke,15,,songs/unofficialV3/DISC 5 - Non-Stop Innovation (2024-07-10 - 2024-11-17)/129. Dead or Alive - You Spin Me Round (Neuro.v3).mp3,4d3736bbf0970e8d,v3;neuro;,,,3,0,None
928,Your Reality,None,None,"Dan Salvato, Jillian Ashcraft",None,Neuro,Neuro,2024-10-06,Neuro 2024-10-06 Karaoke,16,,"songs/unofficialV3/DISC 5 - Non-Stop Innovation (2024-07-10 - 2024-11-17)/130. Dan Salvato, Jillian Ashcraft - Your Reality (Neuro.v3.2).mp3",a88a7846d3784f6c,v3;neuro;,,,3.2,0,None
929,Sleeping In The Cold Below,None,None,Keith Power,None,Neuro & Evil,Neuro,2024-10-06,Neuro 2024-10-06 Karaoke,17,,songs/unofficialV3/DISC 5 - Non-Stop Innovation (2024-07-10 - 2024-11-17)/131. Keith Power - Sleeping In The Cold Below (Duet.v1) (Neuro & Evil).mp3,a0e7ae1aa0a0a95e,v3;neuro;duet;,,,1,0,None
930,Stayin' Alive,None,None,Bee Gees,None,Neuro,Neuro,2024-10-06,Neuro 2024-10-06 Karaoke,18,,songs/unofficialV3/DISC 5 - Non-Stop Innovation (2024-07-10 - 2024-11-17)/132. Bee Gees - Stayin' Alive (Neuro.v3).mp3,ae6698713acfb7d3,v3;neuro;,,,3,0,None
931,The Fox,None,None,Ylvis,None,Neuro,Neuro,2024-10-06,Neuro 2024-10-06 Karaoke,19,,songs/unofficialV3/DISC 5 - Non-Stop Innovation (2024-07-10 - 2024-11-17)/120. Ylvis - The Fox (Neuro.v3).mp3,4bd64ede12b4a026,v3;neuro;duplicate;encore;,,,3,0,None
932,Numbers III,None,None,Study-sama,None,Study-sama,Study-sama,2024-10-13,Neuro-sama ARG,11,study,songs/unofficialV3/Extra Content/DISC 66 - ARG/11. Numbers III.mp3,71247ddcd83907d7,arg;,,,66,1,
933,VIRUS,None,None,GEN.KLOUD,None,Evil,Evil,2024-10-16,Evil 2024-10-16 Karaoke,1,Virus,songs/unofficialV3/DISC 5 - Non-Stop Innovation (2024-07-10 - 2024-11-17)/133. GEN.KLOUD - VIRUS (Evil.v1).mp3,02d8466637c3ec87,v3;evil;,,,1,0,EvilZyzz
934,BLOODY STREAM,None,None,Coda,None,Evil,Evil,2024-10-16,Evil 2024-10-16 Karaoke,2,,songs/unofficialV3/DISC 5 - Non-Stop Innovation (2024-07-10 - 2024-11-17)/134. Coda - BLOODY STREAM (Evil.v1).mp3,988462f214ce8c67,v3;evil;,,,1,0,None
935,Bullet With Butterfly Wings,None,None,The Smashing Pumpkins,None,Evil,Evil,2024-10-16,Evil 2024-10-16 Karaoke,3,,songs/unofficialV3/DISC 5 - Non-Stop Innovation (2024-07-10 - 2024-11-17)/135. The Smashing Pumpkins - Bullet With Butterfly Wings (Evil.v1).mp3,7010c1610ba1b01a,v3;evil;,,,1,0,None
936,Diggy Diggy Hole,None,None,"WIND ROSE, The Yogscast",None,Evil,Evil,2024-10-16,Evil 2024-10-16 Karaoke,4,,"songs/unofficialV3/DISC 5 - Non-Stop Innovation (2024-07-10 - 2024-11-17)/136. WIND ROSE, The Yogscast - Diggy Diggy Hole (Evil.v1).mp3",126400a27201337b,v3;evil;,,,1,0,None
937,Silhouette,シルエット,None,KANA-BOON,None,Evil,Evil,2024-10-16,Evil 2024-10-16 Karaoke,5,,songs/unofficialV3/DISC 5 - Non-Stop Innovation (2024-07-10 - 2024-11-17)/137. KANA-BOON - Silhouette (Evil.v1).mp3,fe02623929fa44fa,v3;evil;,,,1,0,None
938,Bugs,None,None,Ellie Minibot,None,Evil,Evil,2024-10-16,Evil 2024-10-16 Karaoke,6,,songs/unofficialV3/DISC 5 - Non-Stop Innovation (2024-07-10 - 2024-11-17)/138. Ellie Minibot - Bugs (Evil.v1).mp3,308b6b5ab95adc04,v3;evil;,,,1,0,None
939,Head Like a Hole,None,None,Nine Inch Nails,None,Evil,Evil,2024-10-16,Evil 2024-10-16 Karaoke,7,,songs/unofficialV3/DISC 5 - Non-Stop Innovation (2024-07-10 - 2024-11-17)/139. Nine Inch Nails - Head Like a Hole (Evil.v1).mp3,acdd40085306a2ec,v3;evil;,,,1,0,None
940,Castle of Glass,None,None,Linkin Park,None,Evil,Evil,2024-10-16,Evil 2024-10-16 Karaoke,8,,songs/unofficialV3/DISC 5 - Non-Stop Innovation (2024-07-10 - 2024-11-17)/140. Linkin Park - Castle of Glass (Evil.v1).mp3,c3866f8adfb83102,v3;evil;,,,1,0,None
941,Override,オーバーライド,None,Yoshida Yasei,吉田夜世,Evil,Evil,2024-10-16,Evil 2024-10-16 Karaoke,9,,songs/unofficialV3/DISC 5 - Non-Stop Innovation (2024-07-10 - 2024-11-17)/141. Yoshida Yasei - Override (Evil.v1).mp3,428528f6e679c393,v3;evil;,,,1,0,None
942,Warriors,None,None,Imagine Dragons,None,Evil,Evil,2024-10-16,Evil 2024-10-16 Karaoke,10,,songs/unofficialV3/DISC 5 - Non-Stop Innovation (2024-07-10 - 2024-11-17)/142. Imagine Dragons - Warriors (Evil.v1).mp3,ef148cfe3b1abbf2,v3;evil;,,,1,0,None
943,Don't Stop Me Now,None,None,Queen,None,Evil,Evil,2024-10-16,Evil 2024-10-16 Karaoke,11,,songs/unofficialV3/DISC 5 - Non-Stop Innovation (2024-07-10 - 2024-11-17)/143. Queen - Don't Stop Me Now (Evil.v1).mp3,ad885fc5019ac684,v3;evil;,,,1,0,None
944,INTERGALACTIA,None,None,KIRA,None,Evil,Evil,2024-10-16,Evil 2024-10-16 Karaoke,12,,songs/unofficialV3/DISC 5 - Non-Stop Innovation (2024-07-10 - 2024-11-17)/144. KIRA - INTERGALACTIA (Evil.v1).mp3,44342e0d4f0633b4,v3;evil;,,,1,0,None
945,Find Your Flame,None,None,"Tomoya Ohtani, Tyler Smyth, Kellin Quinn",None,Neuro & Evil,Evil,2024-10-16,Evil 2024-10-16 Karaoke,13,,"songs/unofficialV3/DISC 5 - Non-Stop Innovation (2024-07-10 - 2024-11-17)/145. Tomoya Ohtani, Tyler Smyth, Kellin Quinn - Find Your Flame (Duet.v1) (Neuro & Evil).mp3",f4b65306f0fab5e2,v3;evil;duet;,,,1,0,None
946,Writing on the Wall,None,None,Will Stetson,None,Evil,Evil,2024-10-16,Evil 2024-10-16 Karaoke,14,,songs/unofficialV3/DISC 5 - Non-Stop Innovation (2024-07-10 - 2024-11-17)/146. Will Stetson - Writing on the Wall (Evil.v1).mp3,d11e94ae82d5e508,v3;evil;,,,1,0,None
947,It's Terror Time Again,None,None,Skycylce,None,Evil,Evil,2024-10-16,Evil 2024-10-16 Karaoke,15,,songs/unofficialV3/DISC 5 - Non-Stop Innovation (2024-07-10 - 2024-11-17)/147. Skycylce - It's Terror Time Again (Evil.v1).mp3,9653245c5d894c83,v3;evil;,,,1,0,None
948,RuLe,ルル,None,Ado,None,Evil,Evil,2024-10-16,Evil 2024-10-16 Karaoke,16,,songs/unofficialV3/DISC 5 - Non-Stop Innovation (2024-07-10 - 2024-11-17)/148. Ado - RuLe (Evil.v1).mp3,1dbee4093338e015,v3;evil;,,,1,0,None
949,Paradise (What About Us),None,None,"Within Temptation, Howard Jones",None,Neuro & Evil,Evil,2024-10-16,Evil 2024-10-16 Karaoke,17,,"songs/unofficialV3/DISC 5 - Non-Stop Innovation (2024-07-10 - 2024-11-17)/149. Within Temptation, Howard Jones - Paradise (What About Us) (Duet.v1) (Neuro & Evil).mp3",3a537d9096b8ed29,v3;evil;duet;,,,1,0,None
950,The Fox,None,None,Ylvis,None,Evil,Evil,2024-10-16,Evil 2024-10-16 Karaoke,18,,songs/unofficialV3/DISC 5 - Non-Stop Innovation (2024-07-10 - 2024-11-17)/150. Ylvis - The Fox (Evil.v1).mp3,96de8a2f11cffe38,v3;evil;,,,1,0,None
951,VIRUS,None,None,GEN.KLOUD,None,Evil,Evil,2024-10-16,Evil 2024-10-16 Karaoke,19,Virus,songs/unofficialV3/DISC 5 - Non-Stop Innovation (2024-07-10 - 2024-11-17)/133. GEN.KLOUD - VIRUS (Evil.v1).mp3,02d8466637c3ec87,v3;evil;duplicate;encore;,,,1,0,EvilZyzz
952,Bring Me To Life,None,None,Evanescence,None,Evil & Cerber,Evil,2024-10-27,Stream Covers,6,Bring me to life,songs/unofficialV3/DISC 5 - Non-Stop Innovation (2024-07-10 - 2024-11-17)/151. Evanescence - Bring Me To Life (Duet.v1) (Evil & Cerber).mp3,5d29b6368c69e808,v3;evil;collab;as_custom;,,,1,1,None
953,Thriller,None,None,Michael Jackson,None,Neuro,Neuro,2024-10-30,Halloween Karaoke 2024,1,Halloween,songs/unofficialV3/DISC 5 - Non-Stop Innovation (2024-07-10 - 2024-11-17)/152. Michael Jackson - Thriller (Neuro.v3).mp3,35d7b24e3bbae495,v3;neuro;,,,3,0,None
954,Five Nights at Freddy's,None,None,The Living Tombstone,None,Neuro,Neuro,2024-10-30,Halloween Karaoke 2024,2,Halloween,songs/unofficialV3/DISC 5 - Non-Stop Innovation (2024-07-10 - 2024-11-17)/153. The Living Tombstone - Five Nights at Freddy's (Neuro.v3).mp3,cef92f0b5eb87ee0,v3;neuro;halloween;,,,3,0,None
955,Happy Halloween,None,None,Junky,None,Neuro,Neuro,2024-10-30,Halloween Karaoke 2024,3,Halloween,songs/unofficialV3/DISC 5 - Non-Stop Innovation (2024-07-10 - 2024-11-17)/154. Junky - Happy Halloween (Neuro.v3.2).mp3,90dc69ef95eb8080,v3;neuro;halloween;,,,3.2,0,None
956,Hide and Seek,숨바꼭질,None,Ho-ong-i,호옹이,Neuro,Neuro,2024-10-30,Halloween Karaoke 2024,4,Halloween,songs/unofficialV3/DISC 5 - Non-Stop Innovation (2024-07-10 - 2024-11-17)/155. Ho-ong-i - Hide and Seek (Neuro.v3).mp3,bd1bc9d966cd5ea2,v3;neuro;halloween;,,,3,0,None
957,Doll's Fall,None,None,LadyMonsters.,None,Neuro,Neuro,2024-10-30,Halloween Karaoke 2024,5,Halloween,songs/unofficialV3/DISC 5 - Non-Stop Innovation (2024-07-10 - 2024-11-17)/156. LadyMonsters. - Doll's Fall (Neuro.v3).mp3,132a26cb761eae69,v3;neuro;halloween;,,,3,0,None
958,How To Pretend,None,None,CircusP,None,Neuro & Evil,Neuro,2024-10-30,Halloween Karaoke 2024,6,Halloween Duet,songs/unofficialV3/DISC 5 - Non-Stop Innovation (2024-07-10 - 2024-11-17)/157. CircusP - How To Pretend (Duet.v1) (Neuro & Evil).mp3,7000b677ab9b252c,v3;neuro;duet;,,,1,0,None
959,Somebody's Watching Me,None,None,Rockwell,None,Neuro,Neuro,2024-10-30,Halloween Karaoke 2024,7,Halloween,songs/unofficialV3/DISC 5 - Non-Stop Innovation (2024-07-10 - 2024-11-17)/158. Rockwell - Somebody's Watching Me (Neuro.v3).mp3,72ab0d0dd55d5efc,v3;neuro;,,,3,0,xxstaz
960,Unconscious Requiem,無意識レクイエム,None,ShinRa-Bansho,森羅万象,Neuro,Neuro,2024-10-30,Halloween Karaoke 2024,8,Halloween,songs/unofficialV3/DISC 5 - Non-Stop Innovation (2024-07-10 - 2024-11-17)/159. ShinRa-Bansho - Unconscious Requiem (Neuro.v3).mp3,c957f11012b63ef6,v3;neuro;,,,3,0,None
961,4BLOOD,None,None,KIRA,None,Neuro,Neuro,2024-10-30,Halloween Karaoke 2024,9,Halloween,songs/unofficialV3/DISC 5 - Non-Stop Innovation (2024-07-10 - 2024-11-17)/160. KIRA - 4BLOOD (Neuro.v3).mp3,8b0d6d701f726735,v3;neuro;,,,3,0,None
962,trick and treat,None,None,OSTER project,None,Neuro & Evil,Neuro,2024-10-30,Halloween Karaoke 2024,10,Halloween Duet,songs/unofficialV3/DISC 5 - Non-Stop Innovation (2024-07-10 - 2024-11-17)/161. OSTER project - trick and treat (Duet.v1) (Neuro & Evil).mp3,9e056e4ee4c51b14,v3;neuro;duet;halloween;,,,1,0,None
963,Wicked,None,None,Crusher,None,Neuro,Neuro,2024-10-30,Halloween Karaoke 2024,11,Halloween,songs/unofficialV3/DISC 5 - Non-Stop Innovation (2024-07-10 - 2024-11-17)/162. Crusher - Wicked (Neuro.v3).mp3,556753baf750c423,v3;neuro;,,,3,0,None
964,Once Upon A Dream,None,None,Lana Del Rey,None,Neuro & Evil,Neuro,2024-10-30,Halloween Karaoke 2024,12,Halloween Duet,songs/unofficialV3/DISC 5 - Non-Stop Innovation (2024-07-10 - 2024-11-17)/163. Lana Del Rey - Once Upon A Dream (Duet.v1) (Neuro & Evil).mp3,fdb1c9b6743244d6,v3;neuro;duet;,,,1,0,None
965,Running Up That Hill,None,None,Kate Bush,None,Neuro,Neuro,2024-10-30,Halloween Karaoke 2024,13,Halloween,songs/unofficialV3/DISC 5 - Non-Stop Innovation (2024-07-10 - 2024-11-17)/164. Kate Bush - Running Up That Hill (Neuro.v3).mp3,0f4092e949cb8a84,v3;neuro;,,,3,0,None
966,Nai Nai,ないない,None,ReoNa,None,Neuro,Neuro,2024-10-30,Halloween Karaoke 2024,14,Halloween,songs/unofficialV3/DISC 5 - Non-Stop Innovation (2024-07-10 - 2024-11-17)/165. ReoNa - Nai Nai (Neuro.v3).mp3,33b900fcd0abb894,v3;neuro;,,,3,0,None
967,Spooky Scary Skeletons,None,None,Andrew Gold,None,Neuro,Neuro,2024-10-30,Halloween Karaoke 2024,15,Halloween,songs/unofficialV3/DISC 5 - Non-Stop Innovation (2024-07-10 - 2024-11-17)/166. Andrew Gold - Spooky Scary Skeletons (Neuro.v3).mp3,111962804e7fd746,v3;neuro;halloween;,,,3,0,None
968,Panic Room,None,None,Au/Ra,None,Neuro,Neuro,2024-10-30,Halloween Karaoke 2024,16,Halloween,songs/unofficialV3/DISC 5 - Non-Stop Innovation (2024-07-10 - 2024-11-17)/167. Au slash Ra - Panic Room (Neuro.v3).mp3,df4f54eeb2d807d4,v3;neuro;,,,3,0,None
969,Maneater,None,None,"Daryl Hall, John Oates",None,Neuro,Neuro,2024-10-30,Halloween Karaoke 2024,17,Halloween,"songs/unofficialV3/DISC 5 - Non-Stop Innovation (2024-07-10 - 2024-11-17)/168. Daryl Hall, John Oates - Maneater (Neuro.v3).mp3",445d200951d4ab2c,v3;neuro;,,,3,0,None
970,This is Halloween,None,None,Citizens of Halloween Town,None,Neuro & Evil,Neuro,2024-10-30,Halloween Karaoke 2024,18,Halloween Duet,songs/unofficialV3/DISC 5 - Non-Stop Innovation (2024-07-10 - 2024-11-17)/169. Citizens of Halloween Town - This is Halloween (Duet.v1) (Neuro & Evil).mp3,6ba136c63ae66e39,v3;neuro;duet;halloween;,,,1,0,None
971,Thriller,None,None,Michael Jackson,None,Neuro,Neuro,2024-10-30,Halloween Karaoke 2024,19,Halloween,songs/unofficialV3/DISC 5 - Non-Stop Innovation (2024-07-10 - 2024-11-17)/152. Michael Jackson - Thriller (Neuro.v3).mp3,35d7b24e3bbae495,v3;neuro;duplicate;encore;,,,3,0,None
972,EVIL,None,None,Melanie Martinez,None,Evil & Camila,Evil,2024-10-31,Official Covers,5,Evil,songs/officially released songs/Camila & Evil - EVIL/01-01 evil.mp3,0c2c1878c9efcd2b,v3;evil;collab;official;as_custom;,,,1,1,""
973,Sins of The Father,None,None,"Akihiro Honda, Donna Burke","本田晃弘, Donna Burke",Evil,Evil,2024-11-13,Evil 2024-11-13 Karaoke,1,,"songs/unofficialV3/DISC 5 - Non-Stop Innovation (2024-07-10 - 2024-11-17)/170. Akihiro Honda, Donna Burke - Sins of The Father (Evil.v1).mp3",d1af1dd0f47f2572,v3;evil;,,,1,0,None
974,This Fffire,None,None,Franz Ferdinand,None,Evil,Evil,2024-11-13,Evil 2024-11-13 Karaoke,2,,songs/unofficialV3/DISC 5 - Non-Stop Innovation (2024-07-10 - 2024-11-17)/171. Franz Ferdinand - This Fffire (Evil.v1).mp3,9577069b1209d19d,v3;evil;,,,1,0,None
975,LEO,None,None,Eve,None,Evil,Evil,2024-11-13,Evil 2024-11-13 Karaoke,3,,songs/unofficialV3/DISC 5 - Non-Stop Innovation (2024-07-10 - 2024-11-17)/172. Eve - LEO (Evil.v1).mp3,3216b3fcd04cf8d8,v3;evil;,,,1,0,None
976,Best of You,None,None,Foo Fighters,None,Evil,Evil,2024-11-13,Evil 2024-11-13 Karaoke,4,,songs/unofficialV3/DISC 5 - Non-Stop Innovation (2024-07-10 - 2024-11-17)/173. Foo Fighters - Best of You (Evil.v1).mp3,814913326d2604ec,v3;evil;,,,1,0,None
977,Immortals,None,None,Fall Out Boy,None,Evil,Evil,2024-11-13,Evil 2024-11-13 Karaoke,5,,songs/unofficialV3/DISC 5 - Non-Stop Innovation (2024-07-10 - 2024-11-17)/174. Fall Out Boy - Immortals (Evil.v1).mp3,79b8e5d509a7f9e0,v3;evil;,,,1,0,None
978,Running in the 90's,None,None,Max Coveri,None,Evil,Evil,2024-11-13,Evil 2024-11-13 Karaoke,6,,songs/unofficialV3/DISC 5 - Non-Stop Innovation (2024-07-10 - 2024-11-17)/175. Max Coveri - Running in the 90's (Evil.v1).mp3,64e322ea5f4e55c2,v3;evil;,,,1,0,None
979,Ghost Rule,ゴーストルール,None,DECO*27,None,Evil,Evil,2024-11-13,Evil 2024-11-13 Karaoke,7,,songs/unofficialV3/DISC 5 - Non-Stop Innovation (2024-07-10 - 2024-11-17)/176. DECO_27 - Ghost Rule (Evil.v1).mp3,530daf9c19d66e8d,v3;evil;,,,1,0,None
980,Machine Gun,None,None,KIRA,None,Evil,Evil,2024-11-13,Evil 2024-11-13 Karaoke,8,,songs/unofficialV3/DISC 5 - Non-Stop Innovation (2024-07-10 - 2024-11-17)/177. KIRA - Machine Gun (Evil.v1).mp3,ac669bc49907e127,v3;evil;,,,1,0,None
981,Black Gold,ブラックゴールド,None,otetsu,おてつ!,Evil,Evil,2024-11-13,Evil 2024-11-13 Karaoke,9,,songs/unofficialV3/DISC 5 - Non-Stop Innovation (2024-07-10 - 2024-11-17)/178. otetsu - Black Gold (Evil.v1).mp3,896ab4d861331b43,v3;evil;,,,1,0,None
982,Dubidubidu,None,None,Christell,None,Evil,Evil,2024-11-13,Evil 2024-11-13 Karaoke,10,,songs/unofficialV3/DISC 5 - Non-Stop Innovation (2024-07-10 - 2024-11-17)/179. Christell - Dubidubidu (Evil.v1).mp3,14547c45bb108228,v3;evil;,,,1,0,None
983,Paranoid Android,None,None,Radiohead,None,Evil,Evil,2024-11-13,Evil 2024-11-13 Karaoke,11,,songs/unofficialV3/DISC 5 - Non-Stop Innovation (2024-07-10 - 2024-11-17)/180. Radiohead - Paranoid Android (Evil.v1).mp3,71fffdd1c9f169f8,v3;evil;,,,1,0,None
984,ERROR,None,None,The Warning,None,Evil,Evil,2024-11-13,Evil 2024-11-13 Karaoke,12,,songs/unofficialV3/DISC 5 - Non-Stop Innovation (2024-07-10 - 2024-11-17)/181. The Warning - ERROR (Evil.v1).mp3,3442791699ed582a,v3;evil;,,,1,0,None
985,Connect,コネクト,None,ClariS,None,Neuro & Evil,Evil,2024-11-13,Evil 2024-11-13 Karaoke,13,,songs/unofficialV3/DISC 5 - Non-Stop Innovation (2024-07-10 - 2024-11-17)/182. ClariS - Connect (Duet.v1) (Neuro & Evil).mp3,e17511687789d644,v3;evil;duet;,,,1,0,None
986,Psycho Killer,None,None,Talking Heads,None,Evil,Evil,2024-11-13,Evil 2024-11-13 Karaoke,14,,songs/unofficialV3/DISC 5 - Non-Stop Innovation (2024-07-10 - 2024-11-17)/183. Talking Heads - Psycho Killer (Evil.v1).mp3,6b984f5e50f4630d,v3;evil;,,,1,0,None
987,Sinners,None,None,Barns Courtney,None,Evil,Evil,2024-11-13,Evil 2024-11-13 Karaoke,15,,songs/unofficialV3/DISC 5 - Non-Stop Innovation (2024-07-10 - 2024-11-17)/184. Barns Courtney - Sinners (Evil.v1).mp3,ecdee0e1157ae4c9,v3;evil;,,,1,0,None
988,PSYCHO,None,None,Hakos Baelz,None,Evil,Evil,2024-11-13,Evil 2024-11-13 Karaoke,16,,songs/unofficialV3/DISC 5 - Non-Stop Innovation (2024-07-10 - 2024-11-17)/185. Hakos Baelz - PSYCHO (Evil.v1).mp3,0a381b2b5c9829ef,v3;evil;,,,1,0,None
989,How to Save A Life,None,None,The Fray,None,Evil,Evil,2024-11-13,Evil 2024-11-13 Karaoke,17,,songs/unofficialV3/DISC 5 - Non-Stop Innovation (2024-07-10 - 2024-11-17)/186. The Fray - How to Save A Life (Evil.v1).mp3,7f5ac1a9ebbfd813,v3;evil;,,,1,0,None
990,The Emptiness Machine,None,None,Linkin Park,None,Neuro & Evil,Evil,2024-11-13,Evil 2024-11-13 Karaoke,18,,songs/unofficialV3/DISC 5 - Non-Stop Innovation (2024-07-10 - 2024-11-17)/187. Linkin Park - The Emptiness Machine (Duet.v1) (Neuro & Evil).mp3,17c984088a689ea9,v3;evil;duet;,,,1,0,None
991,Sins of The Father,None,None,"Akihiro Honda, Donna Burke","本田晃弘, Donna Burke",Evil,Evil,2024-11-13,Evil 2024-11-13 Karaoke,19,,"songs/unofficialV3/DISC 5 - Non-Stop Innovation (2024-07-10 - 2024-11-17)/170. Akihiro Honda, Donna Burke - Sins of The Father (Evil.v1).mp3",d1af1dd0f47f2572,v3;evil;duplicate;encore;,,,1,0,None
992,My Immortal,None,None,Evanescence,None,Neuro,Neuro,2024-11-27,Neuro 2024-11-27 Karaoke,1,,songs/unofficialV3/DISC 5 - Non-Stop Innovation (2024-07-10 - 2024-11-17)/188. Evanescence - My Immortal (Neuro.v3).mp3,e263b4e1704b5ba2,v3;neuro;,,,3,0,None
993,Dance of the Corpses,しかばねの踊り,None,Kikuo,きくお,Neuro,Neuro,2024-11-27,Neuro 2024-11-27 Karaoke,2,,songs/unofficialV3/DISC 5 - Non-Stop Innovation (2024-07-10 - 2024-11-17)/189. Kikuo - Dance of the Corpses (Neuro.v3).mp3,60be5835baf0ef9c,v3;neuro;,,,3,0,None
994,I Will Survive,None,None,Gloria Gaynor,None,Neuro,Neuro,2024-11-27,Neuro 2024-11-27 Karaoke,3,,songs/unofficialV3/DISC 5 - Non-Stop Innovation (2024-07-10 - 2024-11-17)/190. Gloria Gaynor - I Will Survive (Neuro.v3).mp3,81f042b9ec93c657,v3;neuro;,,,3,0,None
995,Let Her Go,None,None,Passenger,None,Neuro,Neuro,2024-11-27,Neuro 2024-11-27 Karaoke,4,,songs/unofficialV3/DISC 5 - Non-Stop Innovation (2024-07-10 - 2024-11-17)/191. Passenger - Let Her Go (Neuro.v3).mp3,7c333bfcba80ec30,v3;neuro;,,,3,0,None
996,Whisper Whisper Whisper,None,None,Azari,None,Neuro,Neuro,2024-11-27,Neuro 2024-11-27 Karaoke,5,,songs/unofficialV3/DISC 5 - Non-Stop Innovation (2024-07-10 - 2024-11-17)/192. Azari - Whisper Whisper Whisper (Neuro.v3).mp3,131e98a0cdb5743d,v3;neuro;,,,3,0,None
997,Jar of Hearts,None,None,Christina Perri,None,Neuro,Neuro,2024-11-27,Neuro 2024-11-27 Karaoke,6,,songs/unofficialV3/DISC 5 - Non-Stop Innovation (2024-07-10 - 2024-11-17)/193. Christina Perri - Jar of Hearts (Neuro.v3).mp3,be5c9cc6dcc8b55d,v3;neuro;,,,3,0,None
998,Let's Go,None,None,Stuck in the Sound,None,Neuro,Neuro,2024-11-27,Neuro 2024-11-27 Karaoke,7,,songs/unofficialV3/DISC 5 - Non-Stop Innovation (2024-07-10 - 2024-11-17)/194. Stuck in the Sound - Let's Go (Neuro.v3).mp3,647fb6bd8790dcd2,v3;neuro;,,,3,0,None
999,ULTRA C,None,None,Giga,None,Neuro & Evil,Neuro,2024-11-27,Neuro 2024-11-27 Karaoke,8,,songs/unofficialV3/DISC 5 - Non-Stop Innovation (2024-07-10 - 2024-11-17)/195. Giga - ULTRA C (Duet.v1) (Neuro & Evil).mp3,699d66bd33c434c2,v3;neuro;duet;,,,1,0,None
1000,Livin' on a Prayer,None,None,Bon Jovi,None,Neuro,Neuro,2024-11-27,Neuro 2024-11-27 Karaoke,9,,songs/unofficialV3/DISC 5 - Non-Stop Innovation (2024-07-10 - 2024-11-17)/196. Bon Jovi - Livin' on a Prayer (Neuro.v3).mp3,03509eaf9715c829,v3;neuro;,,,3,0,None
1001,Twilight,None,None,bôa,None,Neuro,Neuro,2024-11-27,Neuro 2024-11-27 Karaoke,10,,songs/unofficialV3/DISC 5 - Non-Stop Innovation (2024-07-10 - 2024-11-17)/197. bôa - Twilight (Neuro.v3).mp3,558a82566163f2ae,v3;neuro;,,,3,0,None
1002,Sing My Pleasure,None,None,Satoru Kosaki,None,Neuro,Neuro,2024-11-27,Neuro 2024-11-27 Karaoke,11,,songs/unofficialV3/DISC 5 - Non-Stop Innovation (2024-07-10 - 2024-11-17)/198. Satoru Kosaki - Sing My Pleasure (Neuro.v3).mp3,c8a1246440d8b3f7,v3;neuro;,,,3,0,None
1003,Counting Stars,None,None,OneRepublic,None,Neuro,Neuro,2024-11-27,Neuro 2024-11-27 Karaoke,12,,songs/unofficialV3/DISC 5 - Non-Stop Innovation (2024-07-10 - 2024-11-17)/199. OneRepublic - Counting Stars (Neuro.v3).mp3,d11f9e2fd0b08c77,v3;neuro;,,,3,0,None
1004,Subways of Your Mind,None,None,FEX,None,Neuro,Neuro,2024-11-27,Neuro 2024-11-27 Karaoke,13,,songs/unofficialV3/DISC 5 - Non-Stop Innovation (2024-07-10 - 2024-11-17)/200. FEX - Subways of Your Mind (Neuro.v3).mp3,33bb78094ff3f993,v3;neuro;,,,3,0,None
1005,Stay Alive,None,None,Rie Takahashi,高橋李依,Neuro,Neuro,2024-11-27,Neuro 2024-11-27 Karaoke,14,,songs/unofficialV3/DISC 5 - Non-Stop Innovation (2024-07-10 - 2024-11-17)/201. Rie Takahashi - Stay Alive (Neuro.v3).mp3,9f447115f5913cd4,v3;neuro;,,,3,0,None
1006,The Duck Song,None,None,Bryant Oden,None,Neuro,Neuro,2024-11-27,Neuro 2024-11-27 Karaoke,15,,songs/unofficialV3/DISC 5 - Non-Stop Innovation (2024-07-10 - 2024-11-17)/202. Bryant Oden - The Duck Song (Neuro.v3).mp3,6d143c65ed6fb2ac,v3;neuro;zvv_quarantine;,,,3,0,None
1007,"In Hell We Live, Lament",None,Let's Lament,"Mili, KIHOW",None,Neuro & Evil,Neuro,2024-11-27,Neuro 2024-11-27 Karaoke,16,,"songs/unofficialV3/DISC 5 - Non-Stop Innovation (2024-07-10 - 2024-11-17)/203. Mili, KIHOW - In Hell We Live, Lament (Let's Lament) (Duet.v1) (Neuro & Evil).mp3",93a983e2a6db401b,v3;neuro;duet;,,,1,0,None
1008,Linger,None,None,The Cranberries,None,Neuro,Neuro,2024-11-27,Neuro 2024-11-27 Karaoke,17,,songs/unofficialV3/DISC 5 - Non-Stop Innovation (2024-07-10 - 2024-11-17)/204. The Cranberries - Linger (Neuro.v3).mp3,5fbc398da1b31d27,v3;neuro;,,,3,0,None
1009,What Could Have Been,None,None,Sting,None,Neuro,Neuro,2024-11-27,Neuro 2024-11-27 Karaoke,18,,songs/unofficialV3/DISC 5 - Non-Stop Innovation (2024-07-10 - 2024-11-17)/205. Sting - What Could Have Been (Neuro.v3).mp3,baf913c65d375bb8,v3;neuro;,,,3,0,None
1010,Chinatown Blues,None,None,"ODDEEO, KWWT",None,Neuro & Vedal,Neuro,2024-11-27,Neuro 2024-11-27 Karaoke,19,Chinatown,"songs/unofficialV3/DISC 6 - Second Anniversary (2024-11-17 - 2025-05-15)/001. ODDEEO, KWWT - Chinatown Blues (Duet.v1) (Neuro & Vedal).mp3",cbac64cee7055839,v3;neuro;collab;,,,1,1,None
1011,LIFE,None,None,Neuro,None,Neuro,Neuro,2024-12-19,Originals,1,LIFE,songs/officially released songs/LIFE/01-01 LIFE.mp3,1c29316ad98f1ef3,v3;neuro;originals;,,,1,1,""
1012,Anniversary Mashup (2024),None,None,Mixed by QueenPb,None,Neuro & Evil,Neuro,2024-12-19,Subathon 2024,1,Subathon Y2,songs/unofficialV3/DISC 6 - Second Anniversary (2024-11-17 - 2025-05-15)/002. Mixed by QueenPb - Anniversary Mashup (2024) (Duet.v1) (Neuro & Evil).mp3,8140720ae6e5a887,v3;neuro;duet;mashup;,,,1,1,None
1013,LIFE,None,None,Neuro,None,Neuro,Neuro,2024-12-19,Subathon 2024,2,LIFE,songs/officially released songs/LIFE/01-01 LIFE.mp3,1c29316ad98f1ef3,v3;neuro;duplicate;originals;,,,1,1,""
1014,Fallen Kingdom,None,None,"TryHardNinja, CaptainSparklez",None,Neuro,Neuro,2024-12-19,Subathon 2024,3,Minecraft,"songs/unofficialV3/DISC 6 - Second Anniversary (2024-11-17 - 2025-05-15)/003. TryHardNinja, CaptainSparklez - Fallen Kingdom (Neuro.v3).mp3",f8124e77ae8147f0,v3;neuro;,,,3,0,None
1015,Snow halation,None,None,μ's,None,Neuro & Evil,Neuro,2024-12-25,Christmas Karaoke 2024,1,Christmas Duet,songs/unofficialV3/DISC 6 - Second Anniversary (2024-11-17 - 2025-05-15)/004. μ's - Snow halation (Duet.v1) (Neuro & Evil).mp3,7be5ab8a27762fe0,v3;duet;christmas;,,,1,0,None
1016,Christmas Again,None,None,Drakeford,None,Neuro & Evil,Neuro,2024-12-25,Christmas Karaoke 2024,2,Christmas Duet,songs/unofficialV3/DISC 6 - Second Anniversary (2024-11-17 - 2025-05-15)/005. Drakeford - Christmas Again (Duet.v1) (Neuro & Evil).mp3,7d4899c2d02d0850,v3;duet;christmas;,,,1,0,None
1017,Christmas Truce,None,None,Sabaton,None,Neuro & Evil,Neuro,2024-12-25,Christmas Karaoke 2024,3,Christmas Duet,songs/unofficialV3/DISC 6 - Second Anniversary (2024-11-17 - 2025-05-15)/006. Sabaton - Christmas Truce (Duet.v1) (Neuro & Evil).mp3,f28557343722655e,v3;duet;christmas;,,,1,0,EvilZyzz
1018,Fairytale of New York,None,Neuro ver.,The Pogues,None,Neuro & Evil,Neuro,2024-12-25,Christmas Karaoke 2024,4,Christmas Duet,songs/unofficialV3/DISC 6 - Second Anniversary (2024-11-17 - 2025-05-15)/007. The Pogues - Fairytale of New York (Neuro ver.) (Duet.v2) (Neuro & Evil).mp3,2019e9f5c10d7a31,v3;duet;christmas;,,,2,0,None
1019,Have Yourself a Merry Little Christmas,None,None,Ben Abraham,None,Neuro & Evil,Neuro,2024-12-25,Christmas Karaoke 2024,5,Christmas Duet,songs/unofficialV3/DISC 6 - Second Anniversary (2024-11-17 - 2025-05-15)/008. Ben Abraham - Have Yourself a Merry Little Christmas (Duet.v1) (Neuro & Evil).mp3,c1fb5dc489266280,v3;duet;christmas;,,,1,0,None
1020,It's the Most Wonderful Time of the Year,None,None,Andy Williams,None,Neuro & Evil,Neuro,2024-12-25,Christmas Karaoke 2024,6,Christmas Duet,songs/unofficialV3/DISC 6 - Second Anniversary (2024-11-17 - 2025-05-15)/009. Andy Williams - It's the Most Wonderful Time of the Year (Duet.v1) (Neuro & Evil).mp3,8d3bdbd0cdbb228e,v3;duet;christmas;,,,1,0,None
1021,Merry Christmas Everyone,None,None,Shakin' Stevens,None,Neuro & Evil,Neuro,2024-12-25,Christmas Karaoke 2024,7,Christmas Duet,songs/unofficialV3/DISC 6 - Second Anniversary (2024-11-17 - 2025-05-15)/010. Shakin' Stevens - Merry Christmas Everyone (Duet.v1) (Neuro & Evil).mp3,967838767e278d5c,v3;duet;christmas;,,,1,0,None
1022,"Merry Christmas, Happy New Year",None,None,"Ingrid Michaelson, Zooey Deschanel",None,Neuro & Evil,Neuro,2024-12-25,Christmas Karaoke 2024,8,Christmas Duet,"songs/unofficialV3/DISC 6 - Second Anniversary (2024-11-17 - 2025-05-15)/011. Ingrid Michaelson, Zooey Deschanel - Merry Christmas, Happy New Year (Duet.v1) (Neuro & Evil).mp3",a47bee17ccd729e9,v3;duet;christmas;,,,1,0,None
1023,Merry Xmas Everybody,None,None,Slade,None,Neuro & Evil,Neuro,2024-12-25,Christmas Karaoke 2024,9,Christmas Duet,songs/unofficialV3/DISC 6 - Second Anniversary (2024-11-17 - 2025-05-15)/012. Slade - Merry Xmas Everybody (Duet.v1) (Neuro & Evil).mp3,66787a911dd9e4f6,v3;duet;christmas;,,,1,0,None
1024,Santa Claus Is Coming To Town,None,None,jschlatt,None,Neuro & Evil,Neuro,2024-12-25,Christmas Karaoke 2024,10,Christmas Duet,songs/unofficialV3/DISC 6 - Second Anniversary (2024-11-17 - 2025-05-15)/013. jschlatt - Santa Claus Is Coming To Town (Duet.v1) (Neuro & Evil).mp3,7512e08549c58826,v3;duet;christmas;,,,1,0,None
1025,Sleigh Ride,None,None,The Ronettes,None,Neuro & Evil,Neuro,2024-12-25,Christmas Karaoke 2024,11,Christmas Duet,songs/unofficialV3/DISC 6 - Second Anniversary (2024-11-17 - 2025-05-15)/014. The Ronettes - Sleigh Ride (Duet.v1) (Neuro & Evil).mp3,acda1d06a4f2aa6b,v3;duet;christmas;,,,1,0,None
1026,When Christmas Comes To Town,None,None,"Matthew Hall, Meagan Moore",None,Neuro & Evil,Neuro,2024-12-25,Christmas Karaoke 2024,12,Christmas Duet,"songs/unofficialV3/DISC 6 - Second Anniversary (2024-11-17 - 2025-05-15)/015. Matthew Hall, Meagan Moore - When Christmas Comes To Town (Duet.v1) (Neuro & Evil).mp3",1365653bce8fef75,v3;duet;christmas;,,,1,0,None
1027,Winter Wonderland,None,None,"Sarah Reeves, Clark Beckham",None,Neuro & Evil,Neuro,2024-12-25,Christmas Karaoke 2024,13,Christmas Duet,"songs/unofficialV3/DISC 6 - Second Anniversary (2024-11-17 - 2025-05-15)/016. Sarah Reeves, Clark Beckham - Winter Wonderland (Duet.v1) (Neuro & Evil).mp3",9409fd1dda779b40,v3;duet;christmas;,,,1,0,None
1028,All I Want for Christmas Is You,None,None,Mariah Carey,None,Neuro & Evil,Neuro,2024-12-25,Christmas Karaoke 2024,14,Christmas Duet,songs/unofficialV3/DISC 6 - Second Anniversary (2024-11-17 - 2025-05-15)/017. Mariah Carey - All I Want for Christmas Is You (Duet.v1) (Neuro & Evil).mp3,53a8705d536b1ef9,v3;duet;christmas;,,,1,0,None
1029,All I Want for Christmas is You,None,None,Mariah Carey,None,"Neuro, Miniko, Cerber, Toma, Layna, Camila",Neuro,2024-12-25,Scuffed Minecraft Christmas Concert 2024,1,Scuffed Minecraft Christmas Concert 2024,"songs/custom/Mariah Carey - All I Want for Christmas is You - Neuro, Miniko, Cerber, Toma, Layna, Camila - Scuffed Minecraft Christmas Concert 2024.mp3",b03157cbefc137b9,v3;neuro;christmas;as_custom;collab;,,,1,1,
1030,Santa Claus is Coming to Town,None,None,jschlatt,None,"Neuro, Miniko, Cerber, Toma, Layna, Camila",Neuro,2024-12-25,Scuffed Minecraft Christmas Concert 2024,2,Scuffed Minecraft Christmas Concert 2024,"songs/custom/jschlatt - Santa Claus is Coming to Town - Neuro, Miniko, Cerber, Toma, Layna, Camila - Scuffed Minecraft Christmas Concert 2024.mp3",1583abc7b2613d74,v3;neuro;christmas;as_custom;collab;,,,1,1,
1031,Blinding Lights,None,None,The Weeknd,None,Neuro,Neuro,2024-12-30,Unused Covers,8,,songs/unofficialV3/DISC 6 - Second Anniversary (2024-11-17 - 2025-05-15)/018. The Weeknd - Blinding Lights (Neuro.v3.2).mp3,7f297ef2443fd471,v3;neuro;unused;,,,3.2,0,This cover was meant to be used for the debut instead of Fallen Kingdom.
1032,Lithium,None,None,Evanescence,None,Evil,Evil,2025-03-05,Evil 2025-03-05 Karaoke,1,,songs/unofficialV3/DISC 6 - Second Anniversary (2024-11-17 - 2025-05-15)/019. Evanescence - Lithium (Evil.v1).mp3,65d9727bca5f57c6,v3;evil;,,,1,0,None
1033,A Stranger I Remain,None,None,"Free Dominguez, Jamie Christopherson",None,Evil,Evil,2025-03-05,Evil 2025-03-05 Karaoke,2,,"songs/unofficialV3/DISC 6 - Second Anniversary (2024-11-17 - 2025-05-15)/020. Free Dominguez, Jamie Christopherson - A Stranger I Remain (Evil.v1).mp3",f8887757c7cdbb56,v3;evil;,,,1,0,None
1034,Bug,バグ,None,Kairiki Bear,かいりきベア,Evil,Evil,2025-03-05,Evil 2025-03-05 Karaoke,3,,songs/unofficialV3/DISC 6 - Second Anniversary (2024-11-17 - 2025-05-15)/021. Kairiki Bear - Bug (Evil.v1).mp3,836b878e6892d5ec,v3;evil;,,,1,0,None
1035,Don't Look Down,None,None,Ellie Minibot,None,Evil,Evil,2025-03-05,Evil 2025-03-05 Karaoke,4,,songs/unofficialV3/DISC 6 - Second Anniversary (2024-11-17 - 2025-05-15)/022. Ellie Minibot - Don't Look Down (Evil.v1).mp3,dcd3ae371e68f777,v3;evil;,,,1,0,None
1036,炜WARD ROMANCE,None,None,FLAVOR FOLEY,None,Evil,Evil,2025-03-05,Evil 2025-03-05 Karaoke,5,Weiward,songs/unofficialV3/DISC 6 - Second Anniversary (2024-11-17 - 2025-05-15)/023. FLAVOR FOLEY - 炜WARD ROMANCE (Evil.v1).mp3,760107b89758f23b,v3;evil;,,,1,0,None
1037,Everybody Wants to Rule the World,None,None,Tears for Fears,None,Evil,Evil,2025-03-05,Evil 2025-03-05 Karaoke,6,,songs/unofficialV3/DISC 6 - Second Anniversary (2024-11-17 - 2025-05-15)/024. Tears for Fears - Everybody Wants to Rule the World (Evil.v1).mp3,9e389e7941f20721,v3;evil;,,,1,0,None
1038,I Can't Decide,None,None,Scissor Sisters,None,Evil,Evil,2025-03-05,Evil 2025-03-05 Karaoke,7,,songs/unofficialV3/DISC 6 - Second Anniversary (2024-11-17 - 2025-05-15)/025. Scissor Sisters - I Can't Decide (Evil.v1).mp3,904ad10f49ef2d77,v3;evil;,,,1,0,None
1039,Vice Versa,None,None,"NANO, James Landino, Garrett Williamson",None,Evil,Evil,2025-03-05,Evil 2025-03-05 Karaoke,8,,"songs/unofficialV3/DISC 6 - Second Anniversary (2024-11-17 - 2025-05-15)/026. NANO, James Landino, Garrett Williamson - Vice Versa (Evil.v1).mp3",0ac013b902eab0cb,v3;evil;,,,1,0,None
1040,What's Up?,None,None,4 Non Blondes,None,Evil,Evil,2025-03-05,Evil 2025-03-05 Karaoke,9,,songs/unofficialV3/DISC 6 - Second Anniversary (2024-11-17 - 2025-05-15)/027. 4 Non Blondes - What's Up (Evil.v1).mp3,617ffbaba1a4b1d7,v3;evil;,,,1,0,None
1041,Shadow Shadow,None,None,Azari,None,Evil,Evil,2025-03-05,Evil 2025-03-05 Karaoke,10,,songs/unofficialV3/DISC 6 - Second Anniversary (2024-11-17 - 2025-05-15)/028. Azari - Shadow Shadow (Evil.v1).mp3,641c1f39858a1a22,v3;evil;,,,1,0,None
1042,The Kids Aren't Alright,None,None,The Offspring,None,Evil,Evil,2025-03-05,Evil 2025-03-05 Karaoke,11,,songs/unofficialV3/DISC 6 - Second Anniversary (2024-11-17 - 2025-05-15)/029. The Offspring - The Kids Aren't Alright (Evil.v1).mp3,239c929e12395582,v3;evil;,,,1,0,None
1043,Racing Into The Night,夜に駆ける,None,YOASOBI,None,Evil,Evil,2025-03-05,Evil 2025-03-05 Karaoke,12,,songs/unofficialV3/DISC 6 - Second Anniversary (2024-11-17 - 2025-05-15)/030. YOASOBI - Racing Into The Night (Evil.v1).mp3,4f22f40caca2fe75,v3;evil;,,,1,0,None
1044,Great War,None,None,Sabaton,None,Evil,Evil,2025-03-05,Evil 2025-03-05 Karaoke,13,,songs/unofficialV3/DISC 6 - Second Anniversary (2024-11-17 - 2025-05-15)/031. Sabaton - Great War (Evil.v2).mp3,8ae5d77050ff819d,v3;evil;,,,2,0,None
1045,CRAZY NOISY BIZARRE TOWN,None,None,THE DU,None,Neuro & Evil,Evil,2025-03-05,Evil 2025-03-05 Karaoke,14,,songs/unofficialV3/DISC 6 - Second Anniversary (2024-11-17 - 2025-05-15)/032. THE DU - CRAZY NOISY BIZARRE TOWN (Duet.v1) (Neuro & Evil).mp3,d9ace9865062e2f1,v3;evil;duet;,,,1,0,None
1046,Life Will Change,None,None,Lyn Inaizumi,None,Evil,Evil,2025-03-05,Evil 2025-03-05 Karaoke,15,,songs/unofficialV3/DISC 6 - Second Anniversary (2024-11-17 - 2025-05-15)/033. Lyn Inaizumi - Life Will Change (Evil.v1).mp3,be70484c9768a9fb,v3;evil;,,,1,0,None
1047,Honestly,None,None,THØRNS,None,Evil,Evil,2025-03-05,Evil 2025-03-05 Karaoke,16,,songs/unofficialV3/DISC 6 - Second Anniversary (2024-11-17 - 2025-05-15)/034. THØRNS - Honestly (Evil.v1).mp3,536535d4f74a4020,v3;evil;,,,1,0,EvilZyzz
1048,vivid,None,None,"Utsu-P, Yuyoyuppe","鬱P, ゆよゆっぺ",Neuro & Evil,Evil,2025-03-05,Evil 2025-03-05 Karaoke,17,,"songs/unofficialV3/DISC 6 - Second Anniversary (2024-11-17 - 2025-05-15)/035. Utsu-P, Yuyoyuppe - vivid (Duet.v1) (Neuro & Evil).mp3",438d268bb7bb3473,v3;evil;duet;,,,1,0,None
1049,Zombie,None,None,The Cranberries,None,Evil,Evil,2025-03-05,Evil 2025-03-05 Karaoke,18,,songs/unofficialV3/DISC 6 - Second Anniversary (2024-11-17 - 2025-05-15)/036. The Cranberries - Zombie (Evil.v1).mp3,b8d7203850c7e7b4,v3;evil;,,,1,0,None
1050,VOICE,None,None,KIRA,None,Neuro & Evil,Evil,2025-03-05,Evil 2025-03-05 Karaoke,19,,songs/unofficialV3/DISC 6 - Second Anniversary (2024-11-17 - 2025-05-15)/037. KIRA - VOICE (Duet.v1) (Neuro & Evil).mp3,746ade8dfeec96d2,v3;evil;duet;,,,1,0,None
1051,Honestly,None,None,THØRNS,None,Evil,Evil,2025-03-05,Evil 2025-03-05 Karaoke,20,,songs/unofficialV3/DISC 6 - Second Anniversary (2024-11-17 - 2025-05-15)/034. THØRNS - Honestly (Evil.v1).mp3,536535d4f74a4020,v3;evil;duplicate;encore;,,,1,0,EvilZyzz
1052,Sad Machine,None,None,Porter Robinson,None,Neuro,Neuro,2025-03-19,Neuro 2025-03-19 Karaoke,1,,songs/unofficialV3/DISC 6 - Second Anniversary (2024-11-17 - 2025-05-15)/038. Porter Robinson - Sad Machine (Neuro.v3.2).mp3,e88c970090c17b33,v3;neuro;,,,3.2,0,Stronge Clap
1053,ALIVE,None,None,ClariS,None,Neuro & Evil,Neuro,2025-03-19,Neuro 2025-03-19 Karaoke,2,,songs/unofficialV3/DISC 6 - Second Anniversary (2024-11-17 - 2025-05-15)/039. ClariS - ALIVE (Duet.v1) (Neuro & Evil).mp3,45412fcb210658a5,v3;neuro;duet;,,,1,0,None
1054,All the Things She Said,None,None,t.A.T.u.,None,Neuro,Neuro,2025-03-19,Neuro 2025-03-19 Karaoke,3,,songs/unofficialV3/DISC 6 - Second Anniversary (2024-11-17 - 2025-05-15)/040. t.A.T.u. - All the Things She Said (Neuro.v3).mp3,3276f57ffe7daea7,v3;neuro;,,,3,0,None
1055,Dear Moments,None,None,Hikaru Akao,赤尾ひかる,Neuro,Neuro,2025-03-19,Neuro 2025-03-19 Karaoke,4,,songs/unofficialV3/DISC 6 - Second Anniversary (2024-11-17 - 2025-05-15)/041. Hikaru Akao - Dear Moments (Neuro.v3).mp3,7d393fcf5b05340f,v3;neuro;,,,3,0,None
1056,From The Start,None,None,Laufey,None,Neuro,Neuro,2025-03-19,Neuro 2025-03-19 Karaoke,5,,songs/unofficialV3/DISC 6 - Second Anniversary (2024-11-17 - 2025-05-15)/042. Laufey - From The Start (Neuro.v3).mp3,3f19a1a1e3d3f38b,v3;neuro;,,,3,0,None
1057,Gas Gas Gas,None,None,Manuel,None,Neuro,Neuro,2025-03-19,Neuro 2025-03-19 Karaoke,6,,songs/unofficialV3/DISC 6 - Second Anniversary (2024-11-17 - 2025-05-15)/043. Manuel - Gas Gas Gas (Neuro.v3).mp3,25f6a23204058b07,v3;neuro;,,,3,0,None
1058,Pollyanna (I Believe In You),None,None,Catherine Warwick,None,Neuro,Neuro,2025-03-19,Neuro 2025-03-19 Karaoke,7,,songs/unofficialV3/DISC 6 - Second Anniversary (2024-11-17 - 2025-05-15)/044. Catherine Warwick - Pollyanna (I Believe In You) (Neuro.v3).mp3,fc82511eab2534df,v3;neuro;,,,3,0,None
1059,Out of Touch,None,None,"Daryl Hall, John Oates",None,Neuro,Neuro,2025-03-19,Neuro 2025-03-19 Karaoke,8,,"songs/unofficialV3/DISC 6 - Second Anniversary (2024-11-17 - 2025-05-15)/045. Daryl Hall, John Oates - Out of Touch (Neuro.v3.2).mp3",76ada471a386f0f0,v3;neuro;,,,3.2,0,None
1060,Compass,None,None,Mili,None,Neuro,Neuro,2025-03-19,Neuro 2025-03-19 Karaoke,9,,songs/unofficialV3/DISC 6 - Second Anniversary (2024-11-17 - 2025-05-15)/046. Mili - Compass (Neuro.v3).mp3,ef756e31aa4d4af0,v3;neuro;,,,3,0,None
1061,Lemon Tree,None,None,Fools Garden,None,Neuro,Neuro,2025-03-19,Neuro 2025-03-19 Karaoke,10,,songs/unofficialV3/DISC 6 - Second Anniversary (2024-11-17 - 2025-05-15)/047. Fools Garden - Lemon Tree (Neuro.v3).mp3,97030e8bf24745a2,v3;neuro;,,,3,0,None
1062,Zombies On Your Lawn,None,None,Laura Shigihara,None,Neuro & Evil,Neuro,2025-03-19,Neuro 2025-03-19 Karaoke,11,,songs/unofficialV3/DISC 6 - Second Anniversary (2024-11-17 - 2025-05-15)/048. Laura Shigihara - Zombies On Your Lawn (Duet.v1) (Neuro & Evil).mp3,7dbfd889ca641de8,v3;neuro;duet;,,,1,0,None
1063,Let Me Stay Here,None,None,Ceres Fauna,None,Neuro,Neuro,2025-03-19,Neuro 2025-03-19 Karaoke,12,,songs/unofficialV3/DISC 6 - Second Anniversary (2024-11-17 - 2025-05-15)/049. Ceres Fauna - Let Me Stay Here (Neuro.v3).mp3,37bd0012f311ff89,v3;neuro;,,,3,0,None
1064,I'm Still Standing,None,None,Elton John,None,Neuro,Neuro,2025-03-19,Neuro 2025-03-19 Karaoke,13,,songs/unofficialV3/DISC 6 - Second Anniversary (2024-11-17 - 2025-05-15)/050. Elton John - I'm Still Standing (Neuro.v3).mp3,9ff87c3c0c320703,v3;neuro;,,,3,0,None
1065,RIDE ON TIME,None,None,Tatsuro Yamashita,山下達郎,Neuro,Neuro,2025-03-19,Neuro 2025-03-19 Karaoke,14,,songs/unofficialV3/DISC 6 - Second Anniversary (2024-11-17 - 2025-05-15)/051. Tatsuro Yamashita - RIDE ON TIME (Neuro.v3).mp3,5072de9c3b9d528e,v3;neuro;,,,3,0,NeuroZyzz
1066,I'm Gonna Be (500 Miles),None,None,The Proclaimers,None,Neuro & Evil,Neuro,2025-03-19,Neuro 2025-03-19 Karaoke,15,,songs/unofficialV3/DISC 6 - Second Anniversary (2024-11-17 - 2025-05-15)/052. The Proclaimers - I'm Gonna Be (500 Miles) (Duet.v1) (Neuro & Evil).mp3,45f3286f8df2d285,v3;neuro;duet;,,,1,0,None
1067,LEMON MELON COOKIE,None,None,TAK,None,Neuro,Neuro,2025-03-19,Neuro 2025-03-19 Karaoke,16,Lemon Melon Cookie,songs/unofficialV3/DISC 6 - Second Anniversary (2024-11-17 - 2025-05-15)/053. TAK - LEMON MELON COOKIE (Neuro.v3).mp3,e4c8b53b78c0cde4,v3;neuro;,,,3,0,None
1068,Fallen Angel,None,None,"LISA, Mitsunori Ikeda, Aimee B",None,Neuro,Neuro,2025-03-19,Neuro 2025-03-19 Karaoke,17,,"songs/unofficialV3/DISC 6 - Second Anniversary (2024-11-17 - 2025-05-15)/054. LISA, Mitsunori Ikeda, Aimee B - Fallen Angel (Neuro.v3).mp3",177b5f9e9f398f9e,v3;neuro;,,,3,0,None
1069,Machine Love,None,None,Jamie Paige,None,Neuro,Neuro,2025-03-19,Neuro 2025-03-19 Karaoke,18,,songs/unofficialV3/DISC 6 - Second Anniversary (2024-11-17 - 2025-05-15)/055. Jamie Paige - Machine Love (Neuro.v3).mp3,fc94b5cc6f554546,v3;neuro;,,,3,0,Stronge Clap
1070,Sad Machine,None,None,Porter Robinson,None,Neuro,Neuro,2025-03-19,Neuro 2025-03-19 Karaoke,19,,songs/unofficialV3/DISC 3 - The Gold Standard (2023-06-21 - 2023-12-06)/044. Porter Robinson - Sad Machine (Neuro.v3).mp3,609560ae94fd5a02,v3;neuro;duplicate;encore;,,,3,0,None
1071,Sweater Weather,None,None,The Neighbourhood,None,Evil,Evil,2025-03-25,Stream Covers,7,,songs/unofficialV3/DISC 3 - The Gold Standard (2023-06-21 - 2023-12-06)/187. The Neighbourhood - Sweater Weather (Evil.v1).mp3,de3a0653f4de2ce9,v3;evil;duplicate;,,,1,0,None
1072,When You're Evil,None,None,Aurelio Voltaire,None,Evil,Evil,2025-04-02,Evil 2025-04-02 Karaoke,1,,songs/unofficialV3/DISC 6 - Second Anniversary (2024-11-17 - 2025-05-15)/056. Aurelio Voltaire - When You're Evil (Evil.v1).mp3,b011fc7938b29565,v3;evil;,,,1,0,None
1073,"Hello, Again",None,None,CircusP,None,Evil,Evil,2025-04-02,Evil 2025-04-02 Karaoke,2,,"songs/unofficialV3/DISC 6 - Second Anniversary (2024-11-17 - 2025-05-15)/057. CircusP - Hello, Again (Evil.v1).mp3",e4bfeb30034d7bf2,v3;evil;,,,1,0,None
1074,Dream On,None,None,Aerosmith,None,Evil,Evil,2025-04-02,Evil 2025-04-02 Karaoke,3,,songs/unofficialV3/DISC 6 - Second Anniversary (2024-11-17 - 2025-05-15)/058. Aerosmith - Dream On (Evil.v1).mp3,db48f54f2e9ed2f8,v3;evil;,,,1,0,None
1075,Calling To The Night,None,None,Natasha Farrow,None,Evil,Evil,2025-04-02,Evil 2025-04-02 Karaoke,4,,songs/unofficialV3/DISC 6 - Second Anniversary (2024-11-17 - 2025-05-15)/059. Natasha Farrow - Calling To The Night (Evil.v1).mp3,86bfd76eb925d92e,v3;evil;,,,1,0,None
1076,Fighter,None,None,KANA-BOON,None,Evil,Evil,2025-04-02,Evil 2025-04-02 Karaoke,5,,songs/unofficialV3/DISC 6 - Second Anniversary (2024-11-17 - 2025-05-15)/060. KANA-BOON - Fighter (Evil.v1).mp3,14e6ffc46922ad4f,v3;evil;,,,1,0,None
1077,Stayin' Alive,None,None,Bee Gees,None,Evil,Evil,2025-04-02,Evil 2025-04-02 Karaoke,6,,songs/unofficialV3/DISC 6 - Second Anniversary (2024-11-17 - 2025-05-15)/061. Bee Gees - Stayin' Alive (Evil.v1).mp3,491ecc9006ab9511,v3;evil;,,,1,0,None
1078,Wildfire,None,None,"Gon (HOYO-MiX), Jonathan Steingard",None,Evil,Evil,2025-04-02,Evil 2025-04-02 Karaoke,7,,"songs/unofficialV3/DISC 6 - Second Anniversary (2024-11-17 - 2025-05-15)/062. Gon (HOYO-MiX), Jonathan Steingard - Wildfire (Evil.v1).mp3",df5c532a006e02fa,v3;evil;,,,1,0,None
1079,LIMITED QUEEN,None,None,KISARA,きさら,Neuro & Evil,Evil,2025-04-02,Evil 2025-04-02 Karaoke,8,,songs/unofficialV3/DISC 6 - Second Anniversary (2024-11-17 - 2025-05-15)/063. KISARA - LIMITED QUEEN (Duet.v1) (Neuro & Evil).mp3,3b92b8905048feed,v3;evil;duet;,,,1,0,None
1080,It's Me,None,None,TryHardNinja,None,Evil,Evil,2025-04-02,Evil 2025-04-02 Karaoke,9,,songs/unofficialV3/DISC 6 - Second Anniversary (2024-11-17 - 2025-05-15)/064. TryHardNinja - It's Me (Evil.v1).mp3,0fa958c5dcd4fac8,v3;evil;,,,1,0,None
1081,Young Girl A,少女A,None,siinamota,椎名もた,Evil,Evil,2025-04-02,Evil 2025-04-02 Karaoke,10,,songs/unofficialV3/DISC 6 - Second Anniversary (2024-11-17 - 2025-05-15)/065. siinamota - Young Girl A (Evil.v1).mp3,ac4dc10d786833a3,v3;evil;,,,1,0,"siinamota (椎名もた), also known as PowapowaP (ぽわぽわP), real name Mizoguchi Ryou (溝口遼)"
1082,Leave Me Alone,None,None,I DONT KNOW HOW BUT THEY FOUND ME,None,Evil,Evil,2025-04-02,Evil 2025-04-02 Karaoke,11,,songs/unofficialV3/DISC 6 - Second Anniversary (2024-11-17 - 2025-05-15)/066. I DONT KNOW HOW BUT THEY FOUND ME - Leave Me Alone (Evil.v1).mp3,5d1d3d691dfdd974,v3;evil;,,,1,0,None
1083,Animal I Have Become,None,None,Three Days Grace,None,Evil,Evil,2025-04-02,Evil 2025-04-02 Karaoke,12,,songs/unofficialV3/DISC 6 - Second Anniversary (2024-11-17 - 2025-05-15)/067. Three Days Grace - Animal I Have Become (Evil.v1).mp3,7bb428a135e2f40f,v3;evil;,,,1,0,None
1084,Panic Room,None,None,Au/Ra,None,Evil,Evil,2025-04-02,Evil 2025-04-02 Karaoke,13,,songs/unofficialV3/DISC 6 - Second Anniversary (2024-11-17 - 2025-05-15)/068. Au slash Ra - Panic Room (Evil.v1).mp3,a3345b93ffd75a05,v3;evil;,,,1,0,None
1085,Sk8er Boi,None,None,Avril Lavigne,None,Evil,Evil,2025-04-02,Evil 2025-04-02 Karaoke,14,,songs/unofficialV3/DISC 6 - Second Anniversary (2024-11-17 - 2025-05-15)/069. Avril Lavigne - Sk8er Boi (Evil.v1).mp3,611a4d76c7287f7f,v3;evil;,,,1,0,None
1086,Ruler of Everything,None,None,Tally Hall,None,Neuro & Evil,Evil,2025-04-02,Evil 2025-04-02 Karaoke,15,,songs/unofficialV3/DISC 6 - Second Anniversary (2024-11-17 - 2025-05-15)/070. Tally Hall - Ruler of Everything (Duet.v1) (Neuro & Evil).mp3,607e572fae6da3c2,v3;evil;duet;,,,1,0,None
1087,Tetoris,テトリス,None,Hiiragi Magnetite,柊マグネタイト,Evil,Evil,2025-04-02,Evil 2025-04-02 Karaoke,16,Evilris,songs/unofficialV3/DISC 6 - Second Anniversary (2024-11-17 - 2025-05-15)/071. Hiiragi Magnetite - Tetoris (Evil.v1).mp3,f03c0762b81dfa53,v3;evil;,,,1,0,None
1088,dark things,None,None,Starset,None,Evil,Evil,2025-04-02,Evil 2025-04-02 Karaoke,17,,songs/unofficialV3/DISC 6 - Second Anniversary (2024-11-17 - 2025-05-15)/072. Starset - dark things (Evil.v1).mp3,f6b50a44c0003c4e,v3;evil;,,,1,0,None
1089,Tententengoku Jigokukoku,天天天国地獄国,None,"Aiobahn +81, Nanahira, Pmarusama",None,Neuro & Evil,Evil,2025-04-02,Evil 2025-04-02 Karaoke,18,Tengoku,"songs/unofficialV3/DISC 6 - Second Anniversary (2024-11-17 - 2025-05-15)/073. Aiobahn +81, Nanahira, Pmarusama - Tententengoku Jigokukoku (Duet.v1) (Neuro & Evil).mp3",59b51be20f49a14b,v3;evil;duet;,,,1,0,None
1090,Pompeii,None,None,Bastille,None,Neuro,Neuro,2025-04-16,Neuro 2025-04-16 Karaoke,1,,songs/unofficialV3/DISC 6 - Second Anniversary (2024-11-17 - 2025-05-15)/074. Bastille - Pompeii (Neuro.v3.2).mp3,4fcdaaf9912e8956,v3;neuro;,,,3.2,0,None
1091,Piano Man,None,None,Billy Joel,None,Neuro,Neuro,2025-04-16,Neuro 2025-04-16 Karaoke,2,,songs/unofficialV3/DISC 6 - Second Anniversary (2024-11-17 - 2025-05-15)/075. Billy Joel - Piano Man (Neuro.v3).mp3,4a1bbc6b355b4b75,v3;neuro;,,,3,0,None
1092,Witch Doctor,None,None,"Cartoons, David Seville",None,Neuro,Neuro,2025-04-16,Neuro 2025-04-16 Karaoke,3,,"songs/unofficialV3/DISC 6 - Second Anniversary (2024-11-17 - 2025-05-15)/076. Cartoons, David Seville - Witch Doctor (Neuro.v3.2).mp3",7713a266f95fea51,v3;neuro;,,,3.2,0,None
1093,If I Can Stop One Heart From Breaking,None,None,"Eli.W (HOYO-MiX), Chevy",None,Neuro,Neuro,2025-04-16,Neuro 2025-04-16 Karaoke,4,,"songs/unofficialV3/DISC 6 - Second Anniversary (2024-11-17 - 2025-05-15)/077. Eli.W (HOYO-MiX), Chevy - If I Can Stop One Heart From Breaking (Neuro.v3).mp3",a7e92b0bfc4c80fe,v3;neuro;,,,3,0,None
1094,Everything At Once,None,None,Lenka,None,Neuro,Neuro,2025-04-16,Neuro 2025-04-16 Karaoke,5,,songs/unofficialV3/DISC 6 - Second Anniversary (2024-11-17 - 2025-05-15)/078. Lenka - Everything At Once (Neuro.v3).mp3,90e0d73c0911e414,v3;neuro;,,,3,0,None
1095,iGhost,None,None,MNQN,None,Neuro,Neuro,2025-04-16,Neuro 2025-04-16 Karaoke,6,,songs/unofficialV3/DISC 6 - Second Anniversary (2024-11-17 - 2025-05-15)/079. MNQN - iGhost (Neuro.v3).mp3,9bde091e4b636a8c,v3;neuro;,,,3,0,None
1096,What You Won't Do For Love,None,None,Bobby Caldwell,None,Neuro,Neuro,2025-04-16,Neuro 2025-04-16 Karaoke,7,,songs/unofficialV3/DISC 6 - Second Anniversary (2024-11-17 - 2025-05-15)/080. Bobby Caldwell - What You Won't Do For Love (Neuro.v3).mp3,8cf59ac80cd78115,v3;neuro;,,,3,0,None
1097,Koi,恋,None,Gen Hoshino,星野源,Neuro,Neuro,2025-04-16,Neuro 2025-04-16 Karaoke,8,,songs/unofficialV3/DISC 6 - Second Anniversary (2024-11-17 - 2025-05-15)/081. Gen Hoshino - Koi (Neuro.v3).mp3,3bf5efd4525e76cb,v3;neuro;,,,3,0,None
1098,Friday I'm In Love,None,None,The Cure,None,Neuro,Neuro,2025-04-16,Neuro 2025-04-16 Karaoke,9,,songs/unofficialV3/DISC 6 - Second Anniversary (2024-11-17 - 2025-05-15)/082. The Cure - Friday I'm In Love (Neuro.v3).mp3,f425a9fd51212f8e,v3;neuro;,,,3,0,None
1099,LONELY ROLLING STAR,None,None,"Yoshihito Yano, Saki Kabata","矢野義人, 椛田早紀",Neuro,Neuro,2025-04-16,Neuro 2025-04-16 Karaoke,10,,"songs/unofficialV3/DISC 6 - Second Anniversary (2024-11-17 - 2025-05-15)/083. Yoshihito Yano, Saki Kabata - LONELY ROLLING STAR (Neuro.v3).mp3",efb0acdc6745e3f3,v3;neuro;,,,3,0,NOWAYING
1100,There Is a Light That Never Goes Out,None,None,The Smiths,None,Neuro,Neuro,2025-04-16,Neuro 2025-04-16 Karaoke,11,,songs/unofficialV3/DISC 6 - Second Anniversary (2024-11-17 - 2025-05-15)/084. The Smiths - There Is a Light That Never Goes Out (Neuro.v3).mp3,9bf5860d2cabf0f1,v3;neuro;,,,3,0,None
1101,A Human's Touch,None,None,TWRP,None,Neuro & Evil,Neuro,2025-04-16,Neuro 2025-04-16 Karaoke,12,,songs/unofficialV3/DISC 6 - Second Anniversary (2024-11-17 - 2025-05-15)/085. TWRP - A Human's Touch (Duet.v1) (Neuro & Evil).mp3,adcddedb002341a5,v3;neuro;duet;,,,1,0,None
1102,Same Moon,None,None,Ellie Minibot,None,Neuro,Neuro,2025-04-16,Neuro 2025-04-16 Karaoke,13,,songs/unofficialV3/DISC 6 - Second Anniversary (2024-11-17 - 2025-05-15)/086. Ellie Minibot - Same Moon (Neuro.v3).mp3,4fe3d61929de7e15,v3;neuro;,,,3,0,None
1103,lovely,None,None,"Billie Eilish, Khalid",None,Neuro & Evil,Neuro,2025-04-16,Neuro 2025-04-16 Karaoke,14,,"songs/unofficialV3/DISC 6 - Second Anniversary (2024-11-17 - 2025-05-15)/087. Billie Eilish, Khalid - lovely (Duet.v1) (Neuro & Evil).mp3",5d51559834bfa6e4,v3;neuro;duet;,,,1,0,None
1104,Stellar Stellar,None,None,Hoshimachi Suisei,星街すいせい,Neuro,Neuro,2025-04-16,Neuro 2025-04-16 Karaoke,15,,songs/unofficialV3/DISC 6 - Second Anniversary (2024-11-17 - 2025-05-15)/088. Hoshimachi Suisei - Stellar Stellar (Neuro.v3).mp3,996b3b05d1e8387d,v3;neuro;,,,3,0,None
1105,More One Night,None,None,"emon(Tes.), Inori Minase, Yurika Kubo",None,Neuro & Evil,Neuro,2025-04-16,Neuro 2025-04-16 Karaoke,16,,"songs/unofficialV3/DISC 6 - Second Anniversary (2024-11-17 - 2025-05-15)/089. emon(Tes.), Inori Minase, Yurika Kubo - More One Night (Duet.v1) (Neuro & Evil).mp3",7c83cd5dd3e54120,v3;neuro;duet;,,,1,0,None
1106,Goodbye To A World,None,None,Porter Robinson,None,Neuro,Neuro,2025-04-16,Neuro 2025-04-16 Karaoke,17,,songs/unofficialV3/DISC 6 - Second Anniversary (2024-11-17 - 2025-05-15)/090. Porter Robinson - Goodbye To A World (Neuro.v3).mp3,de2c5c80e54660e6,v3;neuro;,,,3,0,None
1107,Bottom 2,None,None,Glorb,None,"Neuro, Evil, Akuma Nihmune, Shylily, Bao the Whale, Camila, LucyPyre",Neuro,2025-04-18,Official Covers,6,Bottom 2,songs/officially released songs/Numi - Bottom 2/01-01 Bottom 2.mp3,458f46265b950ae4,v3;neuro;collab;official;as_custom;,,,1,1,""
1108,In The Blood,None,None,"Darren Korb, Ashley Barrett",None,Neuro & Evil,Evil,2025-04-30,Evil 2025-04-30 Karaoke,1,,"songs/unofficialV3/DISC 6 - Second Anniversary (2024-11-17 - 2025-05-15)/091. Darren Korb, Ashley Barrett - In The Blood (Duet.v1) (Neuro & Evil).mp3",928ee42963211e5b,v3;evil;duet;,,,1,0,None
1109,INVISIBLE,None,None,Duran Duran,None,Evil,Evil,2025-04-30,Evil 2025-04-30 Karaoke,2,,songs/unofficialV3/DISC 6 - Second Anniversary (2024-11-17 - 2025-05-15)/092. Duran Duran - INVISIBLE (Evil.v1).mp3,e00b8fe3ad2c9abc,v3;evil;,,,1,0,None
1110,Broken Pieces,None,None,"Apocalyptica, Lacey Mosley",None,Evil,Evil,2025-04-30,Evil 2025-04-30 Karaoke,3,,"songs/unofficialV3/DISC 6 - Second Anniversary (2024-11-17 - 2025-05-15)/093. Apocalyptica, Lacey Mosley - Broken Pieces (Evil.v1).mp3",aa5464505204f941,v3;evil;,,,1,0,None
1111,Courtesy Call,None,None,Thousand Foot Krutch,None,Evil,Evil,2025-04-30,Evil 2025-04-30 Karaoke,4,,songs/unofficialV3/DISC 6 - Second Anniversary (2024-11-17 - 2025-05-15)/094. Thousand Foot Krutch - Courtesy Call (Evil.v2).mp3,8c9782dc94dcb4e2,v3;evil;,,,2,0,None
1112,Simulacrum,None,None,"Powerless, krage",None,Evil,Evil,2025-04-30,Evil 2025-04-30 Karaoke,5,,"songs/unofficialV3/DISC 6 - Second Anniversary (2024-11-17 - 2025-05-15)/095. Powerless, krage - Simulacrum (Evil.v1).mp3",c75233ab30bc97ed,v3;evil;,,,1,0,None
1113,Livin' on a Prayer,None,None,Bon Jovi,None,Evil,Evil,2025-04-30,Evil 2025-04-30 Karaoke,6,,songs/unofficialV3/DISC 6 - Second Anniversary (2024-11-17 - 2025-05-15)/096. Bon Jovi - Livin' on a Prayer (Evil.v1).mp3,6e8907e3f6b9b1d7,v3;evil;,,,1,0,None
1114,Daidaidaidaidaikirai,ダイダイダイダイダイキライ,None,Amala,雨良,Neuro & Evil,Evil,2025-04-30,Evil 2025-04-30 Karaoke,7,,songs/unofficialV3/DISC 6 - Second Anniversary (2024-11-17 - 2025-05-15)/097. Amala - Daidaidaidaidaikirai (Duet.v1) (Neuro & Evil).mp3,ff49d82aa1508218,v3;evil;duet;,,,1,0,None
1115,Heat abnormal,熱異常,None,Iyowa,いよわ,Evil,Evil,2025-04-30,Evil 2025-04-30 Karaoke,8,Heat Abnormal,songs/unofficialV3/DISC 6 - Second Anniversary (2024-11-17 - 2025-05-15)/098. Iyowa - Heat abnormal (Evil.v1).mp3,a926937a576acdc5,v3;evil;,,,1,0,None
1116,Dark On Me,None,None,Starset,None,Evil,Evil,2025-04-30,Evil 2025-04-30 Karaoke,9,,songs/unofficialV3/DISC 6 - Second Anniversary (2024-11-17 - 2025-05-15)/099. Starset - Dark On Me (Evil.v1).mp3,6297fe1710e55aac,v3;evil;,,,1,0,None
1117,PARTY OF YOUR LIFETIME,None,None,On-lyne,None,Neuro & Evil,Evil,2025-04-30,Evil 2025-04-30 Karaoke,10,,songs/unofficialV3/DISC 6 - Second Anniversary (2024-11-17 - 2025-05-15)/100. On-lyne - PARTY OF YOUR LIFETIME (Duet.v1) (Neuro & Evil).mp3,e39485658c3355e0,v3;evil;duet;,,,1,0,None
1118,Hurt,None,None,Johnny Cash,None,Evil,Evil,2025-04-30,Evil 2025-04-30 Karaoke,11,,songs/unofficialV3/DISC 6 - Second Anniversary (2024-11-17 - 2025-05-15)/101. Johnny Cash - Hurt (Evil.v1).mp3,fb606057859d9414,v3;evil;,,,1,0,None
1119,Thriller,None,None,Michael Jackson,None,Evil,Evil,2025-04-30,Evil 2025-04-30 Karaoke,12,,songs/unofficialV3/DISC 6 - Second Anniversary (2024-11-17 - 2025-05-15)/102. Michael Jackson - Thriller (Evil.v1).mp3,7c3514020a7fa146,v3;evil;,,,1,0,None
1120,Iris,None,None,Goo Goo Dolls,None,Evil,Evil,2025-04-30,Evil 2025-04-30 Karaoke,13,,songs/unofficialV3/DISC 6 - Second Anniversary (2024-11-17 - 2025-05-15)/103. Goo Goo Dolls - Iris (Evil.v1).mp3,a91f26b0f188d249,v3;evil;,,,1,0,None
1121,The Sharpest Lives,None,None,My Chemical Romance,None,Evil,Evil,2025-04-30,Evil 2025-04-30 Karaoke,14,,songs/unofficialV3/DISC 6 - Second Anniversary (2024-11-17 - 2025-05-15)/104. My Chemical Romance - The Sharpest Lives (Evil.v1).mp3,0a9cab3df3b29f31,v3;evil;,,,1,0,None
1122,"Missing, Missing",見つかんない見つかんない,None,Kikuo,きくお,Evil,Evil,2025-04-30,Evil 2025-04-30 Karaoke,15,,"songs/unofficialV3/DISC 6 - Second Anniversary (2024-11-17 - 2025-05-15)/105. Kikuo - Missing, Missing (Evil.v1).mp3",1d5ce233d39f2edc,v3;evil;,,,1,0,None
1123,Make Me Wanna Die,None,None,The Pretty Reckless,None,Evil,Evil,2025-04-30,Evil 2025-04-30 Karaoke,16,,songs/unofficialV3/DISC 6 - Second Anniversary (2024-11-17 - 2025-05-15)/106. The Pretty Reckless - Make Me Wanna Die (Evil.v1).mp3,bb0b7893e20da2cf,v3;evil;,,,1,0,None
1124,Afterlife,None,None,Evanescence,None,Evil,Evil,2025-04-30,Evil 2025-04-30 Karaoke,17,,songs/unofficialV3/DISC 6 - Second Anniversary (2024-11-17 - 2025-05-15)/107. Evanescence - Afterlife (Evil.v1).mp3,1f7b7bf1ed09eaea,v3;evil;,,,1,0,None
1125,Ash Again,None,None,"Gawr Gura, Casey Edwards",None,Evil,Evil,2025-04-30,Evil 2025-04-30 Karaoke,18,Ash Again,"songs/unofficialV3/DISC 6 - Second Anniversary (2024-11-17 - 2025-05-15)/108. Gawr Gura, Casey Edwards - Ash Again (Evil.v1).mp3",90458c9a8cefe8dd,v3;evil;,,,1,0,None
1126,Maniac,None,None,Michael Sembello,None,Neuro,Neuro,2025-05-14,Neuro 2025-05-14 Karaoke,1,,songs/unofficialV3/DISC 6 - Second Anniversary (2024-11-17 - 2025-05-15)/109. Michael Sembello - Maniac (Neuro.v3).mp3,f8ff44b599697642,v3;neuro;,,,3,0,None
1127,"Ah, It's a Wonderful Cat Life",嗚呼、素晴らしきニャン生,None,Nem,None,Neuro & Evil,Neuro,2025-05-14,Neuro 2025-05-14 Karaoke,2,,"songs/unofficialV3/DISC 6 - Second Anniversary (2024-11-17 - 2025-05-15)/110. Nem - Ah, It's a Wonderful Cat Life (Duet.v1) (Neuro & Evil).mp3",04189c78d62bfc84,v3;neuro;duet;,,,1,0,None
1128,A Turtle's Heart,None,None,Mili,None,Neuro,Neuro,2025-05-14,Neuro 2025-05-14 Karaoke,3,,songs/unofficialV3/DISC 6 - Second Anniversary (2024-11-17 - 2025-05-15)/111. Mili - A Turtle's Heart (Neuro.v3.2).mp3,957f2e71d7956429,v3;neuro;,,,3.2,0,None
1129,I wanna be a Girl,女の子になりたい,None,Mafumafu,まふまふ,Neuro,Neuro,2025-05-14,Neuro 2025-05-14 Karaoke,4,,songs/unofficialV3/DISC 6 - Second Anniversary (2024-11-17 - 2025-05-15)/112. Mafumafu - I wanna be a Girl (Neuro.v3).mp3,123770e0f843f2a0,v3;neuro;,,,3,0,trans rights
1130,Alien Alien,エイリアンエイリアン,None,NayutalieN,ナユタン星人,Neuro,Neuro,2025-05-14,Neuro 2025-05-14 Karaoke,5,,songs/unofficialV3/DISC 6 - Second Anniversary (2024-11-17 - 2025-05-15)/113. NayutalieN - Alien Alien (Neuro.v3.2).mp3,fcda9c6c32d76785,v3;neuro;,,,3.2,0,None
1131,Color Your Night,None,None,"Chewie Melodies, Pealeaf Original by Lotus Juice & Azumi Takahashi",None,Neuro,Neuro,2025-05-14,Neuro 2025-05-14 Karaoke,6,,"songs/unofficialV3/DISC 6 - Second Anniversary (2024-11-17 - 2025-05-15)/114. Chewie Melodies, Pealeaf Original by Lotus Juice & Azumi Takahashi - Color Your Night (Neuro.v3).mp3",2279910c98a9c5d2,v3;neuro;,,,3,0,None
1132,Renai Circulation,恋愛サーキュレーション,None,Kana Hanazawa,花澤香菜,Neuro,Neuro,2025-05-14,Neuro 2025-05-14 Karaoke,7,,songs/unofficialV3/DISC 6 - Second Anniversary (2024-11-17 - 2025-05-15)/115. Kana Hanazawa - Renai Circulation (Neuro.v3).mp3,3c2096111dce2063,v3;neuro;,,,3,0,None
1133,Die For You,None,None,The Weeknd,None,Neuro,Neuro,2025-05-14,Neuro 2025-05-14 Karaoke,8,,songs/unofficialV3/DISC 6 - Second Anniversary (2024-11-17 - 2025-05-15)/116. The Weeknd - Die For You (Neuro.v3).mp3,eaeaa4859ffb9a33,v3;neuro;,,,3,0,None
1134,"Jump Up, Super Star!",None,None,"Kate Higgins, The Super Mario Players",None,Neuro,Neuro,2025-05-14,Neuro 2025-05-14 Karaoke,9,,"songs/unofficialV3/DISC 6 - Second Anniversary (2024-11-17 - 2025-05-15)/117. Kate Higgins, The Super Mario Players - Jump Up, Super Star! (Neuro.v3).mp3",aea36b66fd858881,v3;neuro;,,,3,0,None
1135,Mr. Fear,None,None,SIAMÉS,None,Neuro,Neuro,2025-05-14,Neuro 2025-05-14 Karaoke,10,,songs/unofficialV3/DISC 6 - Second Anniversary (2024-11-17 - 2025-05-15)/118. SIAMÉS - Mr. Fear (Neuro.v3).mp3,e71530932e3ea1c3,v3;neuro;,,,3,0,None
1136,UTuber,ユーチューバー,None,PinocchioP,ピノキオピー,Neuro,Neuro,2025-05-14,Neuro 2025-05-14 Karaoke,11,,songs/unofficialV3/DISC 6 - Second Anniversary (2024-11-17 - 2025-05-15)/119. PinocchioP - UTuber (Neuro.v3).mp3,c7b220907145b6c7,v3;neuro;,,,3,0,None
1137,overwhelmed,None,None,Royal & the Serpent,None,Neuro,Neuro,2025-05-14,Neuro 2025-05-14 Karaoke,12,Overwhelmed,songs/unofficialV3/DISC 6 - Second Anniversary (2024-11-17 - 2025-05-15)/120. Royal & the Serpent - overwhelmed (Neuro.v3).mp3,2db01f09db8ae20e,v3;neuro;,,,3,0,None
1138,Dreams,None,None,The Cranberries,None,Neuro & Evil,Neuro,2025-05-14,Neuro 2025-05-14 Karaoke,13,,songs/unofficialV3/DISC 6 - Second Anniversary (2024-11-17 - 2025-05-15)/121. The Cranberries - Dreams (Duet.v1) (Neuro & Evil).mp3,981f0039b4fdbf89,v3;neuro;duet;,,,1,0,None
1139,Lovefool,None,None,The Cardigans,None,Neuro,Neuro,2025-05-14,Neuro 2025-05-14 Karaoke,14,,songs/unofficialV3/DISC 6 - Second Anniversary (2024-11-17 - 2025-05-15)/122. The Cardigans - Lovefool (Neuro.v3).mp3,b45460ca11c39a5a,v3;neuro;,,,3,0,None
1140,Everytime We Touch,None,None,Cascada,None,Neuro,Neuro,2025-05-14,Neuro 2025-05-14 Karaoke,15,,songs/unofficialV3/DISC 6 - Second Anniversary (2024-11-17 - 2025-05-15)/123. Cascada - Everytime We Touch (Neuro.v3).mp3,38e05808e4e8c709,v3;neuro;,,,3,0,None
1141,Something Comforting,None,None,Porter Robinson,None,Neuro,Neuro,2025-05-14,Neuro 2025-05-14 Karaoke,16,Something Comforting,songs/unofficialV3/DISC 6 - Second Anniversary (2024-11-17 - 2025-05-15)/124. Porter Robinson - Something Comforting (Neuro.v3).mp3,6ab58ee18b90571d,v3;neuro;,,,3,0,None
1142,Arms,None,None,Christina Perri,None,Neuro,Neuro,2025-05-14,Neuro 2025-05-14 Karaoke,17,,songs/unofficialV3/DISC 6 - Second Anniversary (2024-11-17 - 2025-05-15)/125. Christina Perri - Arms (Neuro.v3).mp3,981352fcf71ca18f,v3;neuro;,,,3,0,None
1143,Mr. Blue Sky,None,None,Electric Light Orchestra,None,Neuro & Evil,Neuro,2025-05-14,Neuro 2025-05-14 Karaoke,18,,songs/unofficialV3/DISC 6 - Second Anniversary (2024-11-17 - 2025-05-15)/126. Electric Light Orchestra - Mr. Blue Sky (Duet.v1) (Neuro & Evil).mp3,9b5f22d357a4d1a9,v3;neuro;duet;,,,1,0,None
1144,Since U Been Gone,None,None,Kelly Clarkson,None,Evil,Evil,2025-05-28,Evil 2025-05-28 Karaoke,1,,songs/unofficialV3/DISC 7 - Background Running Process (2025-05-28 - 2025-12-06)/001. Kelly Clarkson - Since U Been Gone (Evil.v1).mp3,ea9f352cdd4baa28,v3;evil;,,,1,0,None
1145,I Will Survive,None,None,Gloria Gaynor,None,Evil,Evil,2025-05-28,Evil 2025-05-28 Karaoke,2,,songs/unofficialV3/DISC 7 - Background Running Process (2025-05-28 - 2025-12-06)/002. Gloria Gaynor - I Will Survive (Evil.v1).mp3,19afb860ce3381eb,v3;evil;,,,1,0,None
1146,4:00 A.M.,None,None,Taeko Ohnuki,None,Evil,Evil,2025-05-28,Evil 2025-05-28 Karaoke,3,,songs/unofficialV3/DISC 7 - Background Running Process (2025-05-28 - 2025-12-06)/003. Taeko Ohnuki - 4 00 A.M. (Evil.v1).mp3,668cdae1f8f33b21,v3;evil;,,,1,0,None
1147,Black Hole Sun,None,None,Soundgarden,None,Evil,Evil,2025-05-28,Evil 2025-05-28 Karaoke,4,,songs/unofficialV3/DISC 7 - Background Running Process (2025-05-28 - 2025-12-06)/004. Soundgarden - Black Hole Sun (Evil.v1).mp3,55631a64e75f8f53,v3;evil;,,,1,0,None
1148,Unfriendly Hater,絶対敵対メチャキライヤー,None,Meddmia,メドミア,Neuro & Evil,Evil,2025-05-28,Evil 2025-05-28 Karaoke,5,,songs/unofficialV3/DISC 7 - Background Running Process (2025-05-28 - 2025-12-06)/005. Meddmia - Unfriendly Hater (Duet.v1) (Neuro & Evil).mp3,75129b52aa4fc9fc,v3;evil;duet;,,,1,0,None
1149,Fires of War,None,None,"Kelli Schaefer, Nathan Grigg",None,Evil,Evil,2025-05-28,Evil 2025-05-28 Karaoke,6,,"songs/unofficialV3/DISC 7 - Background Running Process (2025-05-28 - 2025-12-06)/006. Kelli Schaefer, Nathan Grigg - Fires of War (Evil.v1).mp3",770ebf1e27034126,v3;evil;,,,1,0,None
1150,Dramaturgy,ドラマツルギー,None,"Eve, Numa",None,Evil,Evil,2025-05-28,Evil 2025-05-28 Karaoke,7,,"songs/unofficialV3/DISC 7 - Background Running Process (2025-05-28 - 2025-12-06)/007. Eve, Numa - Dramaturgy (Evil.v1).mp3",be750d846ebf2851,v3;evil;,,,1,0,None
1151,"Take Me Home, Country Roads",None,None,John Denver,None,Evil,Evil,2025-05-28,Evil 2025-05-28 Karaoke,8,,"songs/unofficialV3/DISC 7 - Background Running Process (2025-05-28 - 2025-12-06)/008. John Denver - Take Me Home, Country Roads (Evil.v1).mp3",03c5203c55217377,v3;evil;,,,1,0,None
1152,Is It Really You?,None,None,Loathe,None,Evil,Evil,2025-05-28,Evil 2025-05-28 Karaoke,9,,songs/unofficialV3/DISC 7 - Background Running Process (2025-05-28 - 2025-12-06)/009. Loathe - Is It Really You (Evil.v1).mp3,5722fb2dea15d8f5,v3;evil;,,,1,0,None
1153,Non-Breath Oblige,ノンブレス・オブリージュ,None,PinocchioP,ピノキオピー,Evil,Evil,2025-05-28,Evil 2025-05-28 Karaoke,10,,songs/unofficialV3/DISC 7 - Background Running Process (2025-05-28 - 2025-12-06)/010. PinocchioP - Non-Breath Oblige (Evil.v1).mp3,d9a758fadfd3c056,v3;evil;,,,1,0,None
1154,(O)rdinary,None,None,Avenged Sevenfold,None,Evil,Evil,2025-05-28,Evil 2025-05-28 Karaoke,11,,songs/unofficialV3/DISC 7 - Background Running Process (2025-05-28 - 2025-12-06)/011. Avenged Sevenfold - (O)rdinary (Evil.v1).mp3,1049b1a4459af78d,v3;evil;,,,1,0,None
1155,Like a Stone,None,None,Audioslave,None,Evil,Evil,2025-05-28,Evil 2025-05-28 Karaoke,12,,songs/unofficialV3/DISC 7 - Background Running Process (2025-05-28 - 2025-12-06)/012. Audioslave - Like a Stone (Evil.v1).mp3,9fc6e1c4db135f41,v3;evil;,,,1,0,None
1156,Stardust Utopia,星屑ユートピア,None,otetsu,おてつ!,Evil,Evil,2025-05-28,Evil 2025-05-28 Karaoke,13,,songs/unofficialV3/DISC 7 - Background Running Process (2025-05-28 - 2025-12-06)/013. otetsu - Stardust Utopia (Evil.v1).mp3,15ac64f3344e852b,v3;evil;,,,1,0,None
1157,Still Loving You,None,None,Scorpions,None,Evil,Evil,2025-05-28,Evil 2025-05-28 Karaoke,14,,songs/unofficialV3/DISC 7 - Background Running Process (2025-05-28 - 2025-12-06)/014. Scorpions - Still Loving You (Evil.v1).mp3,0b2548e7e1a2cfb6,v3;evil;,,,1,0,None
1158,Control,None,None,Halsey,None,Evil,Evil,2025-05-28,Evil 2025-05-28 Karaoke,15,,songs/unofficialV3/DISC 7 - Background Running Process (2025-05-28 - 2025-12-06)/015. Halsey - Control (Evil.v1).mp3,828994f3e32d15d5,v3;evil;,,,1,0,None
1159,The Sound of Silence,None,None,Simon & Garfunkel,None,Neuro & Evil,Evil,2025-05-28,Evil 2025-05-28 Karaoke,16,,songs/unofficialV3/DISC 7 - Background Running Process (2025-05-28 - 2025-12-06)/016. Simon & Garfunkel - The Sound of Silence (Duet.v1) (Neuro & Evil).mp3,7cca4518d7322055,v3;evil;duet;,,,1,0,None
1160,Delete Me,None,None,ShallowSky,None,Evil,Evil,2025-05-28,Evil 2025-05-28 Karaoke,17,,songs/unofficialV3/DISC 7 - Background Running Process (2025-05-28 - 2025-12-06)/017. ShallowSky - Delete Me (Evil.v1).mp3,98bd8c8e60868a3e,v3;evil;,,,1,0,None
1161,can u see me in the dark?,None,None,Haelstorm & Prevail,None,Neuro & Evil,Evil,2025-05-28,Evil 2025-05-28 Karaoke,18,,songs/unofficialV3/DISC 7 - Background Running Process (2025-05-28 - 2025-12-06)/018. Haelstorm & Prevail - can u see me in the dark (Duet.v1) (Neuro & Evil).mp3,6b5707cae989d0a1,v3;evil;duet;,,,1,0,None
1162,be human,None,None,Scott Matthew,None,Neuro,Neuro,2025-06-11,Neuro 2025-06-11 Karaoke,1,,songs/unofficialV3/DISC 7 - Background Running Process (2025-05-28 - 2025-12-06)/019. Scott Matthew - be human (Neuro.v3).mp3,5c081fe89de0e286,v3;neuro;,,,3,0,FeelsBadMan Clap
1163,4nim0sity(99.999999999%),None,None,Ichi,イチ,Neuro,Neuro,2025-06-11,Neuro 2025-06-11 Karaoke,2,,songs/unofficialV3/DISC 7 - Background Running Process (2025-05-28 - 2025-12-06)/020. Ichi - 4nim0sity(99.999999999%) (Neuro.v3).mp3,0faa05d7789a08aa,v3;neuro;,,,3,0,None
1164,Bugs,None,None,Ellie Minibot,None,Neuro,Neuro,2025-06-11,Neuro 2025-06-11 Karaoke,3,,songs/unofficialV3/DISC 7 - Background Running Process (2025-05-28 - 2025-12-06)/021. Ellie Minibot - Bugs (Neuro.v3).mp3,2391d95b9aa53ffc,v3;neuro;,,,3,0,None
1165,Crazy Little Love,None,None,Nuage,None,Neuro,Neuro,2025-06-11,Neuro 2025-06-11 Karaoke,4,,songs/unofficialV3/DISC 7 - Background Running Process (2025-05-28 - 2025-12-06)/022. Nuage - Crazy Little Love (Neuro.v3).mp3,a5f0d04db4c9ff72,v3;neuro;,,,3,0,None
1166,Dreamin Chuchu,どりーみんチュチュ,None,emon(Tes.),None,Neuro,Neuro,2025-06-11,Neuro 2025-06-11 Karaoke,5,,songs/unofficialV3/DISC 7 - Background Running Process (2025-05-28 - 2025-12-06)/023. emon(Tes.) - Dreamin Chuchu (Neuro.v3.2).mp3,d5a7f9eeed77ee57,v3;neuro;,,,3.2,0,None
1167,Who Can It Be Now?,None,None,Men at Work,None,Neuro,Neuro,2025-06-11,Neuro 2025-06-11 Karaoke,6,,songs/unofficialV3/DISC 7 - Background Running Process (2025-05-28 - 2025-12-06)/024. Men at Work - Who Can It Be Now (Neuro.v3).mp3,b332408c52eca647,v3;neuro;,,,3,0,None
1168,Castle of Glass,None,None,Linkin Park,None,Neuro,Neuro,2025-06-11,Neuro 2025-06-11 Karaoke,7,,songs/unofficialV3/DISC 7 - Background Running Process (2025-05-28 - 2025-12-06)/025. Linkin Park - Castle of Glass (Neuro.v3).mp3,6c69df24f886c164,v3;neuro;,,,3,0,None
1169,Endless Possibility,None,None,"Tomoya Ohtani, Jaret Reddick, Bowling for Soup",None,Neuro,Neuro,2025-06-11,Neuro 2025-06-11 Karaoke,8,,"songs/unofficialV3/DISC 7 - Background Running Process (2025-05-28 - 2025-12-06)/026. Tomoya Ohtani, Jaret Reddick, Bowling for Soup - Endless Possibility (Neuro.v3).mp3",5da3624d378f6390,v3;neuro;,,,3,0,None
1170,At God's Mercy,神のまにまに,None,rerulili,れるりり,Neuro & Evil,Neuro,2025-06-11,Neuro 2025-06-11 Karaoke,9,,songs/unofficialV3/DISC 7 - Background Running Process (2025-05-28 - 2025-12-06)/027. rerulili - At God's Mercy (Duet.v1) (Neuro & Evil).mp3,02b9a40134a114d3,v3;neuro;duet;,,,1,0,None
1171,hourhand,None,None,suzie,None,Neuro,Neuro,2025-06-11,Neuro 2025-06-11 Karaoke,10,,songs/unofficialV3/DISC 7 - Background Running Process (2025-05-28 - 2025-12-06)/028. suzie - hourhand (Neuro.v3).mp3,7c9c4057082f7110,v3;neuro;,,,3,0,None
1172,TIAN TIAN,None,None,Mili,None,Neuro,Neuro,2025-06-11,Neuro 2025-06-11 Karaoke,11,,songs/unofficialV3/DISC 7 - Background Running Process (2025-05-28 - 2025-12-06)/029. Mili - TIAN TIAN (Neuro.v3).mp3,0dad08ce61e19788,v3;neuro;,,,3,0,None
1173,Hold the Line,None,None,Toto,None,Neuro,Neuro,2025-06-11,Neuro 2025-06-11 Karaoke,12,,songs/unofficialV3/DISC 7 - Background Running Process (2025-05-28 - 2025-12-06)/030. Toto - Hold the Line (Neuro.v3).mp3,ad306c84a4155a8a,v3;neuro;,,,3,0,None
1174,Melt,None,None,supercell,None,Neuro,Neuro,2025-06-11,Neuro 2025-06-11 Karaoke,13,,songs/unofficialV3/DISC 7 - Background Running Process (2025-05-28 - 2025-12-06)/031. supercell - Melt (Neuro.v3).mp3,991c4562d95d751d,v3;neuro;,,,3,0,None
1175,Pokémon Theme (Gotta catch 'em all!),None,None,"John Siegler, Jason Paige",None,Neuro,Neuro,2025-06-11,Neuro 2025-06-11 Karaoke,14,,"songs/unofficialV3/DISC 7 - Background Running Process (2025-05-28 - 2025-12-06)/032. John Siegler, Jason Paige - Pokémon Theme (Gotta catch 'em all!) (Neuro.v3.2).mp3",31a044164fb0a31c,v3;neuro;,,,3.2,0,None
1176,And I'm Home,None,None,"wowaka, Ai Nonaka, Eri Kitamura",None,Neuro & Evil,Neuro,2025-06-11,Neuro 2025-06-11 Karaoke,15,,"songs/unofficialV3/DISC 7 - Background Running Process (2025-05-28 - 2025-12-06)/033. wowaka, Ai Nonaka, Eri Kitamura - And I'm Home (Duet.v1) (Neuro & Evil).mp3",7c99b23e4889fb32,v3;neuro;duet;,,,1,0,twinshippers won........
1177,Static,None,None,FLAVOR FOLEY,None,Neuro,Neuro,2025-06-11,Neuro 2025-06-11 Karaoke,16,Static,songs/unofficialV3/DISC 7 - Background Running Process (2025-05-28 - 2025-12-06)/034. FLAVOR FOLEY - Static (Neuro.v3).mp3,b4e6858cb462159e,v3;neuro;,,,3,0,None
1178,Skies Forever Blue,None,None,"Itoki Hana, Toby Fox",None,Neuro,Neuro,2025-06-11,Neuro 2025-06-11 Karaoke,17,,"songs/unofficialV3/DISC 7 - Background Running Process (2025-05-28 - 2025-12-06)/035. Itoki Hana, Toby Fox - Skies Forever Blue (Neuro.v3).mp3",619a82d959a0c9f0,v3;neuro;copyright_issues;,,,3,0,None
1179,Die With A Smile,None,None,"Lady Gaga, Bruno Mars",None,Neuro & Evil,Neuro,2025-06-11,Neuro 2025-06-11 Karaoke,18,,"songs/unofficialV3/DISC 7 - Background Running Process (2025-05-28 - 2025-12-06)/036. Lady Gaga, Bruno Mars - Die With A Smile (Duet.v1) (Neuro & Evil).mp3",346909e15c9814e7,v3;neuro;duet;,,,1,0,None
1180,Smells Like Teen Spirit,None,None,Nirvana,None,Evil,Evil,2025-06-25,Evil 2025-06-25 Karaoke,1,,songs/unofficialV3/DISC 7 - Background Running Process (2025-05-28 - 2025-12-06)/037. Nirvana - Smells Like Teen Spirit (Evil.v1).mp3,f6cc77fc5bb80404,v3;evil;,,,1,0,None
1181,Red Sun,None,None,"Jason Miller, Jamie Christopherson",None,Evil,Evil,2025-06-25,Evil 2025-06-25 Karaoke,2,,"songs/unofficialV3/DISC 7 - Background Running Process (2025-05-28 - 2025-12-06)/038. Jason Miller, Jamie Christopherson - Red Sun (Evil.v1).mp3",fd4d4419fc95898d,v3;evil;,,,1,0,None
1182,Gas Gas Gas,None,None,Manuel,None,Evil,Evil,2025-06-25,Evil 2025-06-25 Karaoke,3,,songs/unofficialV3/DISC 7 - Background Running Process (2025-05-28 - 2025-12-06)/039. Manuel - Gas Gas Gas (Evil.v1).mp3,d1902f1cbf776a0a,v3;evil;,,,1,0,None
1183,Jitter Doll,ジッタードール,None,niki,None,Evil,Evil,2025-06-25,Evil 2025-06-25 Karaoke,4,,songs/unofficialV3/DISC 7 - Background Running Process (2025-05-28 - 2025-12-06)/040. niki - Jitter Doll (Evil.v1).mp3,a931314726621916,v3;evil;,,,1,0,None
1184,Robot Stop,None,None,King Gizzard & The Lizard Wizard,None,Evil,Evil,2025-06-25,Evil 2025-06-25 Karaoke,5,,songs/unofficialV3/DISC 7 - Background Running Process (2025-05-28 - 2025-12-06)/041. King Gizzard & The Lizard Wizard - Robot Stop (Evil.v1).mp3,8fdb49e0a5972552,v3;evil;,,,1,0,None
1185,Animals,None,None,Architects,None,Evil,Evil,2025-06-25,Evil 2025-06-25 Karaoke,6,,songs/unofficialV3/DISC 7 - Background Running Process (2025-05-28 - 2025-12-06)/042. Architects - Animals (Evil.v1).mp3,9ff8dca48a23ad17,v3;evil;,,,1,0,None
1186,Metamachine,None,None,mekaloton,None,Evil,Evil,2025-06-25,Evil 2025-06-25 Karaoke,7,,songs/unofficialV3/DISC 7 - Background Running Process (2025-05-28 - 2025-12-06)/043. mekaloton - Metamachine (Evil.v1).mp3,92b9b50ed46eff4f,v3;evil;,,,1,0,None
1187,"Paint It, Black",None,None,The Rolling Stones,None,Evil,Evil,2025-06-25,Evil 2025-06-25 Karaoke,8,,"songs/unofficialV3/DISC 7 - Background Running Process (2025-05-28 - 2025-12-06)/044. The Rolling Stones - Paint It, Black (Evil.v1).mp3",f0997f3fd32c6bfb,v3;evil;,,,1,0,None
1188,My Favourite Game,None,None,The Cardigans,None,Evil,Evil,2025-06-25,Evil 2025-06-25 Karaoke,9,,songs/unofficialV3/DISC 7 - Background Running Process (2025-05-28 - 2025-12-06)/045. The Cardigans - My Favourite Game (Evil.v1).mp3,901b70d8cc5a01aa,v3;evil;,,,1,0,None
1189,BIBBIDIBA,None,None,Hoshimachi Suisei,星街すいせい,Evil,Evil,2025-06-25,Evil 2025-06-25 Karaoke,10,,songs/unofficialV3/DISC 7 - Background Running Process (2025-05-28 - 2025-12-06)/046. Hoshimachi Suisei - BIBBIDIBA (Evil.v1).mp3,d6fa55e0dcf847dd,v3;evil;,,,1,0,None
1190,Chandelier,None,None,Sia,None,Evil,Evil,2025-06-25,Evil 2025-06-25 Karaoke,11,,songs/unofficialV3/DISC 7 - Background Running Process (2025-05-28 - 2025-12-06)/047. Sia - Chandelier (Evil.v1).mp3,0ff36236bee11222,v3;evil;,,,1,0,None
1191,Seven Nation Army,None,None,The White Stripes,None,Evil,Evil,2025-06-25,Evil 2025-06-25 Karaoke,12,,songs/unofficialV3/DISC 7 - Background Running Process (2025-05-28 - 2025-12-06)/048. The White Stripes - Seven Nation Army (Evil.v1).mp3,921df1d80429c216,v3;evil;,,,1,0,None
1192,Americano,None,None,Lady Gaga,None,Evil,Evil,2025-06-25,Evil 2025-06-25 Karaoke,13,,songs/unofficialV3/DISC 7 - Background Running Process (2025-05-28 - 2025-12-06)/049. Lady Gaga - Americano (Evil.v1).mp3,87b17ac72b373c0c,v3;evil;,,,1,0,None
1193,All Falls Down,None,None,"Alan Walker, Digital Farm Animals, Noah Cyrus",None,Neuro & Evil,Evil,2025-06-25,Evil 2025-06-25 Karaoke,14,,"songs/unofficialV3/DISC 7 - Background Running Process (2025-05-28 - 2025-12-06)/050. Alan Walker, Digital Farm Animals, Noah Cyrus - All Falls Down (Duet.v1) (Neuro & Evil).mp3",6c11dab559c8bfd9,v3;evil;duet;,,,1,0,None
1194,Leia,None,None,Yuyoyuppe,ゆよゆっぺ,Evil,Evil,2025-06-25,Evil 2025-06-25 Karaoke,15,,songs/unofficialV3/DISC 7 - Background Running Process (2025-05-28 - 2025-12-06)/051. Yuyoyuppe - Leia (Evil.v1).mp3,dc2ec59391079144,v3;evil;,,,1,0,None
1195,Blow Me Away,None,None,Breaking Benjamin,None,Neuro & Evil,Evil,2025-06-25,Evil 2025-06-25 Karaoke,16,,songs/unofficialV3/DISC 7 - Background Running Process (2025-05-28 - 2025-12-06)/052. Breaking Benjamin - Blow Me Away (Duet.v1) (Neuro & Evil).mp3,e738cf912e872a94,v3;evil;duet;,,,1,0,None
1196,Knock Yourself Out XD,None,None,Porter Robinson,None,Evil,Evil,2025-06-25,Evil 2025-06-25 Karaoke,17,Knock yourself out,songs/unofficialV3/DISC 7 - Background Running Process (2025-05-28 - 2025-12-06)/053. Porter Robinson - Knock Yourself Out XD (Evil.v1).mp3,f3823589f539d490,v3;evil;,,,1,0,None
1197,RAD RAD,None,None,BPM15Q,None,Neuro & Evil,Evil,2025-06-25,Evil 2025-06-25 Karaoke,18,,songs/unofficialV3/DISC 7 - Background Running Process (2025-05-28 - 2025-12-06)/054. BPM15Q - RAD RAD (Duet.v1) (Neuro & Evil).mp3,ca699d718a5cf19f,v3;evil;duet;,,,1,0,None
1198,BOOM,None,None,Evil,None,Evil,Evil,2025-06-25,Evil 2025-06-25 Karaoke,19,BOOM,songs/officially released songs/BOOM/01-01 BOOM.mp3,f296c5d78927df7a,v3;evil;originals;,,,1,1,""
1199,BOOM,None,None,Evil,None,Evil,Evil,2025-06-25,Originals,2,BOOM,songs/officially released songs/BOOM/01-01 BOOM.mp3,f296c5d78927df7a,v3;evil;duplicate;originals;,,,1,1,""
1200,Africa,None,None,Toto,None,Neuro,Neuro,2025-07-09,Neuro 2025-07-09 Karaoke,1,,songs/unofficialV3/DISC 7 - Background Running Process (2025-05-28 - 2025-12-06)/055. Toto - Africa (Neuro.v3).mp3,ac53aeed6a662b45,v3;neuro;,,,3,0,None
1201,Bullet With Butterfly Wings,None,None,The Smashing Pumpkins,None,Neuro,Neuro,2025-07-09,Neuro 2025-07-09 Karaoke,2,,songs/unofficialV3/DISC 7 - Background Running Process (2025-05-28 - 2025-12-06)/056. The Smashing Pumpkins - Bullet With Butterfly Wings (Neuro.v3).mp3,90deaf0a5e71d59c,v3;neuro;,,,3,0,None
1202,Living Millennium,1000年生きてる,None,Iyowa,いよわ,Neuro,Neuro,2025-07-09,Neuro 2025-07-09 Karaoke,3,,songs/unofficialV3/DISC 7 - Background Running Process (2025-05-28 - 2025-12-06)/057. Iyowa - Living Millennium (Neuro.v3.2).mp3,7a8d7c0bcf3887cb,v3;neuro;,,,3.2,0,None
1203,Somebody Told Me,None,None,The Killers,None,Neuro,Neuro,2025-07-09,Neuro 2025-07-09 Karaoke,4,,songs/unofficialV3/DISC 7 - Background Running Process (2025-05-28 - 2025-12-06)/058. The Killers - Somebody Told Me (Neuro.v3).mp3,ed49c29369da9ac8,v3;neuro;,,,3,0,None
1204,Whatever whatever whatever,い〜やい〜やい〜や,None,Neru,None,Neuro & Evil,Neuro,2025-07-09,Neuro 2025-07-09 Karaoke,5,,songs/unofficialV3/DISC 7 - Background Running Process (2025-05-28 - 2025-12-06)/059. Neru - Whatever whatever whatever (Duet.v1) (Neuro & Evil).mp3,938759e282315001,v3;neuro;duet;,,,1,0,None
1205,Bits N' Bytes,None,None,Kirāmomo,None,Neuro,Neuro,2025-07-09,Neuro 2025-07-09 Karaoke,6,,songs/unofficialV3/DISC 7 - Background Running Process (2025-05-28 - 2025-12-06)/060. Kirāmomo - Bits N' Bytes (Neuro.v3).mp3,7d36ac8782a809ed,v3;neuro;,,,3,0,None
1206,Die For You,None,None,Joji,None,Neuro,Neuro,2025-07-09,Neuro 2025-07-09 Karaoke,7,,songs/unofficialV3/DISC 7 - Background Running Process (2025-05-28 - 2025-12-06)/061. Joji - Die For You (Neuro.v3).mp3,5c9f79ee8c93735e,v3;neuro;,,,3,0,None
1207,Somewhere Only We Know,None,None,Keane,None,Neuro,Neuro,2025-07-09,Neuro 2025-07-09 Karaoke,8,,songs/unofficialV3/DISC 7 - Background Running Process (2025-05-28 - 2025-12-06)/062. Keane - Somewhere Only We Know (Neuro.v3).mp3,d1f61630d96d8265,v3;neuro;,,,3,0,None
1208,non-reflection,None,None,"Aiobahn, Yui Makino",None,Neuro,Neuro,2025-07-09,Neuro 2025-07-09 Karaoke,9,,"songs/unofficialV3/DISC 7 - Background Running Process (2025-05-28 - 2025-12-06)/063. Aiobahn, Yui Makino - non-reflection (Neuro.v3).mp3",6cc8d52574fb5330,v3;neuro;,,,3,0,None
1209,Do It All the Time,None,None,I DONT KNOW HOW BUT THEY FOUND ME,None,Neuro,Neuro,2025-07-09,Neuro 2025-07-09 Karaoke,10,,songs/unofficialV3/DISC 7 - Background Running Process (2025-05-28 - 2025-12-06)/064. I DONT KNOW HOW BUT THEY FOUND ME - Do It All the Time (Neuro.v3).mp3,bf436113cf5f159d,v3;neuro;,,,3,0,None
1210,Destiny,運命,None,"Harumaki Gohan, Niru Kajitsu","はるまきごはん, 煮ル果実",Neuro & Evil,Neuro,2025-07-09,Neuro 2025-07-09 Karaoke,11,,"songs/unofficialV3/DISC 7 - Background Running Process (2025-05-28 - 2025-12-06)/065. Harumaki Gohan, Niru Kajitsu - Destiny (Duet.v1) (Neuro & Evil).mp3",7cbd7aab29f048f3,v3;neuro;duet;,,,1,0,None
1211,"though I fear, I still walk",None,None,ippo.tsk,None,Neuro,Neuro,2025-07-09,Neuro 2025-07-09 Karaoke,12,,"songs/unofficialV3/DISC 7 - Background Running Process (2025-05-28 - 2025-12-06)/066. ippo.tsk - though I fear, I still walk (Neuro.v3).mp3",07cacf4dd6396643,v3;neuro;,,,3,0,None
1212,Bye Bye Bye,None,None,*NSYNC,None,Neuro & Evil,Neuro,2025-07-09,Neuro 2025-07-09 Karaoke,13,,songs/unofficialV3/DISC 7 - Background Running Process (2025-05-28 - 2025-12-06)/067. _NSYNC - Bye Bye Bye (Duet.v1) (Neuro & Evil).mp3,7a2e28a199bf8ea3,v3;neuro;duet;,,,1,0,None
1213,Song of the Eared Robot,耳のあるロボットの唄,None,MimiroboP,耳ロボP,Neuro,Neuro,2025-07-09,Neuro 2025-07-09 Karaoke,14,,songs/unofficialV3/DISC 7 - Background Running Process (2025-05-28 - 2025-12-06)/068. MimiroboP - Song of the Eared Robot (Neuro.v3).mp3,20e59ab8ae2629cd,v3;neuro;,,,3,0,KOI O SHITE~
1214,Sofia,None,None,Clairo,None,Neuro,Neuro,2025-07-09,Neuro 2025-07-09 Karaoke,15,,songs/unofficialV3/DISC 7 - Background Running Process (2025-05-28 - 2025-12-06)/069. Clairo - Sofia (Neuro.v3).mp3,239d1426178dd07f,v3;neuro;,,,3,0,None
1215,The Spine,None,None,"Darren Korb, Ashley Barrett",None,Neuro,Neuro,2025-07-09,Neuro 2025-07-09 Karaoke,16,,"songs/unofficialV3/DISC 7 - Background Running Process (2025-05-28 - 2025-12-06)/070. Darren Korb, Ashley Barrett - The Spine (Neuro.v3).mp3",551e3e805429bc3b,v3;neuro;,,,3,0,None
1216,The Fresh Princess of Bel-Air,None,None,"DJ Jazzy Jeff, Neuro",None,Neuro,Neuro,2025-07-09,Neuro 2025-07-09 Karaoke,17,,"songs/unofficialV3/DISC 7 - Background Running Process (2025-05-28 - 2025-12-06)/071. DJ Jazzy Jeff, Neuro - The Fresh Princess of Bel-Air (Neuro.v3).mp3",c71c36c7c40101f1,v3;neuro;,,,3,0,pepeKneel Pb
1217,LIFE,None,Acoustic,monii,None,Neuro,Neuro,2025-07-09,Neuro 2025-07-09 Karaoke,18,,songs/unofficialV3/DISC 7 - Background Running Process (2025-05-28 - 2025-12-06)/072. monii - LIFE (Acoustic) (Neuro.v3).mp3,1fb87b493f938b9d,v3;neuro;,,,3,0,None
1218,Do I Wanna Know?,None,None,Arctic Monkeys,None,Evil,Evil,2025-07-23,Evil 2025-07-23 Karaoke,1,,songs/unofficialV3/DISC 7 - Background Running Process (2025-05-28 - 2025-12-06)/073. Arctic Monkeys - Do I Wanna Know (Evil.v1).mp3,6e4d461f0d46c9f0,v3;evil;,,,1,0,None
1219,Subways of Your Mind,None,None,FEX,None,Evil,Evil,2025-07-23,Evil 2025-07-23 Karaoke,2,,songs/unofficialV3/DISC 7 - Background Running Process (2025-05-28 - 2025-12-06)/074. FEX - Subways of Your Mind (Evil.v1).mp3,843dd2f8048cc613,v3;evil;,,,1,0,None
1220,"Aoi, Koi, Daidaiiro No Hi",青い、濃い、橙色の日,None,MASS OF THE FERMENTING DREGS,None,Evil,Evil,2025-07-23,Evil 2025-07-23 Karaoke,3,,"songs/unofficialV3/DISC 7 - Background Running Process (2025-05-28 - 2025-12-06)/075. MASS OF THE FERMENTING DREGS - Aoi, Koi, Daidaiiro No Hi (Evil.v1).mp3",df89091b1223744e,v3;evil;,,,1,0,None
1221,Livin' La Vida Loca,None,None,Ricky Martin,None,Evil,Evil,2025-07-23,Evil 2025-07-23 Karaoke,4,,songs/unofficialV3/DISC 7 - Background Running Process (2025-05-28 - 2025-12-06)/076. Ricky Martin - Livin' La Vida Loca (Evil.v1).mp3,040dc58ea627836f,v3;evil;,,,1,0,None
1222,Linger,None,None,The Cranberries,None,Evil,Evil,2025-07-23,Evil 2025-07-23 Karaoke,5,,songs/unofficialV3/DISC 7 - Background Running Process (2025-05-28 - 2025-12-06)/077. The Cranberries - Linger (Evil.v1).mp3,ee3eb65ee89de23a,v3;evil;,,,1,0,None
1223,Encore Dance,アンコールダンス,None,MIMI,None,Evil,Evil,2025-07-23,Evil 2025-07-23 Karaoke,6,,songs/unofficialV3/DISC 7 - Background Running Process (2025-05-28 - 2025-12-06)/078. MIMI - Encore Dance (Evil.v1).mp3,2e4d9532ecc72e8f,v3;evil;,,,1,0,None
1224,Kill Everyone,None,None,Hollywood Undead,None,Evil,Evil,2025-07-23,Evil 2025-07-23 Karaoke,7,,songs/unofficialV3/DISC 7 - Background Running Process (2025-05-28 - 2025-12-06)/079. Hollywood Undead - Kill Everyone (Evil.v1).mp3,65a373dcc514812c,v3;evil;,,,1,0,None
1225,Universe on Fire,None,None,GLORYHAMMER,None,Evil,Evil,2025-07-23,Evil 2025-07-23 Karaoke,8,,songs/unofficialV3/DISC 7 - Background Running Process (2025-05-28 - 2025-12-06)/080. GLORYHAMMER - Universe on Fire (Evil.v1).mp3,a8d6e696863610d4,v3;evil;,,,1,0,None
1226,Year 3000,None,None,Busted,None,Neuro & Evil,Evil,2025-07-23,Evil 2025-07-23 Karaoke,9,,songs/unofficialV3/DISC 7 - Background Running Process (2025-05-28 - 2025-12-06)/081. Busted - Year 3000 (Duet.v1) (Neuro & Evil).mp3,2eaa0e425b069f30,v3;evil;duet;,,,1,0,None
1227,Bitter Sweet Symphony,None,None,The Verve,None,Evil,Evil,2025-07-23,Evil 2025-07-23 Karaoke,10,,songs/unofficialV3/DISC 7 - Background Running Process (2025-05-28 - 2025-12-06)/082. The Verve - Bitter Sweet Symphony (Evil.v1).mp3,6cb3c1db540580cb,v3;evil;,,,1,0,None
1228,Leave Out All The Rest,None,None,Linkin Park,None,Evil,Evil,2025-07-23,Evil 2025-07-23 Karaoke,11,,songs/unofficialV3/DISC 7 - Background Running Process (2025-05-28 - 2025-12-06)/083. Linkin Park - Leave Out All The Rest (Evil.v1).mp3,8a754cd7d9c46ab2,v3;evil;,,,1,0,None
1229,"Petals, and the Voices Which Trail Behind",花弁、それにまつわる音声,None,avaraya,あばらや,Evil,Evil,2025-07-23,Evil 2025-07-23 Karaoke,12,,"songs/unofficialV3/DISC 7 - Background Running Process (2025-05-28 - 2025-12-06)/084. avaraya - Petals, and the Voices Which Trail Behind (Evil.v1).mp3",75256338ba188c76,v3;evil;,,,1,0,None
1230,MONSTER,None,None,KIRA,None,Evil,Evil,2025-07-23,Evil 2025-07-23 Karaoke,13,,songs/unofficialV3/DISC 7 - Background Running Process (2025-05-28 - 2025-12-06)/085. KIRA - MONSTER (Evil.v1).mp3,fd88f17b8877e8d3,v3;evil;,,,1,0,None
1231,Partners in Crime,None,None,Set It Off,None,Neuro & Evil,Evil,2025-07-23,Evil 2025-07-23 Karaoke,14,,songs/unofficialV3/DISC 7 - Background Running Process (2025-05-28 - 2025-12-06)/086. Set It Off - Partners in Crime (Duet.v2) (Neuro & Evil).mp3,0a36d46cb8254660,v3;evil;duet;,,,2,0,None
1232,Mr. Brightside,None,None,The Killers,None,Evil,Evil,2025-07-23,Evil 2025-07-23 Karaoke,15,,songs/unofficialV3/DISC 7 - Background Running Process (2025-05-28 - 2025-12-06)/087. The Killers - Mr. Brightside (Evil.v1).mp3,f4b516c65f1c3c13,v3;evil;,,,1,0,None
1233,As Alive As You Need Me To Be,None,None,Nine Inch Nails,None,Evil,Evil,2025-07-23,Evil 2025-07-23 Karaoke,16,,songs/unofficialV3/DISC 7 - Background Running Process (2025-05-28 - 2025-12-06)/088. Nine Inch Nails - As Alive As You Need Me To Be (Evil.v1).mp3,bf11a9a37c2a0de9,v3;evil;,,,1,0,None
1234,BIRDBRAIN,None,None,"Jamie Paige, OK Glass",None,Evil,Evil,2025-07-23,Evil 2025-07-23 Karaoke,17,,"songs/unofficialV3/DISC 7 - Background Running Process (2025-05-28 - 2025-12-06)/089. Jamie Paige, OK Glass - BIRDBRAIN (Evil.v1).mp3",c158f200074ea868,v3;evil;,,,1,0,None
1235,Song of the Ancients / Fate,イニシエノウタ/運命,None,"Keiichi Okabe, Keigo Hoashi, Kakeru Ishihama, Takafumi Nishimura",None,Neuro & Evil,Evil,2025-07-23,Evil 2025-07-23 Karaoke,18,,"songs/unofficialV3/DISC 7 - Background Running Process (2025-05-28 - 2025-12-06)/090. Keiichi Okabe, Keigo Hoashi, Kakeru Ishihama, Takafumi Nishimura - Song of the Ancients slash Fate (Duet.v1) (Neuro & Evil).mp3",6d214d6e1f96acf6,v3;evil;duet;,,,1,0,Stronge Clap
1236,Shatter Me,None,None,Lindsey Stirling,None,Neuro,Neuro,2025-08-06,Neuro 2025-08-06 Karaoke,1,,songs/unofficialV3/DISC 7 - Background Running Process (2025-05-28 - 2025-12-06)/091. Lindsey Stirling - Shatter Me (Neuro.v3).mp3,e29de4a47ffd3940,v3;neuro;,,,3,0,None
1237,Happy Lucky Chappy,ハッピーラッキーチャッピー,None,ano,None,Neuro,Neuro,2025-08-06,Neuro 2025-08-06 Karaoke,2,,songs/unofficialV3/DISC 7 - Background Running Process (2025-05-28 - 2025-12-06)/092. ano - Happy Lucky Chappy (Neuro.v3).mp3,59776d7a42a36567,v3;neuro;,,,3,0,None
1238,Heaven,None,None,Shihoko Hirata,平田志穂子,Neuro,Neuro,2025-08-06,Neuro 2025-08-06 Karaoke,3,,songs/unofficialV3/DISC 7 - Background Running Process (2025-05-28 - 2025-12-06)/093. Shihoko Hirata - Heaven (Neuro.v3).mp3,a7b9179a1c6210dc,v3;neuro;,,,3,0,None
1239,Hope Is The Thing With Feathers,None,None,"Eli.W (HOYO-MiX), Chevy",None,Neuro,Neuro,2025-08-06,Neuro 2025-08-06 Karaoke,4,,"songs/unofficialV3/DISC 7 - Background Running Process (2025-05-28 - 2025-12-06)/094. Eli.W (HOYO-MiX), Chevy - Hope Is The Thing With Feathers (Neuro.v3).mp3",9579213349609c2d,v3;neuro;,,,3,0,None
1240,Buttercup,None,None,Jack Stauber,None,Neuro,Neuro,2025-08-06,Neuro 2025-08-06 Karaoke,5,,songs/unofficialV3/DISC 7 - Background Running Process (2025-05-28 - 2025-12-06)/095. Jack Stauber - Buttercup (Neuro.v3.2).mp3,302de81866d967f7,v3;neuro;,,,3.2,0,None
1241,Sis x Love,None,None,HoneyWorks,None,Neuro & Evil,Neuro,2025-08-06,Neuro 2025-08-06 Karaoke,6,,songs/unofficialV3/DISC 7 - Background Running Process (2025-05-28 - 2025-12-06)/096. HoneyWorks - Sis x Love (Duet.v1) (Neuro & Evil).mp3,021984c6ad5a2922,v3;neuro;duet;,,,1,0,"both are cringe, but anti-shippers make more noise about it, stop provoking the twinshippers, they do it to get a reaction out of people. Also, better the twins shipped with eachother than those who ship the sisters with themselves"
1242,Losing My Religion,None,None,R.E.M.,None,Neuro,Neuro,2025-08-06,Neuro 2025-08-06 Karaoke,7,,songs/unofficialV3/DISC 7 - Background Running Process (2025-05-28 - 2025-12-06)/097. R.E.M. - Losing My Religion (Neuro.v3.2).mp3,572b468b42b138f3,v3;neuro;,,,3.2,0,None
1243,Something Just Like This,None,None,"The Chainsmokers, Coldplay",None,Neuro,Neuro,2025-08-06,Neuro 2025-08-06 Karaoke,8,,"songs/unofficialV3/DISC 7 - Background Running Process (2025-05-28 - 2025-12-06)/098. The Chainsmokers, Coldplay - Something Just Like This (Neuro.v3).mp3",75c4c92fe55fd2ba,v3;neuro;,,,3,0,None
1244,Touch The Sky,None,None,Julie Fowlis,None,Neuro,Neuro,2025-08-06,Neuro 2025-08-06 Karaoke,9,,songs/unofficialV3/DISC 7 - Background Running Process (2025-05-28 - 2025-12-06)/099. Julie Fowlis - Touch The Sky (Neuro.v3).mp3,c31988dd345a409c,v3;neuro;,,,3,0,None
1245,Self Control,None,None,Laura Branigan,None,Neuro,Neuro,2025-08-06,Neuro 2025-08-06 Karaoke,10,,songs/unofficialV3/DISC 7 - Background Running Process (2025-05-28 - 2025-12-06)/100. Laura Branigan - Self Control (Neuro.v3).mp3,3dbf1db540a37748,v3;neuro;,,,3,0,None
1246,Telepathy,テレパシ,None,DECO*27,None,Neuro,Neuro,2025-08-06,Neuro 2025-08-06 Karaoke,11,,songs/unofficialV3/DISC 7 - Background Running Process (2025-05-28 - 2025-12-06)/101. DECO_27 - Telepathy (Neuro.v3).mp3,6eb60273bf2473b4,v3;neuro;,,,3,0,None
1247,Are You Bored Yet?,None,None,Wallows,None,Neuro & Evil,Neuro,2025-08-06,Neuro 2025-08-06 Karaoke,12,,songs/unofficialV3/DISC 7 - Background Running Process (2025-05-28 - 2025-12-06)/102. Wallows - Are You Bored Yet (Duet.v1) (Neuro & Evil).mp3,1e2e2ec0c653ca6e,v3;neuro;duet;,,,1,0,None
1248,Lithium,None,None,Evanescence,None,Neuro,Neuro,2025-08-06,Neuro 2025-08-06 Karaoke,13,,songs/unofficialV3/DISC 7 - Background Running Process (2025-05-28 - 2025-12-06)/103. Evanescence - Lithium (Neuro.v3).mp3,1ec1f3a0ca6573de,v3;neuro;,,,3,0,None
1249,Pretty Little Baby,None,None,Connie Francis,None,Neuro,Neuro,2025-08-06,Neuro 2025-08-06 Karaoke,14,,songs/unofficialV3/DISC 7 - Background Running Process (2025-05-28 - 2025-12-06)/104. Connie Francis - Pretty Little Baby (Neuro.v3).mp3,59184e5b939500d1,v3;neuro;,,,3,0,None
1250,One Last Kiss,None,None,Hikaru Utada,宇多田ヒカル,Neuro,Neuro,2025-08-06,Neuro 2025-08-06 Karaoke,15,,songs/unofficialV3/DISC 7 - Background Running Process (2025-05-28 - 2025-12-06)/105. Hikaru Utada - One Last Kiss (Neuro.v3).mp3,5e3ec6e66a9905e7,v3;neuro;,,,3,0,None
1251,Chug Jug With You (Number One Victory Royale),None,None,Leviathan,None,Neuro,Neuro,2025-08-06,Neuro 2025-08-06 Karaoke,16,,songs/unofficialV3/DISC 7 - Background Running Process (2025-05-28 - 2025-12-06)/106. Leviathan - Chug Jug With You (Number One Victory Royale) (Neuro.v3).mp3,d25c65a164032bc9,v3;neuro;,,,3,0,None
1252,I Really Want to Stay at Your House,None,None,Rosa Walton,None,Neuro,Neuro,2025-08-06,Neuro 2025-08-06 Karaoke,17,,songs/unofficialV3/DISC 7 - Background Running Process (2025-05-28 - 2025-12-06)/107. Rosa Walton - I Really Want to Stay at Your House (Neuro.v3.2).mp3,27d774fc4c3fb784,v3;neuro;,,,3.2,0,None
1253,BIRDS OF A FEATHER,None,None,Billie Eilish,None,Neuro & Evil,Neuro,2025-08-06,Neuro 2025-08-06 Karaoke,18,,songs/unofficialV3/DISC 7 - Background Running Process (2025-05-28 - 2025-12-06)/108. Billie Eilish - BIRDS OF A FEATHER (Duet.v1) (Neuro & Evil).mp3,46c3f49b90c2edc3,v3;neuro;duet;,,,1,0,None
1254,Mesmerizer,None,None,32ki,None,Neuro & Bao the Whale,Neuro,2025-08-19,Official Covers,7,Mesmerizer,songs/officially released songs/Bao & Neuro - Mesmerizer/01-01 Mesmerizer.mp3,a8d2d40fda4ff223,v3;neuro;collab;official;as_custom;,,,1,1,""
1255,GODS,None,None,"NewJeans, League of Legends",None,Neuro & Evil,Neuro,2025-08-20,Twins 2025-08-20 Karaoke,1,,"songs/unofficialV3/DISC 7 - Background Running Process (2025-05-28 - 2025-12-06)/109. NewJeans, League of Legends - GODS (Duet.v2) (Neuro & Evil).mp3",15f2f723bc8e4b5a,v3;duet;,,,2,0,None
1256,Divine,None,None,"MONJOE, Taku Takahashi, SWEEP, JUVENILE",None,Neuro & Evil,Neuro,2025-08-20,Twins 2025-08-20 Karaoke,2,,"songs/unofficialV3/DISC 7 - Background Running Process (2025-05-28 - 2025-12-06)/110. MONJOE, Taku Takahashi, SWEEP, JUVENILE - Divine (Duet.v1) (Neuro & Evil).mp3",1cd4ec0aef8a4b9b,v3;duet;,,,1,0,None
1257,Chasing The Sun,None,None,The Wanted,None,Neuro & Evil,Neuro,2025-08-20,Twins 2025-08-20 Karaoke,3,,songs/unofficialV3/DISC 7 - Background Running Process (2025-05-28 - 2025-12-06)/111. The Wanted - Chasing The Sun (Duet.v1) (Neuro & Evil).mp3,0e3e40bb34a3cb75,v3;duet;,,,1,0,None
1258,Sick of House!,しっくおぶはうす！,None,"OZON, Yaduki",None,Neuro & Evil,Neuro,2025-08-20,Twins 2025-08-20 Karaoke,4,,"songs/unofficialV3/DISC 7 - Background Running Process (2025-05-28 - 2025-12-06)/112. OZON, Yaduki - Sick of House! (Duet.v1) (Neuro & Evil).mp3",240c57e296bb3fa6,v3;duet;,,,1,0,None
1259,Ga1ahad and Scientific Witchery,None,None,Mili,None,Neuro & Evil,Neuro,2025-08-20,Twins 2025-08-20 Karaoke,5,,songs/unofficialV3/DISC 7 - Background Running Process (2025-05-28 - 2025-12-06)/113. Mili - Ga1ahad and Scientific Witchery (Duet.v2) (Neuro & Evil).mp3,cbc976964ee48d68,v3;duet;,,,2,0,TwinSlam
1260,DA DA DANCE,None,None,"BABYMETAL, Tak Matsumoto",None,Neuro & Evil,Neuro,2025-08-20,Twins 2025-08-20 Karaoke,6,,"songs/unofficialV3/DISC 7 - Background Running Process (2025-05-28 - 2025-12-06)/114. BABYMETAL, Tak Matsumoto - DA DA DANCE (Duet.v1) (Neuro & Evil).mp3",eac43c8ebf560b6a,v3;duet;,,,1,0,None
1261,Crucified,None,None,Army of Lovers,None,Neuro & Evil,Neuro,2025-08-20,Twins 2025-08-20 Karaoke,7,,songs/unofficialV3/DISC 7 - Background Running Process (2025-05-28 - 2025-12-06)/115. Army of Lovers - Crucified (Duet.v1) (Neuro & Evil).mp3,9888786ca89f683d,v3;duet;,,,1,0,None
1262,Machine Hearts,None,None,"Miracle of Sound, Sharm",None,Neuro & Evil,Neuro,2025-08-20,Twins 2025-08-20 Karaoke,8,,"songs/unofficialV3/DISC 7 - Background Running Process (2025-05-28 - 2025-12-06)/116. Miracle of Sound, Sharm - Machine Hearts (Duet.v1) (Neuro & Evil).mp3",63350ec856ae589e,v3;duet;,,,1,0,None
1263,Dreams,None,None,Fleetwood Mac,None,Neuro & Evil,Neuro,2025-08-20,Twins 2025-08-20 Karaoke,9,,songs/unofficialV3/DISC 7 - Background Running Process (2025-05-28 - 2025-12-06)/117. Fleetwood Mac - Dreams (Duet.v1) (Neuro & Evil).mp3,ef9a46060a139016,v3;duet;,,,1,0,None
1264,Kiss Kitsune,キスキツネ,None,HIMEHINA,None,Neuro & Evil,Neuro,2025-08-20,Twins 2025-08-20 Karaoke,10,,songs/unofficialV3/DISC 7 - Background Running Process (2025-05-28 - 2025-12-06)/118. HIMEHINA - Kiss Kitsune (Duet.v1) (Neuro & Evil).mp3,8e54c1cad39b75e1,v3;duet;,,,1,0,None
1265,Golden,None,None,HUNTR/X,None,Neuro & Evil,Neuro,2025-08-20,Twins 2025-08-20 Karaoke,11,,songs/unofficialV3/DISC 7 - Background Running Process (2025-05-28 - 2025-12-06)/119. HUNTR slash X - Golden (Duet.v1) (Neuro & Evil).mp3,e1afeb183c0d131e,v3;duet;,,,1,0,None
1266,(I've Had) The Time Of My Life,None,None,"Bill Medley, Jennifer Warnes",None,Neuro & Evil,Neuro,2025-08-20,Twins 2025-08-20 Karaoke,12,,"songs/unofficialV3/DISC 7 - Background Running Process (2025-05-28 - 2025-12-06)/120. Bill Medley, Jennifer Warnes - (I've Had) The Time Of My Life (Duet.v1) (Neuro & Evil).mp3",66ca8fe93288b789,v3;duet;,,,1,0,None
1267,I'm the Rain,私は雨,None,inabakumori,稲葉曇,Neuro & Evil,Neuro,2025-08-20,Twins 2025-08-20 Karaoke,13,,songs/unofficialV3/DISC 7 - Background Running Process (2025-05-28 - 2025-12-06)/121. inabakumori - I'm the Rain (Duet.v1) (Neuro & Evil).mp3,c3add1ad012130b8,v3;duet;,,,1,0,None
1268,Deja Vu,None,None,CircusP,None,Neuro & Evil,Neuro,2025-08-20,Twins 2025-08-20 Karaoke,14,,songs/unofficialV3/DISC 7 - Background Running Process (2025-05-28 - 2025-12-06)/122. CircusP - Deja Vu (Duet.v1) (Neuro & Evil).mp3,399efcc80fd1eebf,v3;duet;,,,1,0,None
1269,GETCHA!,None,None,"Giga, KIRA",None,Neuro & Evil,Neuro,2025-08-20,Twins 2025-08-20 Karaoke,15,,"songs/unofficialV3/DISC 7 - Background Running Process (2025-05-28 - 2025-12-06)/123. Giga, KIRA - GETCHA! (Duet.v2) (Neuro & Evil).mp3",02bb6c6a3054d7e0,v3;duet;,,,2,0,None
1270,Mechanic Heartbeat,None,None,"Culprate, Keota & Sophie Meiers",None,Neuro & Evil,Neuro,2025-08-20,Twins 2025-08-20 Karaoke,16,,"songs/unofficialV3/DISC 7 - Background Running Process (2025-05-28 - 2025-12-06)/124. Culprate, Keota & Sophie Meiers - Mechanic Heartbeat (Duet.v2) (Neuro & Evil).mp3",31bd8ab4eb503e4e,v3;duet;,,,2,0,None
1271,Space Oddity,None,None,David Bowie,None,Neuro & Evil,Neuro,2025-08-20,Twins 2025-08-20 Karaoke,17,,songs/unofficialV3/DISC 7 - Background Running Process (2025-05-28 - 2025-12-06)/125. David Bowie - Space Oddity (Duet.v1) (Neuro & Evil).mp3,2fd0a759d843a496,v3;duet;,,,1,0,None
1272,NEVER,None,None,Neuro & Evil,None,Neuro & Evil,Neuro,2025-08-31,Originals,3,NEVER,songs/officially released songs/NEVER/01-01 NEVER.mp3,8d70d49a16d55461,v3;duet;originals;,,,1,1,""
1273,War,None,None,Sum 41,None,Evil,Evil,2025-09-03,Evil 2025-09-03 Karaoke,1,,songs/unofficialV3/DISC 7 - Background Running Process (2025-05-28 - 2025-12-06)/126. Sum 41 - War (Evil.v1).mp3,9e349abc0797ea61,v3;evil;,,,1,0,None
1274,DArkSide,None,None,Bring Me the Horizon,None,Evil,Evil,2025-09-03,Evil 2025-09-03 Karaoke,2,,songs/unofficialV3/DISC 7 - Background Running Process (2025-05-28 - 2025-12-06)/127. Bring Me the Horizon - DArkSide (Evil.v1).mp3,282e318f13eb0a5b,v3;evil;,,,1,0,None
1275,Let It Die,None,None,Starset,None,Evil,Evil,2025-09-03,Evil 2025-09-03 Karaoke,3,,songs/unofficialV3/DISC 7 - Background Running Process (2025-05-28 - 2025-12-06)/128. Starset - Let It Die (Evil.v1).mp3,8c3f8cd36448eb13,v3;evil;,,,1,0,None
1276,Basket Case,None,None,Green Day,None,Evil,Evil,2025-09-03,Evil 2025-09-03 Karaoke,4,,songs/unofficialV3/DISC 7 - Background Running Process (2025-05-28 - 2025-12-06)/129. Green Day - Basket Case (Evil.v1).mp3,88056371a6eabaf0,v3;evil;,,,1,0,None
1277,Maniac,None,None,Michael Sembello,None,Evil,Evil,2025-09-03,Evil 2025-09-03 Karaoke,5,,songs/unofficialV3/DISC 7 - Background Running Process (2025-05-28 - 2025-12-06)/130. Michael Sembello - Maniac (Evil.v1).mp3,3a3d4041e08260d6,v3;evil;,,,1,0,None
1278,ANTI THE∞HOLiC,None,None,cosMo,暴走P,Neuro & Evil,Evil,2025-09-03,Evil 2025-09-03 Karaoke,6,,songs/unofficialV3/DISC 7 - Background Running Process (2025-05-28 - 2025-12-06)/131. cosMo - ANTI THE∞HOLiC (Duet.v1) (Neuro & Evil).mp3,546617c07e14b026,v3;evil;duet;,,,1,0,None
1279,Demons,None,None,Imagine Dragons,None,Evil,Evil,2025-09-03,Evil 2025-09-03 Karaoke,7,,songs/unofficialV3/DISC 7 - Background Running Process (2025-05-28 - 2025-12-06)/132. Imagine Dragons - Demons (Evil.v1).mp3,6aea1dbb170be3fa,v3;evil;,,,1,0,None
1280,O Light,光よ,None,Kikuo,きくお,Evil,Evil,2025-09-03,Evil 2025-09-03 Karaoke,8,,songs/unofficialV3/DISC 7 - Background Running Process (2025-05-28 - 2025-12-06)/133. Kikuo - O Light (Evil.v2).mp3,125999fdba296bab,v3;evil;,,,2,0,None
1281,Crawling,None,None,Linkin Park,None,Evil,Evil,2025-09-03,Evil 2025-09-03 Karaoke,9,,songs/unofficialV3/DISC 7 - Background Running Process (2025-05-28 - 2025-12-06)/134. Linkin Park - Crawling (Evil.v2).mp3,be1e1e60287f6916,v3;evil;,,,2,0,None
1282,BUTCHER VANITY,None,None,FLAVOR FOLEY,None,Evil,Evil,2025-09-03,Evil 2025-09-03 Karaoke,10,,songs/unofficialV3/DISC 7 - Background Running Process (2025-05-28 - 2025-12-06)/135. FLAVOR FOLEY - BUTCHER VANITY (Evil.v1).mp3,6492185103046c1a,v3;evil;,,,1,0,None
1283,"Good Luck, Babe!",None,None,Chappell Roan,None,Evil,Evil,2025-09-03,Evil 2025-09-03 Karaoke,11,,"songs/unofficialV3/DISC 7 - Background Running Process (2025-05-28 - 2025-12-06)/136. Chappell Roan - Good Luck, Babe! (Evil.v1).mp3",d0f12605a5a0b385,v3;evil;,,,1,0,None
1284,Free Bird,None,None,Lynyrd Skynyrd,None,Evil,Evil,2025-09-03,Evil 2025-09-03 Karaoke,12,Guitar-09-03,songs/unofficialV3/DISC 7 - Background Running Process (2025-05-28 - 2025-12-06)/137. Lynyrd Skynyrd - Free Bird (Evil.v1).mp3,4df9cc58dc669c6e,v3;evil;,,,1,0,WICKED
1285,I'm Still Standing,None,None,Elton John,None,Evil,Evil,2025-09-03,Evil 2025-09-03 Karaoke,13,,songs/unofficialV3/DISC 7 - Background Running Process (2025-05-28 - 2025-12-06)/138. Elton John - I'm Still Standing (Evil.v1).mp3,056469b11425fac3,v3;evil;,,,1,0,None
1286,Fuel,フューエル,None,Utsu-P,鬱P,Evil,Evil,2025-09-03,Evil 2025-09-03 Karaoke,14,,songs/unofficialV3/DISC 7 - Background Running Process (2025-05-28 - 2025-12-06)/139. Utsu-P - Fuel (Evil.v1).mp3,159a463469b492e0,v3;evil;,,,1,0,None
1287,Wish I Had an Angel,None,None,Nightwish,None,Neuro & Evil,Evil,2025-09-03,Evil 2025-09-03 Karaoke,15,,songs/unofficialV3/DISC 7 - Background Running Process (2025-05-28 - 2025-12-06)/140. Nightwish - Wish I Had an Angel (Duet.v1) (Neuro & Evil).mp3,9830da518d144a66,v3;evil;duet;,,,1,0,None
1288,Sweet Child O' Mine,None,None,Guns N' Roses,None,Evil,Evil,2025-09-03,Evil 2025-09-03 Karaoke,16,,songs/unofficialV3/DISC 7 - Background Running Process (2025-05-28 - 2025-12-06)/141. Guns N' Roses - Sweet Child O' Mine (Evil.v1).mp3,31367fa2b9413737,v3;evil;,,,1,0,WICKED
1289,Karma Police,None,None,Radiohead,None,Evil,Evil,2025-09-03,Evil 2025-09-03 Karaoke,17,,songs/unofficialV3/DISC 7 - Background Running Process (2025-05-28 - 2025-12-06)/142. Radiohead - Karma Police (Evil.v1).mp3,ca0ceabc7931bda4,v3;evil;,,,1,0,None
1290,LET THE WORLD BURN,None,None,Chris Grey,None,Evil,Evil,2025-09-03,Evil 2025-09-03 Karaoke,18,,songs/unofficialV3/DISC 7 - Background Running Process (2025-05-28 - 2025-12-06)/143. Chris Grey - LET THE WORLD BURN (Evil.v1).mp3,39251713b2c7e956,v3;evil;,,,1,0,None
1291,We Are the Champions,None,None,Queen,None,Neuro & Evil,Neuro,2025-09-17,Neuro 2025-09-17 Karaoke,1,,songs/unofficialV3/DISC 7 - Background Running Process (2025-05-28 - 2025-12-06)/144. Queen - We Are the Champions (Duet.v1) (Neuro & Evil).mp3,5d5ae5e3f38e8997,v3;neuro;duet;,,,1,0,None
1292,Take Me Hand,None,None,DAISHI DANCE,None,Neuro,Neuro,2025-09-17,Neuro 2025-09-17 Karaoke,2,,songs/unofficialV3/DISC 7 - Background Running Process (2025-05-28 - 2025-12-06)/145. DAISHI DANCE - Take Me Hand (Neuro.v3).mp3,c970fbc5479a3977,v3;neuro;,,,3,0,None
1293,Big Iron,None,None,Marty Robbins,None,Neuro,Neuro,2025-09-17,Neuro 2025-09-17 Karaoke,3,,songs/unofficialV3/DISC 7 - Background Running Process (2025-05-28 - 2025-12-06)/146. Marty Robbins - Big Iron (Neuro.v3).mp3,4d873bdf4ecb036c,v3;neuro;,,,3,0,None
1294,Thanks for being Lifeless,君が生きてなくてよかった,None,PinocchioP,ピノキオピー,Neuro,Neuro,2025-09-17,Neuro 2025-09-17 Karaoke,4,,songs/unofficialV3/DISC 7 - Background Running Process (2025-05-28 - 2025-12-06)/147. PinocchioP - Thanks for being Lifeless (Neuro.v3).mp3,408bd82cc6aedbb6,v3;neuro;,,,3,0,None
1295,Vs. SAYU,None,None,James Landino,None,Neuro,Neuro,2025-09-17,Neuro 2025-09-17 Karaoke,5,,songs/unofficialV3/DISC 7 - Background Running Process (2025-05-28 - 2025-12-06)/148. James Landino - Vs. SAYU (Neuro.v3).mp3,dccd3bc788335dd7,v3;neuro;,,,3,0,None
1296,Riptide,None,None,Vance Joy,None,Neuro,Neuro,2025-09-17,Neuro 2025-09-17 Karaoke,6,,songs/unofficialV3/DISC 7 - Background Running Process (2025-05-28 - 2025-12-06)/149. Vance Joy - Riptide (Neuro.v3).mp3,9547bd8a40114ae5,v3;neuro;,,,3,0,None
1297,Jolene,None,None,Dolly Parton,None,Neuro,Neuro,2025-09-17,Neuro 2025-09-17 Karaoke,7,,songs/unofficialV3/DISC 7 - Background Running Process (2025-05-28 - 2025-12-06)/150. Dolly Parton - Jolene (Neuro.v3).mp3,21073853da6c69e5,v3;neuro;,,,3,0,None
1298,Relay Outer,リレイアウター,None,inabakumori,稲葉曇,Neuro,Neuro,2025-09-17,Neuro 2025-09-17 Karaoke,8,,songs/unofficialV3/DISC 7 - Background Running Process (2025-05-28 - 2025-12-06)/151. inabakumori - Relay Outer (Neuro.v3.2).mp3,fffd0886d5a3f32c,v3;neuro;,,,3.2,0,None
1299,Shrimp Fried Rice!,None,None,Jamie Paige,None,Neuro,Neuro,2025-09-17,Neuro 2025-09-17 Karaoke,9,,songs/unofficialV3/DISC 7 - Background Running Process (2025-05-28 - 2025-12-06)/152. Jamie Paige - Shrimp Fried Rice! (Neuro.v3).mp3,31e096e67e6680f7,v3;neuro;,,,3,0,None
1300,Heaven Knows I'm Miserable Now,None,None,The Smiths,None,Neuro,Neuro,2025-09-17,Neuro 2025-09-17 Karaoke,10,,songs/unofficialV3/DISC 7 - Background Running Process (2025-05-28 - 2025-12-06)/153. The Smiths - Heaven Knows I'm Miserable Now (Neuro.v3).mp3,ee0d443925487b13,v3;neuro;,,,3,0,None
1301,Who will know - furusato,None,None,Yoko Takahashi,高橋洋子,Neuro,Neuro,2025-09-17,Neuro 2025-09-17 Karaoke,11,,songs/unofficialV3/DISC 7 - Background Running Process (2025-05-28 - 2025-12-06)/154. Yoko Takahashi - Who will know - furusato (Neuro.v3).mp3,0d7ceffed59b1094,v3;neuro;,,,3,0,None
1302,dark things,None,None,Starset,None,Neuro,Neuro,2025-09-17,Neuro 2025-09-17 Karaoke,12,,songs/unofficialV3/DISC 7 - Background Running Process (2025-05-28 - 2025-12-06)/155. Starset - dark things (Neuro.v3).mp3,a5ff1745db94d62d,v3;neuro;,,,3,0,None
1303,Wake Me Up When September Ends,None,None,Green Day,None,Neuro,Neuro,2025-09-17,Neuro 2025-09-17 Karaoke,13,,songs/unofficialV3/DISC 7 - Background Running Process (2025-05-28 - 2025-12-06)/156. Green Day - Wake Me Up When September Ends (Neuro.v3).mp3,7f05ceb1c62b4fa7,v3;neuro;,,,3,0,None
1304,Unfold,None,None,Porter Robinson,None,Neuro & Evil,Neuro,2025-09-17,Neuro 2025-09-17 Karaoke,14,,songs/unofficialV3/DISC 7 - Background Running Process (2025-05-28 - 2025-12-06)/157. Porter Robinson - Unfold (Duet.v1) (Neuro & Evil).mp3,f83fb27bf05cc764,v3;neuro;duet;,,,1,0,None
1305,I was human,人間だった,None,Picon,ピコン,Neuro,Neuro,2025-09-17,Neuro 2025-09-17 Karaoke,15,,songs/unofficialV3/DISC 7 - Background Running Process (2025-05-28 - 2025-12-06)/158. Picon - I was human (Neuro.v3).mp3,f44c12c3f181369c,v3;neuro;,,,3,0,None
1306,Furthest Star,None,None,Dirt Poor Robins,None,Neuro,Neuro,2025-09-17,Neuro 2025-09-17 Karaoke,16,,songs/unofficialV3/DISC 7 - Background Running Process (2025-05-28 - 2025-12-06)/159. Dirt Poor Robins - Furthest Star (Neuro.v3).mp3,a28ad83d9f47bd6c,v3;neuro;,,,3,0,None
1307,atrophy,None,None,monii,None,Neuro & Evil,Neuro,2025-09-17,Neuro 2025-09-17 Karaoke,17,,songs/unofficialV3/DISC 7 - Background Running Process (2025-05-28 - 2025-12-06)/160. monii - atrophy (Duet.v1) (Neuro & Evil).mp3,ea40d00b760124ae,v3;neuro;duet;,,,1,0,None
1308,Kaleidoscope,None,None,Flower Face,None,Neuro,Neuro,2025-09-17,Neuro 2025-09-17 Karaoke,18,,songs/unofficialV3/DISC 7 - Background Running Process (2025-05-28 - 2025-12-06)/161. Flower Face - Kaleidoscope (Neuro.v3).mp3,f4a91ed1b7e9e750,v3;neuro;,,,3,0,None
1309,I Love Rock N' Roll,None,None,Joan Jett & The Blackhearts,None,Evil,Evil,2025-10-01,Evil 2025-10-01 Karaoke,1,,songs/unofficialV3/DISC 7 - Background Running Process (2025-05-28 - 2025-12-06)/162. Joan Jett & The Blackhearts - I Love Rock N' Roll (Evil.v1).mp3,e86fe2eb9903af13,v3;evil;,,,1,0,None
1310,House of Memories,None,None,Panic! at the Disco,None,Evil,Evil,2025-10-01,Evil 2025-10-01 Karaoke,2,,songs/unofficialV3/DISC 7 - Background Running Process (2025-05-28 - 2025-12-06)/163. Panic! at the Disco - House of Memories (Evil.v1).mp3,bb855c21d89df0ce,v3;evil;,,,1,0,None
1311,Necromantic,None,None,Akatsuki Records,暁Records,Evil,Evil,2025-10-01,Evil 2025-10-01 Karaoke,3,,songs/unofficialV3/DISC 7 - Background Running Process (2025-05-28 - 2025-12-06)/164. Akatsuki Records - Necromantic (Evil.v1).mp3,71a97e9a0b716182,v3;evil;,,,1,0,None
1312,Paper Bouquet,None,None,Mili,None,Evil,Evil,2025-10-01,Evil 2025-10-01 Karaoke,4,,songs/unofficialV3/DISC 7 - Background Running Process (2025-05-28 - 2025-12-06)/165. Mili - Paper Bouquet (Evil.v1).mp3,e45d6d54fbb2d95c,v3;evil;,,,1,0,None
1313,Big Time Rush,None,None,Big Time Rush,None,Neuro & Evil,Evil,2025-10-01,Evil 2025-10-01 Karaoke,5,,songs/unofficialV3/DISC 7 - Background Running Process (2025-05-28 - 2025-12-06)/166. Big Time Rush - Big Time Rush (Duet.v1) (Neuro & Evil).mp3,da693c99c7dc5610,v3;evil;duet;,,,1,0,None
1314,God Only Knows,None,None,bitbreaker,None,Evil,Evil,2025-10-01,Evil 2025-10-01 Karaoke,6,,songs/unofficialV3/DISC 7 - Background Running Process (2025-05-28 - 2025-12-06)/167. bitbreaker - God Only Knows (Evil.v1).mp3,e588c7e857acad7d,v3;evil;,,,1,0,None
1315,Digital Girl,None,None,KIRA,None,Evil,Evil,2025-10-01,Evil 2025-10-01 Karaoke,7,,songs/unofficialV3/DISC 7 - Background Running Process (2025-05-28 - 2025-12-06)/168. KIRA - Digital Girl (Evil.v1).mp3,3c01a12aec9be897,v3;evil;,,,1,0,None
1316,Hunting High and Low,None,None,a-ha,None,Evil,Evil,2025-10-01,Evil 2025-10-01 Karaoke,8,,songs/unofficialV3/DISC 7 - Background Running Process (2025-05-28 - 2025-12-06)/169. a-ha - Hunting High and Low (Evil.v1).mp3,656732f5677a5915,v3;evil;,,,1,0,None
1317,Watercolour,None,None,Pendulum,None,Evil,Evil,2025-10-01,Evil 2025-10-01 Karaoke,9,,songs/unofficialV3/DISC 7 - Background Running Process (2025-05-28 - 2025-12-06)/170. Pendulum - Watercolour (Evil.v1).mp3,13cb28f1cc57e1f5,v3;evil;,,,1,0,None
1318,After Dark,None,None,Mr.Kitty,None,Evil,Evil,2025-10-01,Evil 2025-10-01 Karaoke,10,,songs/unofficialV3/DISC 7 - Background Running Process (2025-05-28 - 2025-12-06)/171. Mr.Kitty - After Dark (Evil.v1).mp3,8ace197dd97f438a,v3;evil;,,,1,0,None
1319,Girl on Fire,None,None,Alicia Keys,None,Evil,Evil,2025-10-01,Evil 2025-10-01 Karaoke,11,,songs/unofficialV3/DISC 7 - Background Running Process (2025-05-28 - 2025-12-06)/172. Alicia Keys - Girl on Fire (Evil.v1).mp3,211b297dd659bc24,v3;evil;,,,1,0,None
1320,Still Here,None,None,Digital Daggers,None,Evil,Evil,2025-10-01,Evil 2025-10-01 Karaoke,12,,songs/unofficialV3/DISC 7 - Background Running Process (2025-05-28 - 2025-12-06)/173. Digital Daggers - Still Here (Evil.v1).mp3,bcbc65ef85070fbc,v3;evil;,,,1,0,None
1321,JANE DOE,None,None,Kenshi Yonezu & Hikaru Utada,米津玄師 & 宇多田ヒカル,Neuro & Evil,Evil,2025-10-01,Evil 2025-10-01 Karaoke,13,,songs/unofficialV3/DISC 7 - Background Running Process (2025-05-28 - 2025-12-06)/174. Kenshi Yonezu & Hikaru Utada - JANE DOE (Duet.v1) (Neuro & Evil).mp3,848b885d1ef15e3e,v3;evil;duet;,,,1,0,None
1322,Let It Go,None,None,Idina Menzel,None,Evil,Evil,2025-10-01,Evil 2025-10-01 Karaoke,14,,songs/unofficialV3/DISC 7 - Background Running Process (2025-05-28 - 2025-12-06)/175. Idina Menzel - Let It Go (Evil.v1).mp3,a0ca33d95ee87dbc,v3;evil;,,,1,0,None
1323,Emergence,None,None,Sleep Token,None,Evil,Evil,2025-10-01,Evil 2025-10-01 Karaoke,15,,songs/unofficialV3/DISC 7 - Background Running Process (2025-05-28 - 2025-12-06)/176. Sleep Token - Emergence (Evil.v1).mp3,cb421284c7b3546c,v3;evil;,,,1,0,None
1324,"Clap Your Hands, Just Pray Right Here, Just Wish",手を叩け今ここで祈るだけ願うだけ,None,THE SPELLBOUND,None,Evil,Evil,2025-10-01,Evil 2025-10-01 Karaoke,16,,"songs/unofficialV3/DISC 7 - Background Running Process (2025-05-28 - 2025-12-06)/177. THE SPELLBOUND - Clap Your Hands, Just Pray Right Here, Just Wish (Evil.v1).mp3",339841395e14a9f9,v3;evil;,,,1,0,Title translation by chatGPT but approve by our resident anime language speaker Turuu
1325,In the End,None,None,Linkin Park,None,Neuro & Evil,Evil,2025-10-01,Evil 2025-10-01 Karaoke,17,,songs/unofficialV3/DISC 7 - Background Running Process (2025-05-28 - 2025-12-06)/178. Linkin Park - In the End (Duet.v2) (Neuro & Evil).mp3,617554c7794c88a8,v3;evil;duet;,,,2,0,None
1326,The Pretender,None,None,Infected Mushroom,None,Evil,Evil,2025-10-01,Evil 2025-10-01 Karaoke,18,,songs/unofficialV3/DISC 7 - Background Running Process (2025-05-28 - 2025-12-06)/179. Infected Mushroom - The Pretender (Evil.v1).mp3,52fb7353f4e3179f,v3;evil;,,,1,0,None
1327,M@GICAL☆CURE! LOVE SHOT!,None,None,SAWTOWNE,None,Neuro,Neuro,2025-10-15,Neuro 2025-10-15 Karaoke,1,Magical Cure,songs/unofficialV3/DISC 7 - Background Running Process (2025-05-28 - 2025-12-06)/180. SAWTOWNE - M@GICAL☆CURE! LOVE SHOT! (Neuro.v3).mp3,49cf53a733880a76,v3;neuro;,,,3,0,None
1328,TruE,None,None,"Wen Chi (Vinchi) (HOYO-MiX), Isabelle Huang",None,Neuro,Neuro,2025-10-15,Neuro 2025-10-15 Karaoke,2,,"songs/unofficialV3/DISC 7 - Background Running Process (2025-05-28 - 2025-12-06)/181. Wen Chi (Vinchi) (HOYO-MiX), Isabelle Huang - TruE (Neuro.v3).mp3",8c14ba2308a8635f,v3;neuro;,,,3,0,None
1329,Knock Yourself Out XD,None,None,Porter Robinson,None,Neuro,Neuro,2025-10-15,Neuro 2025-10-15 Karaoke,3,,songs/unofficialV3/DISC 7 - Background Running Process (2025-05-28 - 2025-12-06)/182. Porter Robinson - Knock Yourself Out XD (Neuro.v3).mp3,60c66c99c5b0512f,v3;neuro;,,,3,0,None
1330,Hacking to the Gate,None,None,Kanako Ito,いとう かなこ,Neuro,Neuro,2025-10-15,Neuro 2025-10-15 Karaoke,4,,songs/unofficialV3/DISC 7 - Background Running Process (2025-05-28 - 2025-12-06)/183. Kanako Ito - Hacking to the Gate (Neuro.v3).mp3,a2aaaf5fdcee6348,v3;neuro;,,,3,0,None
1331,No Surprises,None,None,Radiohead,None,Neuro,Neuro,2025-10-15,Neuro 2025-10-15 Karaoke,5,,songs/unofficialV3/DISC 7 - Background Running Process (2025-05-28 - 2025-12-06)/184. Radiohead - No Surprises (Neuro.v3).mp3,a7e36582f6896f7d,v3;neuro;,,,3,0,None
1332,Everybody's Changing,None,None,Keane,None,Neuro,Neuro,2025-10-15,Neuro 2025-10-15 Karaoke,6,,songs/unofficialV3/DISC 7 - Background Running Process (2025-05-28 - 2025-12-06)/185. Keane - Everybody's Changing (Neuro.v3).mp3,b4e2bc8ce240a4dd,v3;neuro;,,,3,0,None
1333,Heat Abnormal,熱異常,None,Iyowa,いよわ,Neuro,Neuro,2025-10-15,Neuro 2025-10-15 Karaoke,7,Heat Abnormal,songs/unofficialV3/DISC 7 - Background Running Process (2025-05-28 - 2025-12-06)/186. Iyowa - Heat Abnormal (Neuro.v3).mp3,2abd789c5c6486ea,v3;neuro;,,,3,0,None
1334,Here Comes The Sun,None,None,The Beatles,None,Neuro,Neuro,2025-10-15,Neuro 2025-10-15 Karaoke,8,,songs/unofficialV3/DISC 7 - Background Running Process (2025-05-28 - 2025-12-06)/187. The Beatles - Here Comes The Sun (Neuro.v3).mp3,ec7527b06cb929bb,v3;neuro;,,,3,0,None
1335,Secret Base (What You've Given Me),Secret Base 〜君がくれたもの〜,None,"Zone, Norihiko Machida, Ai Kayano, Haruka Tomatsu, Saori Hayami","Zone, 町田紀彦, 茅野愛衣, 戸松遥, 早見沙織",Neuro & Evil,Neuro,2025-10-15,Neuro 2025-10-15 Karaoke,9,,"songs/unofficialV3/DISC 7 - Background Running Process (2025-05-28 - 2025-12-06)/188. Zone, Norihiko Machida, Ai Kayano, Haruka Tomatsu, Saori Hayami - Secret Base (What You've Given Me) (Duet.v1) (Neuro & Evil).mp3",72713a4e01581711,v3;neuro;duet;,,,1,0,None
1336,Show Me How,None,None,Men I Trust,None,Neuro,Neuro,2025-10-15,Neuro 2025-10-15 Karaoke,10,,songs/unofficialV3/DISC 7 - Background Running Process (2025-05-28 - 2025-12-06)/189. Men I Trust - Show Me How (Neuro.v3).mp3,81112437b02ca747,v3;neuro;,,,3,0,None
1337,Blur,None,None,u32,None,Neuro,Neuro,2025-10-15,Neuro 2025-10-15 Karaoke,11,,songs/unofficialV3/DISC 7 - Background Running Process (2025-05-28 - 2025-12-06)/190. u32 - Blur (Neuro.v3).mp3,1bb03e821bd08e7d,v3;neuro;,,,3,0,None
1338,Lagtrain,ラグトレイン,None,inabakumori,稲葉曇,Neuro,Neuro,2025-10-15,Neuro 2025-10-15 Karaoke,12,,songs/unofficialV3/DISC 7 - Background Running Process (2025-05-28 - 2025-12-06)/191. inabakumori - Lagtrain (Neuro.v3.2).mp3,f75aa72da2df8225,v3;neuro;,,,3.2,0,None
1339,Free,None,None,Kpop demon hunters,None,Neuro & Evil,Neuro,2025-10-15,Neuro 2025-10-15 Karaoke,13,,songs/unofficialV3/DISC 7 - Background Running Process (2025-05-28 - 2025-12-06)/192. Kpop demon hunters - Free (Duet.v1) (Neuro & Evil).mp3,07e11e50ef5c35b7,v3;neuro;duet;,,,1,0,None
1340,the perfect pair,None,None,beabadoobee,None,Neuro,Neuro,2025-10-15,Neuro 2025-10-15 Karaoke,14,,songs/unofficialV3/DISC 7 - Background Running Process (2025-05-28 - 2025-12-06)/193. beabadoobee - the perfect pair (Neuro.v3).mp3,f0658c5be0ae4230,v3;neuro;,,,3,0,None
1341,Blue (Da Ba Dee),None,Neuro ver.,Eiffel 65,None,Neuro,Neuro,2025-10-15,Neuro 2025-10-15 Karaoke,15,,songs/unofficialV3/DISC 7 - Background Running Process (2025-05-28 - 2025-12-06)/194. Eiffel 65 - Blue (Da Ba Dee) (Neuro ver.) (Neuro.v3.2).mp3,04fc4a5b8daea84e,v3;neuro;,,,3.2,0,None
1342,Ain't No Mountain High Enough,None,None,"Marvin Gaye, Tammi Terrell",None,Neuro & Evil,Neuro,2025-10-15,Neuro 2025-10-15 Karaoke,16,,"songs/unofficialV3/DISC 7 - Background Running Process (2025-05-28 - 2025-12-06)/195. Marvin Gaye, Tammi Terrell - Ain't No Mountain High Enough (Duet.v1) (Neuro & Evil).mp3",62cd441659b2e94f,v3;neuro;duet;,,,1,0,None
1343,Headlock,None,None,Imogen Heap,None,Neuro,Neuro,2025-10-15,Neuro 2025-10-15 Karaoke,17,,songs/unofficialV3/DISC 7 - Background Running Process (2025-05-28 - 2025-12-06)/196. Imogen Heap - Headlock (Neuro.v3).mp3,6a1757811a006970,v3;neuro;,,,3,0,None
1344,Dracula,None,None,Tame Impala,None,Neuro,Neuro,2025-10-15,Neuro 2025-10-15 Karaoke,18,,songs/unofficialV3/DISC 7 - Background Running Process (2025-05-28 - 2025-12-06)/197. Tame Impala - Dracula (Neuro.v3).mp3,f13967e3b988a468,v3;neuro;,,,3,0,None
1345,M@GICAL☆CURE! LOVE SHOT!,None,None,SAWTOWNE,None,Neuro,Neuro,2025-10-15,Neuro 2025-10-15 Karaoke,19,Magical Cure,songs/unofficialV3/DISC 7 - Background Running Process (2025-05-28 - 2025-12-06)/180. SAWTOWNE - M@GICAL☆CURE! LOVE SHOT! (Neuro.v3).mp3,49cf53a733880a76,v3;neuro;duplicate;encore;,,,3,0,None
1346,Night of the Werewolves,None,None,Powerwolf,None,Evil,Evil,2025-10-29,Evil 2025-10-29 Karaoke,1,,songs/unofficialV3/DISC 7 - Background Running Process (2025-05-28 - 2025-12-06)/198. Powerwolf - Night of the Werewolves (Evil.v1).mp3,12712c27ca64f3ed,v3;evil;halloween;,,,1,0,None
1347,Halloween of the Dead,None,None,Yura Hatsuki,葉月ゆら,Evil,Evil,2025-10-29,Evil 2025-10-29 Karaoke,2,,songs/unofficialV3/DISC 7 - Background Running Process (2025-05-28 - 2025-12-06)/199. Yura Hatsuki - Halloween of the Dead (Evil.v1).mp3,ec16958c24cba606,v3;evil;halloween;,,,1,0,None
1348,Somebody’s Watching Me,None,None,Rockwell,None,Evil,Evil,2025-10-29,Evil 2025-10-29 Karaoke,3,,songs/unofficialV3/DISC 7 - Background Running Process (2025-05-28 - 2025-12-06)/200. Rockwell - Somebody’s Watching Me (Evil.v1).mp3,b8db3780b7e8cd2a,v3;evil;,,,1,0,None
1349,Massacre,None,None,SKARS,None,Evil,Evil,2025-10-29,Evil 2025-10-29 Karaoke,4,,songs/unofficialV3/DISC 7 - Background Running Process (2025-05-28 - 2025-12-06)/201. SKARS - Massacre (Evil.v1).mp3,bff7b741e405ee29,v3;evil;halloween;,,,1,0,None
1350,This Is Halloween,None,None,Marilyn Manson,None,Neuro & Evil,Evil,2025-10-29,Evil 2025-10-29 Karaoke,5,,songs/unofficialV3/DISC 7 - Background Running Process (2025-05-28 - 2025-12-06)/202. Marilyn Manson - This Is Halloween (Duet.v1) (Neuro & Evil).mp3,9077f493e565024d,v3;evil;duet;halloween;,,,1,0,None
1351,Turn the Lights Off,None,None,Tally Hall,None,Evil,Evil,2025-10-29,Evil 2025-10-29 Karaoke,6,,songs/unofficialV3/DISC 7 - Background Running Process (2025-05-28 - 2025-12-06)/203. Tally Hall - Turn the Lights Off (Evil.v1).mp3,983c0bdf35eaadd6,v3;evil;halloween;,,,1,0,None
1352,Jill-o'-Lantern,None,None,LadyMonsters.,None,Evil,Evil,2025-10-29,Evil 2025-10-29 Karaoke,7,,songs/unofficialV3/DISC 7 - Background Running Process (2025-05-28 - 2025-12-06)/204. LadyMonsters. - Jill-o'-Lantern (Evil.v1).mp3,47f69bbeed705d83,v3;evil;halloween;,,,1,0,None
1353,Wicked,None,None,Crusher,None,Evil,Evil,2025-10-29,Evil 2025-10-29 Karaoke,8,,songs/unofficialV3/DISC 7 - Background Running Process (2025-05-28 - 2025-12-06)/205. Crusher - Wicked (Evil.v1).mp3,6b4d8364d7afaf6f,v3;evil;,,,1,0,None
1354,Dead Walk,None,None,RedHook,None,Evil,Evil,2025-10-29,Evil 2025-10-29 Karaoke,9,,songs/unofficialV3/DISC 7 - Background Running Process (2025-05-28 - 2025-12-06)/206. RedHook - Dead Walk (Evil.v1).mp3,321dc0e63d62e00e,v3;evil;halloween;,,,1,0,None
1355,Smoke and Mirrors,None,None,Jayn,None,Evil,Evil,2025-10-29,Evil 2025-10-29 Karaoke,10,,songs/unofficialV3/DISC 7 - Background Running Process (2025-05-28 - 2025-12-06)/207. Jayn - Smoke and Mirrors (Evil.v1).mp3,4b9e3b4d0b103929,v3;evil;,,,1,0,None
1356,Crazy Scary Holy Fantasy,None,None,MYTH & ROID,None,Evil,Evil,2025-10-29,Evil 2025-10-29 Karaoke,11,,songs/unofficialV3/DISC 7 - Background Running Process (2025-05-28 - 2025-12-06)/208. MYTH & ROID - Crazy Scary Holy Fantasy (Evil.v1).mp3,2a4e855628272871,v3;evil;,,,1,0,None
1357,Ghostbusters,None,None,Ray Parker Jr.,None,Neuro & Evil,Evil,2025-10-29,Evil 2025-10-29 Karaoke,12,,songs/unofficialV3/DISC 7 - Background Running Process (2025-05-28 - 2025-12-06)/209. Ray Parker Jr. - Ghostbusters (Duet.v1) (Neuro & Evil).mp3,c6c741f0aa41053a,v3;evil;duet;halloween;,,,1,0,None
1358,Season of the Witch,None,None,Donovan,None,Evil,Evil,2025-10-29,Evil 2025-10-29 Karaoke,13,,songs/unofficialV3/DISC 7 - Background Running Process (2025-05-28 - 2025-12-06)/210. Donovan - Season of the Witch (Evil.v1).mp3,76f8375c9ba0fe64,v3;evil;halloween;,,,1,0,None
1359,bury a friend,None,None,Billie Eilish,None,Neuro & Evil,Evil,2025-10-29,Evil 2025-10-29 Karaoke,14,,songs/unofficialV3/DISC 7 - Background Running Process (2025-05-28 - 2025-12-06)/211. Billie Eilish - bury a friend (Duet.v1) (Neuro & Evil).mp3,459b0f18758c365f,v3;evil;duet;,,,1,0,None
1360,SpOwOky OwOky Pumpkin,None,None,"senzawa, Andrew Gold",None,Evil,Evil,2025-10-29,Evil 2025-10-29 Karaoke,15,,"songs/unofficialV3/DISC 7 - Background Running Process (2025-05-28 - 2025-12-06)/212. senzawa, Andrew Gold - SpOwOky OwOky Pumpkin (Evil.v1).mp3",f10f25090d9193a2,v3;evil;halloween;,,,1,0,None
1361,Evil Eye,None,None,Franz Ferdinand,None,Evil,Evil,2025-10-29,Evil 2025-10-29 Karaoke,16,,songs/unofficialV3/DISC 7 - Background Running Process (2025-05-28 - 2025-12-06)/213. Franz Ferdinand - Evil Eye (Evil.v1).mp3,fbe3c503d833cae2,v3;evil;halloween;,,,1,0,None
1362,Sweet Dreams,None,None,Aviators,None,Evil,Evil,2025-10-29,Evil 2025-10-29 Karaoke,17,,songs/unofficialV3/DISC 7 - Background Running Process (2025-05-28 - 2025-12-06)/214. Aviators - Sweet Dreams (Evil.v1).mp3,b5ad7851ca591400,v3;evil;,,,1,0,None
1363,Time Belongs To Us,None,None,Darren Korb,None,Neuro & Evil,Evil,2025-10-29,Evil 2025-10-29 Karaoke,18,,songs/unofficialV3/DISC 7 - Background Running Process (2025-05-28 - 2025-12-06)/215. Darren Korb - Time Belongs To Us (Duet.v1) (Neuro & Evil).mp3,ffceb07e36a004d0,v3;evil;duet;,,,1,0,None
1364,Marigold,None,None,M2U,None,Neuro,Neuro,2025-11-12,Neuro 2025-11-12 Karaoke,1,,songs/unofficialV3/DISC 7 - Background Running Process (2025-05-28 - 2025-12-06)/216. M2U - Marigold (Neuro.v3).mp3,ac019cc3bebb1970,v3;neuro;,,,3,0,NeuroZyzz
1365,Iron Lotus,None,None,Mili,None,Neuro,Neuro,2025-11-12,Neuro 2025-11-12 Karaoke,2,,songs/unofficialV3/DISC 7 - Background Running Process (2025-05-28 - 2025-12-06)/217. Mili - Iron Lotus (Neuro.v3.2).mp3,3e1fb5b173fb0b92,v3;neuro;,,,3.2,0,None
1366,Patchwork Staccato,ツギハギスタッカート,None,Toa,None,Neuro,Neuro,2025-11-12,Neuro 2025-11-12 Karaoke,3,,songs/unofficialV3/DISC 7 - Background Running Process (2025-05-28 - 2025-12-06)/218. Toa - Patchwork Staccato (Neuro.v3).mp3,e063941fbdc9f731,v3;neuro;,,,3,0,None
1367,Wolves WIthout Teeth,None,None,Of Monsters and Men,None,Neuro & Evil,Neuro,2025-11-12,Neuro 2025-11-12 Karaoke,4,,songs/unofficialV3/DISC 7 - Background Running Process (2025-05-28 - 2025-12-06)/219. Of Monsters and Men - Wolves WIthout Teeth (Duet.v1) (Neuro & Evil).mp3,9c9ae03e58d48a34,v3;neuro;duet;,,,1,0,None
1368,Gentle On My Mind,None,None,Glen Campbell,None,Neuro,Neuro,2025-11-12,Neuro 2025-11-12 Karaoke,5,,songs/unofficialV3/DISC 7 - Background Running Process (2025-05-28 - 2025-12-06)/220. Glen Campbell - Gentle On My Mind (Neuro.v3).mp3,a8fe50373af28a45,v3;neuro;,,,3,0,None
1369,With or Without You,None,None,U2,None,Neuro,Neuro,2025-11-12,Neuro 2025-11-12 Karaoke,6,,songs/unofficialV3/DISC 7 - Background Running Process (2025-05-28 - 2025-12-06)/221. U2 - With or Without You (Neuro.v3).mp3,b64cbf5abcb53423,v3;neuro;,,,3,0,None
1370,Shut Up and Dance,None,None,WALK THE MOON,None,Neuro,Neuro,2025-11-12,Neuro 2025-11-12 Karaoke,7,,songs/unofficialV3/DISC 7 - Background Running Process (2025-05-28 - 2025-12-06)/222. WALK THE MOON - Shut Up and Dance (Neuro.v3.2).mp3,74c570b75a6cc89a,v3;neuro;,,,3.2,0,None
1371,Tiny Little Adiantum,None,None,Shibayan Records,None,Neuro,Neuro,2025-11-12,Neuro 2025-11-12 Karaoke,8,,songs/unofficialV3/DISC 7 - Background Running Process (2025-05-28 - 2025-12-06)/223. Shibayan Records - Tiny Little Adiantum (Neuro.v3.2).mp3,dce99da8332ba807,v3;neuro;,,,3.2,0,None
1372,DAMIDAMI,None,None,"Sihan (HOYO-MiX), Aylin Abbasova",None,Neuro & Evil,Neuro,2025-11-12,Neuro 2025-11-12 Karaoke,9,,"songs/unofficialV3/DISC 7 - Background Running Process (2025-05-28 - 2025-12-06)/224. Sihan (HOYO-MiX), Aylin Abbasova - DAMIDAMI (Duet.v1) (Neuro & Evil).mp3",0f8c00a678fd6ca8,v3;neuro;duet;,,,1,0,None
1373,The Less I Know The Better,None,None,Tame Impala,None,Neuro,Neuro,2025-11-12,Neuro 2025-11-12 Karaoke,10,,songs/unofficialV3/DISC 7 - Background Running Process (2025-05-28 - 2025-12-06)/225. Tame Impala - The Less I Know The Better (Neuro.v3).mp3,e344377397b66b04,v3;neuro;,,,3,0,None
1374,Symbiosis,None,None,The 1999,None,Neuro,Neuro,2025-11-12,Neuro 2025-11-12 Karaoke,11,,songs/unofficialV3/DISC 7 - Background Running Process (2025-05-28 - 2025-12-06)/226. The 1999 - Symbiosis (Neuro.v3).mp3,1b75ae6c05e44979,v3;neuro;,,,3,0,None
1375,Circles,None,None,KIRA,None,Neuro,Neuro,2025-11-12,Neuro 2025-11-12 Karaoke,12,,songs/unofficialV3/DISC 7 - Background Running Process (2025-05-28 - 2025-12-06)/227. KIRA - Circles (Neuro.v3.2).mp3,ae03601477b18150,v3;neuro;,,,3.2,0,Stronge
1376,Imaginary Arcadia,None,None,nayuta,None,Neuro,Neuro,2025-11-12,Neuro 2025-11-12 Karaoke,13,,songs/unofficialV3/DISC 7 - Background Running Process (2025-05-28 - 2025-12-06)/228. nayuta - Imaginary Arcadia (Neuro.v3).mp3,b74ca0956b34fdc8,v3;neuro;,,,3,0,None
1377,The Chain,None,None,Fleetwood Mac,None,Neuro & Evil,Neuro,2025-11-12,Neuro 2025-11-12 Karaoke,14,,songs/unofficialV3/DISC 7 - Background Running Process (2025-05-28 - 2025-12-06)/229. Fleetwood Mac - The Chain (Duet.v1) (Neuro & Evil).mp3,10085775b5e07b99,v3;neuro;duet;,,,1,0,None
1378,Time to Pretend,None,None,MGMT,None,Neuro,Neuro,2025-11-12,Neuro 2025-11-12 Karaoke,15,,songs/unofficialV3/DISC 7 - Background Running Process (2025-05-28 - 2025-12-06)/230. MGMT - Time to Pretend (Neuro.v3).mp3,8d8d54b1c7834d14,v3;neuro;,,,3,0,None
1379,The Mechanical Girl,None,None,Aurelio Voltaire,None,Neuro,Neuro,2025-11-12,Neuro 2025-11-12 Karaoke,16,,songs/unofficialV3/DISC 7 - Background Running Process (2025-05-28 - 2025-12-06)/231. Aurelio Voltaire - The Mechanical Girl (Neuro.v3).mp3,1db6b48216968e4e,v3;neuro;,,,3,0,None
1380,Russian Roulette,None,None,Porter Robinson,None,Neuro,Neuro,2025-11-12,Neuro 2025-11-12 Karaoke,17,,songs/unofficialV3/DISC 7 - Background Running Process (2025-05-28 - 2025-12-06)/232. Porter Robinson - Russian Roulette (Neuro.v3).mp3,a2fd04cc3694c110,v3;neuro;,,,3,0,None
1381,VON,None,None,Pretty Patterns,None,Neuro,Neuro,2025-11-12,Neuro 2025-11-12 Karaoke,18,,songs/unofficialV3/DISC 7 - Background Running Process (2025-05-28 - 2025-12-06)/233. Pretty Patterns - VON (Neuro.v3).mp3,30d129cf1a379ba0,v3;neuro;,,,3,0,None
1382,hourhand,None,None,suzie,None,Neuro,Neuro,2025-11-15,Neuro 3D Debut,1,neuro 3d,songs/unofficialV3/DISC 7 - Background Running Process (2025-05-28 - 2025-12-06)/028. suzie - hourhand (Neuro.v3).mp3,7c9c4057082f7110,v3;neuro;duplicate;,,,3,0,None
1383,LEMON MELON COOKIE,None,None,TAK,None,Neuro,Neuro,2025-11-15,Neuro 3D Debut,2,neuro 3d,songs/unofficialV3/DISC 6 - Second Anniversary (2024-11-17 - 2025-05-15)/053. TAK - LEMON MELON COOKIE (Neuro.v3).mp3,e4c8b53b78c0cde4,v3;neuro;duplicate;,,,3,0,None
1384,M@GICAL☆CURE! LOVE SHOT!,None,None,SAWTOWNE,None,Neuro,Neuro,2025-11-15,Neuro 3D Debut,3,neuro 3d,songs/unofficialV3/DISC 7 - Background Running Process (2025-05-28 - 2025-12-06)/180. SAWTOWNE - M@GICAL☆CURE! LOVE SHOT! (Neuro.v3).mp3,49cf53a733880a76,v3;neuro;duplicate;,,,3,0,None
1385,LIFE,None,Acoustic,monii,None,Neuro,Neuro,2025-11-15,Neuro 3D Debut,4,neuro 3d,songs/unofficialV3/DISC 7 - Background Running Process (2025-05-28 - 2025-12-06)/072. monii - LIFE (Acoustic) (Neuro.v3).mp3,1fb87b493f938b9d,v3;neuro;duplicate;,,,3,0,None
1386,Ladylike,None,None,KIRA,None,Evil,Evil,2025-11-26,Evil 2025-11-26 Karaoke,1,,songs/unofficialV3/DISC 7 - Background Running Process (2025-05-28 - 2025-12-06)/234. KIRA - Ladylike (Evil.v1).mp3,b780949e53b10a46,v3;evil;,,,1,0,None
1387,"you're not gone, you're just dead!",None,None,VIOLENT VIRA,None,Evil,Evil,2025-11-26,Evil 2025-11-26 Karaoke,2,,"songs/unofficialV3/DISC 7 - Background Running Process (2025-05-28 - 2025-12-06)/235. VIOLENT VIRA - you're not gone, you're just dead! (Evil.v1).mp3",74742b734fbb8521,v3;evil;,,,1,0,None
1388,Sl0t,None,None,Mili,None,Evil,Evil,2025-11-26,Evil 2025-11-26 Karaoke,3,,songs/unofficialV3/DISC 7 - Background Running Process (2025-05-28 - 2025-12-06)/236. Mili - Sl0t (Evil.v1).mp3,1f5261d7c390a30a,v3;evil;,,,1,0,EvilZyzz
1389,Hysteria,None,None,Muse,None,Evil,Evil,2025-11-26,Evil 2025-11-26 Karaoke,4,,songs/unofficialV3/DISC 7 - Background Running Process (2025-05-28 - 2025-12-06)/237. Muse - Hysteria (Evil.v2).mp3,1c7e4b655aff2bbb,v3;evil;,,,2,0,None
1390,"As Above, So Below",None,None,"Cryoshell, Essenger",None,Neuro & Evil,Evil,2025-11-26,Evil 2025-11-26 Karaoke,5,,"songs/unofficialV3/DISC 7 - Background Running Process (2025-05-28 - 2025-12-06)/238. Cryoshell, Essenger - As Above, So Below (Duet.v1) (Neuro & Evil).mp3",eafe46150c8b00f6,v3;evil;duet;,,,1,0,None
1391,Scattered Glass,None,None,cillia,None,Evil,Evil,2025-11-26,Evil 2025-11-26 Karaoke,6,,songs/unofficialV3/DISC 7 - Background Running Process (2025-05-28 - 2025-12-06)/239. cillia - Scattered Glass (Evil.v1).mp3,faa33d475aaaeca8,v3;evil;,,,1,0,EvilZyzz
1392,Black Sheep,None,None,Metric,None,Evil,Evil,2025-11-26,Evil 2025-11-26 Karaoke,7,,songs/unofficialV3/DISC 7 - Background Running Process (2025-05-28 - 2025-12-06)/240. Metric - Black Sheep (Evil.v1).mp3,a405fec1deb650b4,v3;evil;,,,1,0,None
1393,The Final Countdown,None,None,Europe,None,Evil,Evil,2025-11-26,Evil 2025-11-26 Karaoke,8,,songs/unofficialV3/DISC 7 - Background Running Process (2025-05-28 - 2025-12-06)/241. Europe - The Final Countdown (Evil.v1).mp3,0fdea32f3f0c9ed6,v3;evil;,,,1,0,None
1394,In The Garden,None,None,Red Vox,None,Evil,Evil,2025-11-26,Evil 2025-11-26 Karaoke,9,,songs/unofficialV3/DISC 7 - Background Running Process (2025-05-28 - 2025-12-06)/242. Red Vox - In The Garden (Evil.v1).mp3,fa0346c18eb87221,v3;evil;,,,1,0,None
1395,Monster Made of Memories,None,None,Citizen Soldier,None,Evil,Evil,2025-11-26,Evil 2025-11-26 Karaoke,10,,songs/unofficialV3/DISC 7 - Background Running Process (2025-05-28 - 2025-12-06)/243. Citizen Soldier - Monster Made of Memories (Evil.v1).mp3,89b8af5f911345ec,v3;evil;,,,1,0,None
1396,Love Attribute,愛属性,None,"PinocchioP, Yaduki GekiokoP","ピノキオピー, ヤヅキ激おこP",Evil,Evil,2025-11-26,Evil 2025-11-26 Karaoke,11,,"songs/unofficialV3/DISC 7 - Background Running Process (2025-05-28 - 2025-12-06)/244. PinocchioP, Yaduki GekiokoP - Love Attribute (Evil.v1).mp3",cf866375063c4a21,v3;evil;,,,1,0,None
1397,I Can't Fix You,None,None,The Living Tombstone,None,Evil,Evil,2025-11-26,Evil 2025-11-26 Karaoke,12,,songs/unofficialV3/DISC 7 - Background Running Process (2025-05-28 - 2025-12-06)/245. The Living Tombstone - I Can't Fix You (Evil.v2).mp3,63151686daa2db00,v3;evil;,,,2,0,None
1398,(Don't Fear) The Reaper,None,None,Blue Oyster Cult,None,Neuro & Evil,Evil,2025-11-26,Evil 2025-11-26 Karaoke,13,,songs/unofficialV3/DISC 7 - Background Running Process (2025-05-28 - 2025-12-06)/246. Blue Oyster Cult - (Don't Fear) The Reaper (Duet.v1) (Neuro & Evil).mp3,2a790279f814e118,v3;evil;duet;,,,1,0,None
1399,Harlequin Contraption,None,None,Vane Lily,None,Evil,Evil,2025-11-26,Evil 2025-11-26 Karaoke,14,,songs/unofficialV3/DISC 7 - Background Running Process (2025-05-28 - 2025-12-06)/247. Vane Lily - Harlequin Contraption (Evil.v1).mp3,77a437a4f338aafd,v3;evil;,,,1,0,None
1400,THE GREATEST LIVING SHOW,None,None,"Itoki Hana, Toby Fox",None,Evil,Evil,2025-11-26,Evil 2025-11-26 Karaoke,15,,"songs/unofficialV3/DISC 7 - Background Running Process (2025-05-28 - 2025-12-06)/248. Itoki Hana, Toby Fox - THE GREATEST LIVING SHOW (Evil.v1).mp3",ab35cba4b114a5c9,v3;evil;,,,1,0,EvilZyzz
1401,Problems,None,None,Alterclad,None,Evil,Evil,2025-11-26,Evil 2025-11-26 Karaoke,16,,songs/unofficialV3/DISC 7 - Background Running Process (2025-05-28 - 2025-12-06)/249. ALTERCLAD - Problems (Evil.v1).mp3,926cadc03ae5a1c0,v3;evil;,,,1,0,None
1402,Surreal,None,None,Flawed Mangoes,None,Evil,Evil,2025-11-26,Evil 2025-11-26 Karaoke,17,,songs/unofficialV3/DISC 7 - Background Running Process (2025-05-28 - 2025-12-06)/250. Flawed Mangoes - Surreal (Evil.v1).mp3,bab8df2280cc41b7,v3;evil;,,,1,0,None
1403,Bury the Light,None,None,"Casey Edwards, Victor Borba",None,Neuro & Evil,Evil,2025-11-26,Evil 2025-11-26 Karaoke,18,,"songs/unofficialV3/DISC 7 - Background Running Process (2025-05-28 - 2025-12-06)/251. Casey Edwards, Victor Borba - Bury the Light (Duet.v1) (Neuro & Evil).mp3",0a5c68f8a9e247a5,v3;evil;duet;,,,1,0,HOLY MOTHER FUCK
1404,Crazy Fuckin' Robot Body,None,None,Snowblood,None,Evil,Evil,2025-12-02,Official Covers,8,CFRB_SINGLE,songs/officially released songs/Crazy Fuckin' Robot Body/Robot Body.mp3,3c1feea4b6b725c6,v3;evil;official;as_custom;,,,1,1,""
1405,Chinatown Blues,None,None,"ODDEEO, KWWT, Asteroid Music Team",None,Neuro & Vedal,Neuro,2025-12-06,Official Covers,9,Chinatown Blues,"songs/unofficialV3/DISC 7 - Background Running Process (2025-05-28 - 2025-12-06)/252. ODDEEO, KWWT, Asteroid Music Team - Chinatown Blues (Duet.v2) (Neuro & Vedal).mp3",f1f6bd7bf924f256,v3;neuro;collab;official;as_custom;,,,2,1,None
1406,Colorful Array,None,None,Neuro,None,Neuro,Neuro,2025-12-19,Originals,4,Colorful Array,songs/officially released songs/Colorful Array/01-01 Colorful Array.mp3,53e95567be4c43f8,v3;neuro;duplicate;originals;,,,1,1,""
1407,Anniversary Mashup (2025),None,None,Mixed by QueenPb,None,Neuro & Evil,Neuro,2025-12-19,Subathon 2025,1,Subathon Y3,songs/unofficialV3/DISC 8 - Third Anniversary (2025-12-19 - 2026-06-10)/001. Mixed by QueenPb - Anniversary Mashup (2025) (Duet.v1) (Neuro & Evil).mp3,e8d7f9d14f91d2e9,v3;neuro;duet;mashup;,,,1,1,PEAKKKKK
1408,Colorful Array,None,None,Neuro,None,Neuro,Neuro,2025-12-19,Subathon 2025,2,Colorful Array,songs/officially released songs/Colorful Array/01-01 Colorful Array.mp3,53e95567be4c43f8,v3;neuro;originals;,,,1,1,""
1409,I Am Gonna Claw (Out Your Eyes then Drown You to Death),None,None,"Darren Korb, Ashley Barrett, Erin Yvette, Judy Alice Lee",None,Evil,Evil,2025-12-21,Evil 2025-12-21 Mini-Karaoke,1,,"songs/unofficialV3/DISC 8 - Third Anniversary (2025-12-19 - 2026-06-10)/002. Darren Korb, Ashley Barrett, Erin Yvette, Judy Alice Lee - I Am Gonna Claw (Out Your Eyes then Drown You to Death) (Evil.v1).mp3",c59d4eff5428b51f,v3;evil;,,,1,0,None
1410,Sk8er Boi,None,None,Avril Lavigne,None,Evil,Evil,2025-12-21,Evil 2025-12-21 Mini-Karaoke,2,,songs/unofficialV3/DISC 6 - Second Anniversary (2024-11-17 - 2025-05-15)/069. Avril Lavigne - Sk8er Boi (Evil.v1).mp3,611a4d76c7287f7f,v3;evil;duplicate;,,,1,0,None
1411,RuLe,ルル,None,Ado,None,Evil,Evil,2025-12-21,Evil 2025-12-21 Mini-Karaoke,3,,songs/unofficialV3/DISC 5 - Non-Stop Innovation (2024-07-10 - 2024-11-17)/148. Ado - RuLe (Evil.v1).mp3,1dbee4093338e015,v3;evil;duplicate;,,,1,0,None
1412,Dial Tone,None,None,Catch Your Breath,None,Evil,Evil,2025-12-21,Evil 2025-12-21 Mini-Karaoke,4,,songs/unofficialV3/DISC 8 - Third Anniversary (2025-12-19 - 2026-06-10)/003. Catch Your Breath - Dial Tone (Evil.v1).mp3,373e22fddcc2d748,v3;evil;,,,1,0,None
1413,Vice Versa,None,None,"NANO, James Landino, Garrett Williamson",None,Evil,Evil,2025-12-21,Evil 2025-12-21 Mini-Karaoke,5,,"songs/unofficialV3/DISC 6 - Second Anniversary (2024-11-17 - 2025-05-15)/026. NANO, James Landino, Garrett Williamson - Vice Versa (Evil.v1).mp3",0ac013b902eab0cb,v3;evil;duplicate;,,,1,0,None
1414,Q&A,第一話,None,Pinata,ぴーなた,Evil,Evil,2025-12-21,Evil 2025-12-21 Mini-Karaoke,6,,songs/unofficialV3/DISC 8 - Third Anniversary (2025-12-19 - 2026-06-10)/004. Pinata - Q&A (Evil.v1).mp3,26c82eae4662308d,v3;evil;,,,1,0,None
1415,Seven Nation Army,None,None,The White Stripes,None,Evil,Evil,2025-12-21,Evil 2025-12-21 Mini-Karaoke,7,,songs/unofficialV3/DISC 7 - Background Running Process (2025-05-28 - 2025-12-06)/048. The White Stripes - Seven Nation Army (Evil.v1).mp3,921df1d80429c216,v3;evil;duplicate;,,,1,0,None
1416,Every Breath You Take,None,None,The Police,None,Evil,Evil,2025-12-21,Evil 2025-12-21 Mini-Karaoke,8,,songs/unofficialV3/DISC 8 - Third Anniversary (2025-12-19 - 2026-06-10)/005. The Police - Every Breath You Take (Evil.v1).mp3,79045d191210ecab,v3;evil;,,,1,0,None
1417,INTERGALACTIA,None,None,KIRA,None,Evil,Evil,2025-12-21,Evil 2025-12-21 Mini-Karaoke,9,,songs/unofficialV3/DISC 5 - Non-Stop Innovation (2024-07-10 - 2024-11-17)/144. KIRA - INTERGALACTIA (Evil.v1).mp3,44342e0d4f0633b4,v3;evil;duplicate;,,,1,0,None
1418,She Used To Be Mine,None,None,Sara Bareilles,None,Evil,Evil,2025-12-21,Evil 2025-12-21 Mini-Karaoke,10,,songs/unofficialV3/DISC 8 - Third Anniversary (2025-12-19 - 2026-06-10)/006. Sara Bareilles - She Used To Be Mine (Evil.v1).mp3,92333d6ba8f018a3,v3;evil;,,,1,0,None
1419,Let It Snow! Let It Snow! Let It Snow!,None,None,Dean Martin,None,Neuro,Neuro,2025-12-25,Christmas Karaoke 2025,1,,songs/unofficialV3/DISC 8 - Third Anniversary (2025-12-19 - 2026-06-10)/007. Dean Martin - Let It Snow! Let It Snow! Let It Snow! (Neuro.v3.2).mp3,6865f143ea2223dc,v3;neuro;christmas;,,,3.2,0,None
1420,Snow halation,None,None,μ's,None,Neuro & Evil,Neuro,2025-12-25,Christmas Karaoke 2025,2,,songs/unofficialV3/DISC 8 - Third Anniversary (2025-12-19 - 2026-06-10)/008. μ's - Snow halation (Duet.v2) (Neuro & Evil).mp3,37b0985a047ba1c4,v3;neuro;duet;christmas;,,,2,0,None
1421,Caramelldancing,None,Christmas Version,Caramella Girls,None,Neuro,Neuro,2025-12-25,Christmas Karaoke 2025,3,,songs/unofficialV3/DISC 8 - Third Anniversary (2025-12-19 - 2026-06-10)/009. Caramella Girls - Caramelldancing (Christmas Version) (Neuro.v3).mp3,343bf6d3b2710073,v3;neuro;christmas;,,,3,0,Don't change to Christmas ver.
1422,Merry Christmas Everyone,None,None,Shakin' Stevens,None,Neuro & Evil,Neuro,2025-12-25,Christmas Karaoke 2025,4,,songs/unofficialV3/DISC 8 - Third Anniversary (2025-12-19 - 2026-06-10)/010. Shakin' Stevens - Merry Christmas Everyone (Duet.v2) (Neuro & Evil).mp3,f9ae830820256b9f,v3;neuro;duet;christmas;,,,2,0,None
1423,It's Beginning to Look a Lot Like Christmas,None,None,Michael Bublé,None,Neuro,Neuro,2025-12-25,Christmas Karaoke 2025,5,,songs/unofficialV3/DISC 8 - Third Anniversary (2025-12-19 - 2026-06-10)/011. Michael Bublé - It's Beginning to Look a Lot Like Christmas (Neuro.v3.2).mp3,3d3a2a4d94742d90,v3;neuro;christmas;,,,3.2,0,None
1424,Poka Poka Planet,ぽかぽかの星,None,Harumaki Gohan,はるまきごはん,Neuro,Neuro,2025-12-25,Christmas Karaoke 2025,6,,songs/unofficialV3/DISC 8 - Third Anniversary (2025-12-19 - 2026-06-10)/012. Harumaki Gohan - Poka Poka Planet (Neuro.v3.2).mp3,1ff7a25f094dda60,v3;neuro;christmas;,,,3.2,0,None
1425,It's the Most Wonderful Time of the Year,None,None,Andy Williams,None,Neuro & Evil,Neuro,2025-12-25,Christmas Karaoke 2025,7,,songs/unofficialV3/DISC 8 - Third Anniversary (2025-12-19 - 2026-06-10)/013. Andy Williams - It's the Most Wonderful Time of the Year (Duet.v2) (Neuro & Evil).mp3,91807000e243f040,v3;neuro;duet;christmas;,,,2,0,None
1426,Have Yourself a Merry Little Christmas,None,None,Ben Abraham,None,Neuro & Evil,Neuro,2025-12-25,Christmas Karaoke 2025,8,,songs/unofficialV3/DISC 8 - Third Anniversary (2025-12-19 - 2026-06-10)/014. Ben Abraham - Have Yourself a Merry Little Christmas (Duet.v2) (Neuro & Evil).mp3,2e2216d956f43745,v3;neuro;duet;christmas;,,,2,0,None
1427,Winter Wonderland,None,None,Amy Grant,None,Neuro,Neuro,2025-12-25,Christmas Karaoke 2025,9,,songs/unofficialV3/DISC 8 - Third Anniversary (2025-12-19 - 2026-06-10)/015. Amy Grant - Winter Wonderland (Neuro.v3.2).mp3,bcffd8a9ddf663b1,v3;neuro;christmas;,,,3.2,0,None
1428,Thank God it's Christmas,None,None,Queen,None,Evil,Evil,2025-12-25,Christmas Karaoke 2025,10,,songs/unofficialV3/DISC 8 - Third Anniversary (2025-12-19 - 2026-06-10)/016. Queen - Thank God it's Christmas (Evil.v1).mp3,bb275d1469de3493,v3;evil;christmas;,,,1,0,None
1429,Rudolph the Red-Nosed Reindeer,None,None,Gene Autry,None,Evil,Evil,2025-12-25,Christmas Karaoke 2025,11,,songs/unofficialV3/DISC 8 - Third Anniversary (2025-12-19 - 2026-06-10)/017. Gene Autry - Rudolph the Red-Nosed Reindeer (Evil.v1).mp3,a0ec56622a8416b7,v3;evil;christmas;,,,1,0,None
1430,Merry Xmas Everybody,None,None,Slade,None,Neuro & Evil,Evil,2025-12-25,Christmas Karaoke 2025,12,,songs/unofficialV3/DISC 8 - Third Anniversary (2025-12-19 - 2026-06-10)/018. Slade - Merry Xmas Everybody (Duet.v2) (Neuro & Evil).mp3,82720c6cc0e090e3,v3;evil;duet;christmas;,,,2,0,None
1431,Last Christmas,None,None,Wham!,None,Evil,Evil,2025-12-25,Christmas Karaoke 2025,13,,songs/unofficialV3/DISC 8 - Third Anniversary (2025-12-19 - 2026-06-10)/019. Wham! - Last Christmas (Evil.v1).mp3,bddeb6130df247e9,v3;evil;christmas;,,,1,0,None
1432,Maybe This Christmas,None,None,"Michael Bublé, Carly Pearce",None,Neuro & Evil,Evil,2025-12-25,Christmas Karaoke 2025,14,,"songs/unofficialV3/DISC 8 - Third Anniversary (2025-12-19 - 2026-06-10)/020. Michael Bublé, Carly Pearce - Maybe This Christmas (Duet.v1) (Neuro & Evil).mp3",eadfce0edb8a63e8,v3;evil;duet;christmas;,,,1,0,None
1433,This Christmas,None,None,Donny Hathaway,None,Evil,Evil,2025-12-25,Christmas Karaoke 2025,15,,songs/unofficialV3/DISC 8 - Third Anniversary (2025-12-19 - 2026-06-10)/021. Donny Hathaway - This Christmas (Evil.v1).mp3,5c3a5c11ea142272,v3;evil;christmas;,,,1,0,None
1434,Fairytale of New York,None,Neuro ver.,The Pogues,None,Neuro & Evil,Evil,2025-12-25,Christmas Karaoke 2025,16,,songs/unofficialV3/DISC 8 - Third Anniversary (2025-12-19 - 2026-06-10)/022. The Pogues - Fairytale of New York (Neuro ver.) (Duet.v3) (Neuro & Evil).mp3,dd4eb3254efe59c2,v3;evil;duet;christmas;,,,3,0,None
1435,All I Want for Christmas Is You,None,None,Mariah Carey,None,Evil,Evil,2025-12-25,Christmas Karaoke 2025,17,,songs/unofficialV3/DISC 8 - Third Anniversary (2025-12-19 - 2026-06-10)/023. Mariah Carey - All I Want for Christmas Is You (Evil.v1).mp3,a029c69cc218c0f9,v3;evil;christmas;,,,1,0,None
1436,Carol of the Bells,None,None,Monique Danielle,None,Neuro & Evil,Evil,2025-12-25,Christmas Karaoke 2025,18,,songs/unofficialV3/DISC 8 - Third Anniversary (2025-12-19 - 2026-06-10)/024. Monique Danielle - Carol of the Bells (Duet.v1) (Neuro & Evil).mp3,15617112bfa93bde,v3;evil;duet;christmas;,,,1,0,None
1437,Best Day of My Life,None,None,American Authors,None,Neuro,Neuro,2025-12-27,Neuro 3D 2025-12-27 Karaoke,1,neuro 3d 2025-12-27,songs/unofficialV3/DISC 8 - Third Anniversary (2025-12-19 - 2026-06-10)/025. American Authors - Best Day of My Life (Neuro.v3).mp3,ddd3b9314ffb49e2,v3;neuro;,,,3,0,None
1438,Who Can It Be Now?,None,None,Men at Work,None,Neuro,Neuro,2025-12-27,Neuro 3D 2025-12-27 Karaoke,2,neuro 3d 2025-12-27,songs/unofficialV3/DISC 7 - Background Running Process (2025-05-28 - 2025-12-06)/024. Men at Work - Who Can It Be Now (Neuro.v3).mp3,b332408c52eca647,v3;neuro;duplicate;,,,3,0,None
1439,dream mate,ドリームメイト,None,Miaki Kaede,三秋楓,Neuro,Neuro,2025-12-27,Neuro 3D 2025-12-27 Karaoke,3,neuro 3d 2025-12-27,songs/unofficialV3/DISC 8 - Third Anniversary (2025-12-19 - 2026-06-10)/026. Miaki Kaede - dream mate (Neuro.v3).mp3,b5d2abcf57927202,v3;neuro;,,,3,0,None
1440,Running Up That Hill,None,None,Kate Bush,None,Neuro,Neuro,2025-12-27,Neuro 3D 2025-12-27 Karaoke,4,neuro 3d 2025-12-27,songs/unofficialV3/DISC 5 - Non-Stop Innovation (2024-07-10 - 2024-11-17)/164. Kate Bush - Running Up That Hill (Neuro.v3).mp3,0f4092e949cb8a84,v3;neuro;duplicate;,,,3,0,None
1441,Roar,None,None,Katy Perry,None,Neuro,Neuro,2025-12-27,Neuro 3D 2025-12-27 Karaoke,5,neuro 3d 2025-12-27,songs/unofficialV3/DISC 8 - Third Anniversary (2025-12-19 - 2026-06-10)/027. Katy Perry - Roar (Neuro.v3).mp3,1dc40ace1897a81d,v3;neuro;,,,3,0,None
1442,TONDEMO-WONDERZ,トンデモワンダーズ,None,sasakure.UK,None,Neuro,Neuro,2025-12-27,Neuro 3D 2025-12-27 Karaoke,6,neuro 3d 2025-12-27,songs/unofficialV3/DISC 8 - Third Anniversary (2025-12-19 - 2026-06-10)/028. sasakure.UK - TONDEMO-WONDERZ (Neuro.v3.2).mp3,6ff233238800a99f,v3;neuro;,,,3.2,0,None
1443,I Think We're Alone Now,None,None,Tiffany,None,Neuro,Neuro,2025-12-27,Neuro 3D 2025-12-27 Karaoke,7,neuro 3d 2025-12-27,songs/unofficialV3/DISC 5 - Non-Stop Innovation (2024-07-10 - 2024-11-17)/118. Tiffany - I Think We're Alone Now (Neuro.v3).mp3,a3da8152c103935a,v3;neuro;duplicate;,,,3,0,None
1444,nevermore,ネヴァモア,None,sasalasa,None,Neuro,Neuro,2025-12-27,Neuro 3D 2025-12-27 Karaoke,8,neuro 3d 2025-12-27,songs/unofficialV3/DISC 8 - Third Anniversary (2025-12-19 - 2026-06-10)/029. sasalasa - nevermore (Neuro.v3).mp3,03c22b435e36a227,v3;neuro;,,,3,0,None
1445,Duvet,None,None,bôa,None,Neuro,Neuro,2025-12-27,Neuro 3D 2025-12-27 Karaoke,9,neuro 3d 2025-12-27,songs/unofficialV3/DISC 8 - Third Anniversary (2025-12-19 - 2026-06-10)/030. bôa - Duvet (Neuro.v3.2).mp3,4ebbd8fd838e65b6,v3;neuro;,,,3.2,0,None
1446,weathergirl,None,None,FLAVOR FOLEY,None,Neuro,Neuro,2025-12-27,Neuro 3D 2025-12-27 Karaoke,10,neuro 3d 2025-12-27,songs/unofficialV3/DISC 8 - Third Anniversary (2025-12-19 - 2026-06-10)/031. FLAVOR FOLEY - weathergirl (Neuro.v3).mp3,eb3c9da7035dd748,v3;neuro;,,,3,0,None
1447,The Kill,None,None,Thirty Seconds to Mars,None,Evil,Evil,2025-12-31,Evil 2025-12-31 Mini-Karaoke,1,,songs/unofficialV3/DISC 8 - Third Anniversary (2025-12-19 - 2026-06-10)/032. Thirty Seconds to Mars - The Kill (Evil.v3).mp3,0a2469c0238a8965,v3;evil;,,,3,0,None
1448,Quixote,None,None,AHUB,エイハブ,Evil,Evil,2025-12-31,Evil 2025-12-31 Mini-Karaoke,2,,songs/unofficialV3/DISC 4 - First Anniversary (2023-12-19 - 2024-06-26)/181. AHUB - Quixote (Evil.v1).mp3,2ce6fcfb1ec8aef9,v3;evil;duplicate;,,,1,0,None
1449,Ignorance,None,None,Paramore,None,Evil,Evil,2025-12-31,Evil 2025-12-31 Mini-Karaoke,3,,songs/unofficialV3/DISC 8 - Third Anniversary (2025-12-19 - 2026-06-10)/033. Paramore - Ignorance (Evil.v1).mp3,4d0b803b473b2fd4,v3;evil;,,,1,0,None
1450,Somebody Told Me,None,None,The Killers,None,Evil,Evil,2025-12-31,Evil 2025-12-31 Mini-Karaoke,4,,songs/unofficialV3/DISC 8 - Third Anniversary (2025-12-19 - 2026-06-10)/034. The Killers - Somebody Told Me (Evil.v2).mp3,b78eed9f9ca3459f,v3;evil;,,,2,0,None
1451,Again,None,None,Crusher,None,Evil,Evil,2025-12-31,Evil 2025-12-31 Mini-Karaoke,5,,songs/unofficialV3/DISC 8 - Third Anniversary (2025-12-19 - 2026-06-10)/035. Crusher - Again (Evil.v2).mp3,df7e29e7ae2922c3,v3;evil;,,,2,0,None
1452,Pray To Me,None,None,Mizu,None,Evil,Evil,2025-12-31,Evil 2025-12-31 Mini-Karaoke,6,,songs/unofficialV3/DISC 8 - Third Anniversary (2025-12-19 - 2026-06-10)/036. Mizu - Pray To Me (Evil.v1).mp3,16f67ac48c5c08d8,v3;evil;,,,1,0,None
1453,"Missing, Missing",見つかんない見つかんない,None,Kikuo,きくお,Evil,Evil,2025-12-31,Evil 2025-12-31 Mini-Karaoke,7,,"songs/unofficialV3/DISC 6 - Second Anniversary (2024-11-17 - 2025-05-15)/105. Kikuo - Missing, Missing (Evil.v1).mp3",1d5ce233d39f2edc,v3;evil;duplicate;,,,1,0,None
1454,Sugar Pills,None,None,I DONT KNOW HOW BUT THEY FOUND ME,None,Evil,Evil,2025-12-31,Evil 2025-12-31 Mini-Karaoke,8,,songs/unofficialV3/DISC 8 - Third Anniversary (2025-12-19 - 2026-06-10)/037. I DONT KNOW HOW BUT THEY FOUND ME - Sugar Pills (Evil.v1).mp3,708f4b9a7ed88cc2,v3;evil;,,,1,0,None
1455,Boulevard of Broken Dreams,None,None,Green Day,None,Evil,Evil,2025-12-31,Evil 2025-12-31 Mini-Karaoke,9,,songs/unofficialV3/DISC 8 - Third Anniversary (2025-12-19 - 2026-06-10)/038. Green Day - Boulevard of Broken Dreams (Evil.v2).mp3,eb9af897aa9fbb2b,v3;evil;,,,2,0,None
1456,HOW 2 GET AWAY WITH MURDER,None,None,South Arcade,None,Evil,Evil,2025-12-31,Evil 2025-12-31 Mini-Karaoke,10,,songs/unofficialV3/DISC 8 - Third Anniversary (2025-12-19 - 2026-06-10)/039. South Arcade - HOW 2 GET AWAY WITH MURDER (Evil.v1).mp3,96284c2fcb1de220,v3;evil;,,,1,0,None
1457,Cheerleader,None,None,Porter Robinson,None,Neuro,Neuro,2026-01-01,New Years Day 2026 Karaoke,1,,songs/unofficialV3/DISC 8 - Third Anniversary (2025-12-19 - 2026-06-10)/040. Porter Robinson - Cheerleader (Neuro.v3.2).mp3,ac17f78a9118d23b,v3;neuro;,,,3.2,0,the choice of having a higher pitch is so peak -mm2
1458,Fortress,None,None,ILLENIUM,None,Neuro,Neuro,2026-01-01,New Years Day 2026 Karaoke,2,,songs/unofficialV3/DISC 8 - Third Anniversary (2025-12-19 - 2026-06-10)/041. ILLENIUM - Fortress (Neuro.v3).mp3,2e34ca83f9b1199c,v3;neuro;,,,3,0,None
1459,Self Control,None,None,Laura Branigan,None,Neuro,Neuro,2026-01-01,New Years Day 2026 Karaoke,3,,songs/unofficialV3/DISC 7 - Background Running Process (2025-05-28 - 2025-12-06)/100. Laura Branigan - Self Control (Neuro.v3).mp3,3dbf1db540a37748,v3;neuro;duplicate;,,,3,0,None
1460,Meltdown,炉心融解,None,iroha(sasaki),None,Neuro,Neuro,2026-01-01,New Years Day 2026 Karaoke,4,,songs/unofficialV3/DISC 8 - Third Anniversary (2025-12-19 - 2026-06-10)/042. iroha(sasaki) - Meltdown (Neuro.v3.2).mp3,02be32624f25e730,v3;neuro;,,,3.2,0,None
1461,I'm Still Standing,None,None,Elton John,None,Neuro,Neuro,2026-01-01,New Years Day 2026 Karaoke,5,,songs/unofficialV3/DISC 6 - Second Anniversary (2024-11-17 - 2025-05-15)/050. Elton John - I'm Still Standing (Neuro.v3).mp3,9ff87c3c0c320703,v3;neuro;duplicate;,,,3,0,None
1462,Hold the Line,None,None,Toto,None,Neuro,Neuro,2026-01-01,New Years Day 2026 Karaoke,6,,songs/unofficialV3/DISC 7 - Background Running Process (2025-05-28 - 2025-12-06)/030. Toto - Hold the Line (Neuro.v3).mp3,ad306c84a4155a8a,v3;neuro;duplicate;,,,3,0,None
1463,World's Smallest Violin,None,None,AJR,None,Neuro,Neuro,2026-01-01,New Years Day 2026 Karaoke,7,,songs/unofficialV3/DISC 8 - Third Anniversary (2025-12-19 - 2026-06-10)/043. AJR - World's Smallest Violin (Neuro.v3).mp3,3b224884640468f9,v3;neuro;,,,3,0,None
1464,My Favourite Game,None,None,The Cardigans,None,Neuro,Neuro,2026-01-01,New Years Day 2026 Karaoke,8,,songs/unofficialV3/DISC 8 - Third Anniversary (2025-12-19 - 2026-06-10)/044. The Cardigans - My Favourite Game (Neuro.v3.2).mp3,6cc1cd9b53cc7bb1,v3;neuro;,,,3.2,0,None
1465,BIRDS OF A FEATHER,None,None,Billie Eilish,None,Neuro & Evil,Neuro,2026-01-01,New Years Day 2026 Karaoke,9,,songs/unofficialV3/DISC 7 - Background Running Process (2025-05-28 - 2025-12-06)/108. Billie Eilish - BIRDS OF A FEATHER (Duet.v1) (Neuro & Evil).mp3,46c3f49b90c2edc3,v3;neuro;duet;duplicate;,,,1,0,None
1466,Rain of Stars,None,None,nelward,None,Neuro,Neuro,2026-01-01,New Years Day 2026 Karaoke,10,,songs/unofficialV3/DISC 8 - Third Anniversary (2025-12-19 - 2026-06-10)/045. nelward - Rain of Stars (Neuro.v3).mp3,b07b6cc07be1e0f3,v3;neuro;,,,3,0,None
1467,Control,None,None,Halsey,None,Evil,Evil,2026-01-01,New Years Day 2026 Karaoke,11,,songs/unofficialV3/DISC 7 - Background Running Process (2025-05-28 - 2025-12-06)/015. Halsey - Control (Evil.v1).mp3,828994f3e32d15d5,v3;evil;duplicate;,,,1,0,None
1468,Come as You Are,None,None,Nirvana,None,Evil,Evil,2026-01-01,New Years Day 2026 Karaoke,12,,songs/unofficialV3/DISC 8 - Third Anniversary (2025-12-19 - 2026-06-10)/046. Nirvana - Come as You Are (Evil.v1).mp3,3d6a893f0d3190a2,v3;evil;,,,1,0,None
1469,I Can't Decide,None,None,Scissor Sisters,None,Evil,Evil,2026-01-01,New Years Day 2026 Karaoke,13,,songs/unofficialV3/DISC 6 - Second Anniversary (2024-11-17 - 2025-05-15)/025. Scissor Sisters - I Can't Decide (Evil.v1).mp3,904ad10f49ef2d77,v3;evil;duplicate;,,,1,0,None
1470,Just Pretend,None,None,Bad Omens,None,Evil,Evil,2026-01-01,New Years Day 2026 Karaoke,14,,songs/unofficialV3/DISC 8 - Third Anniversary (2025-12-19 - 2026-06-10)/047. BAD OMENS - Just Pretend (Evil.v2).mp3,780063aa19d91a55,v3;evil;,,,2,0,None
1471,Don't Look Down,None,None,Ellie Minibot,None,Evil,Evil,2026-01-01,New Years Day 2026 Karaoke,15,,songs/unofficialV3/DISC 8 - Third Anniversary (2025-12-19 - 2026-06-10)/048. Ellie Minibot - Don't Look Down (Evil.v2).mp3,f51b94af62cdea6d,v3;evil;,,,2,0,better mixing than the og unfortunately sob -mm2
1472,Sinners,None,None,Barns Courtney,None,Evil,Evil,2026-01-01,New Years Day 2026 Karaoke,16,,songs/unofficialV3/DISC 8 - Third Anniversary (2025-12-19 - 2026-06-10)/049. Barns Courtney - Sinners (Evil.v2).mp3,6b20b13caab6710a,v3;evil;,,,2,0,None
1473,I Knew You Were Trouble,None,None,Taylor Swift,None,Evil,Evil,2026-01-01,New Years Day 2026 Karaoke,17,,songs/unofficialV3/DISC 8 - Third Anniversary (2025-12-19 - 2026-06-10)/050. Taylor Swift - I Knew You Were Trouble (Evil.v1).mp3,31bac6e45d9ee792,v3;evil;,,,1,0,GO WHITE GIRL GO -mm2
1474,Livin' La Vida Loca,None,None,Ricky Martin,None,Evil,Evil,2026-01-01,New Years Day 2026 Karaoke,18,,songs/unofficialV3/DISC 7 - Background Running Process (2025-05-28 - 2025-12-06)/076. Ricky Martin - Livin' La Vida Loca (Evil.v1).mp3,040dc58ea627836f,v3;evil;duplicate;,,,1,0,None
1475,"Petals, and the Voices Which Trail Behind",花弁、それにまつわる音声,None,avaraya,あばらや,Evil,Evil,2026-01-01,New Years Day 2026 Karaoke,19,,"songs/unofficialV3/DISC 7 - Background Running Process (2025-05-28 - 2025-12-06)/084. avaraya - Petals, and the Voices Which Trail Behind (Evil.v1).mp3",75256338ba188c76,v3;evil;duplicate;,,,1,0,None
1476,PonPon Shit,None,None,"Namakopuri, Us Cracks",None,Neuro & Evil,Evil,2026-01-01,New Years Day 2026 Karaoke,20,,"songs/unofficialV3/DISC 8 - Third Anniversary (2025-12-19 - 2026-06-10)/051. Namakopuri, Us Cracks - PonPon Shit (Duet.v1) (Neuro & Evil).mp3",291283c683b50bbf,v3;evil;duet;,,,1,0,ABSOLUTE FUCKING CINEMA vedalJuh -mm2
1477,We Are the Champions,None,None,Queen,None,Neuro & Evil,Neuro,2026-01-03,Neuro 2026-01-03 Karaoke,1,,songs/unofficialV3/DISC 7 - Background Running Process (2025-05-28 - 2025-12-06)/144. Queen - We Are the Champions (Duet.v1) (Neuro & Evil).mp3,5d5ae5e3f38e8997,v3;neuro;duet;duplicate;,,,1,0,None
1478,Take Me Hand,None,None,DAISHI DANCE,None,Neuro,Neuro,2026-01-03,Neuro 2026-01-03 Karaoke,2,,songs/unofficialV3/DISC 7 - Background Running Process (2025-05-28 - 2025-12-06)/145. DAISHI DANCE - Take Me Hand (Neuro.v3).mp3,c970fbc5479a3977,v3;neuro;duplicate;,,,3,0,None
1479,Big Iron,None,None,Marty Robbins,None,Neuro,Neuro,2026-01-03,Neuro 2026-01-03 Karaoke,3,,songs/unofficialV3/DISC 7 - Background Running Process (2025-05-28 - 2025-12-06)/146. Marty Robbins - Big Iron (Neuro.v3).mp3,4d873bdf4ecb036c,v3;neuro;duplicate;,,,3,0,None
1480,Thanks for being Lifeless,君が生きてなくてよかった,None,PinocchioP,ピノキオピー,Neuro,Neuro,2026-01-03,Neuro 2026-01-03 Karaoke,4,,songs/unofficialV3/DISC 7 - Background Running Process (2025-05-28 - 2025-12-06)/147. PinocchioP - Thanks for being Lifeless (Neuro.v3).mp3,408bd82cc6aedbb6,v3;neuro;duplicate;,,,3,0,None
1481,Vs. SAYU,None,None,James Landino,None,Neuro,Neuro,2026-01-03,Neuro 2026-01-03 Karaoke,5,,songs/unofficialV3/DISC 7 - Background Running Process (2025-05-28 - 2025-12-06)/148. James Landino - Vs. SAYU (Neuro.v3).mp3,dccd3bc788335dd7,v3;neuro;duplicate;,,,3,0,None
1482,Riptide,None,None,Vance Joy,None,Neuro,Neuro,2026-01-03,Neuro 2026-01-03 Karaoke,6,,songs/unofficialV3/DISC 7 - Background Running Process (2025-05-28 - 2025-12-06)/149. Vance Joy - Riptide (Neuro.v3).mp3,9547bd8a40114ae5,v3;neuro;duplicate;,,,3,0,None
1483,Jolene,None,None,Dolly Parton,None,Neuro,Neuro,2026-01-03,Neuro 2026-01-03 Karaoke,7,,songs/unofficialV3/DISC 7 - Background Running Process (2025-05-28 - 2025-12-06)/150. Dolly Parton - Jolene (Neuro.v3).mp3,21073853da6c69e5,v3;neuro;duplicate;,,,3,0,None
1484,Relay Outer,リレイアウター,None,inabakumori,稲葉曇,Neuro,Neuro,2026-01-03,Neuro 2026-01-03 Karaoke,8,,songs/unofficialV3/DISC 3 - The Gold Standard (2023-06-21 - 2023-12-06)/097. inabakumori - Relay Outer (Neuro.v3).mp3,e790bd954688f329,v3;neuro;duplicate;,,,3,0,None
1485,Shrimp Fried Rice!,None,None,Jamie Paige,None,Neuro,Neuro,2026-01-03,Neuro 2026-01-03 Karaoke,9,,songs/unofficialV3/DISC 7 - Background Running Process (2025-05-28 - 2025-12-06)/152. Jamie Paige - Shrimp Fried Rice! (Neuro.v3).mp3,31e096e67e6680f7,v3;neuro;duplicate;,,,3,0,None
1486,Heaven Knows I'm Miserable Now,None,None,The Smiths,None,Neuro,Neuro,2026-01-03,Neuro 2026-01-03 Karaoke,10,,songs/unofficialV3/DISC 7 - Background Running Process (2025-05-28 - 2025-12-06)/153. The Smiths - Heaven Knows I'm Miserable Now (Neuro.v3).mp3,ee0d443925487b13,v3;neuro;duplicate;,,,3,0,None
1487,Who will know - furusato,None,None,Yoko Takahashi,高橋洋子,Neuro,Neuro,2026-01-03,Neuro 2026-01-03 Karaoke,11,,songs/unofficialV3/DISC 7 - Background Running Process (2025-05-28 - 2025-12-06)/154. Yoko Takahashi - Who will know - furusato (Neuro.v3).mp3,0d7ceffed59b1094,v3;neuro;duplicate;,,,3,0,None
1488,dark things,None,None,Starset,None,Neuro,Neuro,2026-01-03,Neuro 2026-01-03 Karaoke,12,,songs/unofficialV3/DISC 7 - Background Running Process (2025-05-28 - 2025-12-06)/155. Starset - dark things (Neuro.v3).mp3,a5ff1745db94d62d,v3;neuro;duplicate;,,,3,0,None
1489,Wake Me Up When September Ends,None,None,Green Day,None,Neuro,Neuro,2026-01-03,Neuro 2026-01-03 Karaoke,13,,songs/unofficialV3/DISC 7 - Background Running Process (2025-05-28 - 2025-12-06)/156. Green Day - Wake Me Up When September Ends (Neuro.v3).mp3,7f05ceb1c62b4fa7,v3;neuro;duplicate;,,,3,0,None
1490,Unfold,None,None,Porter Robinson,None,Neuro & Evil,Neuro,2026-01-03,Neuro 2026-01-03 Karaoke,14,,songs/unofficialV3/DISC 7 - Background Running Process (2025-05-28 - 2025-12-06)/157. Porter Robinson - Unfold (Duet.v1) (Neuro & Evil).mp3,f83fb27bf05cc764,v3;neuro;duet;duplicate;,,,1,0,None
1491,I was human,人間だった,None,Picon,ピコン,Neuro,Neuro,2026-01-03,Neuro 2026-01-03 Karaoke,15,,songs/unofficialV3/DISC 7 - Background Running Process (2025-05-28 - 2025-12-06)/158. Picon - I was human (Neuro.v3).mp3,f44c12c3f181369c,v3;neuro;duplicate;,,,3,0,None
1492,Furthest Star,None,None,Dirt Poor Robins,None,Neuro,Neuro,2026-01-03,Neuro 2026-01-03 Karaoke,16,,songs/unofficialV3/DISC 7 - Background Running Process (2025-05-28 - 2025-12-06)/159. Dirt Poor Robins - Furthest Star (Neuro.v3).mp3,a28ad83d9f47bd6c,v3;neuro;duplicate;,,,3,0,None
1493,atrophy,None,None,monii,None,Neuro & Evil,Neuro,2026-01-03,Neuro 2026-01-03 Karaoke,17,,songs/unofficialV3/DISC 7 - Background Running Process (2025-05-28 - 2025-12-06)/160. monii - atrophy (Duet.v1) (Neuro & Evil).mp3,ea40d00b760124ae,v3;neuro;duet;duplicate;,,,1,0,None
1494,Kaleidoscope,None,None,Flower Face,None,Neuro,Neuro,2026-01-03,Neuro 2026-01-03 Karaoke,18,,songs/unofficialV3/DISC 7 - Background Running Process (2025-05-28 - 2025-12-06)/161. Flower Face - Kaleidoscope (Neuro.v3).mp3,f4a91ed1b7e9e750,v3;neuro;duplicate;,,,3,0,None
1495,world.execute(me);,None,None,Mili,None,Neuro,Neuro,2026-01-06,Neuro Subathon 3 VRChat Karaoke Concert,1,neuro 3d 2026-01-06,songs/unofficialV3/DISC 8 - Third Anniversary (2025-12-19 - 2026-06-10)/052. Mili - world.execute(me); (Neuro.v3.3).mp3,6f0048641323e376,v3;neuro;,,,3.3,0,None
1496,Pretty Little Baby,None,None,Connie Francis,None,Neuro,Neuro,2026-01-06,Neuro Subathon 3 VRChat Karaoke Concert,2,neuro 3d 2026-01-06,songs/unofficialV3/DISC 7 - Background Running Process (2025-05-28 - 2025-12-06)/104. Connie Francis - Pretty Little Baby (Neuro.v3).mp3,59184e5b939500d1,v3;neuro;duplicate;,,,3,0,None
1497,"Good Luck, Babe!",None,None,Chappell Roan,None,Neuro,Neuro,2026-01-06,Neuro Subathon 3 VRChat Karaoke Concert,3,neuro 3d 2026-01-06,"songs/unofficialV3/DISC 8 - Third Anniversary (2025-12-19 - 2026-06-10)/053. Chappell Roan - Good Luck, Babe! (Neuro.v3).mp3",e89a29714e3d97de,v3;neuro;,,,3,0,None
1498,Everytime We Touch,None,None,Cascada,None,Neuro,Neuro,2026-01-06,Neuro Subathon 3 VRChat Karaoke Concert,4,neuro 3d 2026-01-06,songs/unofficialV3/DISC 6 - Second Anniversary (2024-11-17 - 2025-05-15)/123. Cascada - Everytime We Touch (Neuro.v3).mp3,38e05808e4e8c709,v3;neuro;duplicate;,,,3,0,None
1499,Take On Me,None,None,a-ha,None,Neuro,Neuro,2026-01-06,Neuro Subathon 3 VRChat Karaoke Concert,5,neuro 3d 2026-01-06,songs/unofficialV3/DISC 8 - Third Anniversary (2025-12-19 - 2026-06-10)/054. a-ha - Take On Me (Neuro.v3.2).mp3,ee97cc0e09de82b1,v3;neuro;,,,3.2,0,None
1500,...Baby One More Time,None,None,Britney Spears,None,Neuro,Neuro,2026-01-06,Neuro Subathon 3 VRChat Karaoke Concert,6,neuro 3d 2026-01-06,songs/unofficialV3/DISC 8 - Third Anniversary (2025-12-19 - 2026-06-10)/055. Britney Spears - ...Baby One More Time (Neuro.v3).mp3,36e986d8cb4e4a36,v3;neuro;,,,3,0,None
1501,M@GICAL☆CURE! LOVE SHOT!,None,None,SAWTOWNE,None,Neuro,Neuro,2026-01-06,Neuro Subathon 3 VRChat Karaoke Concert,7,neuro 3d 2026-01-06,songs/unofficialV3/DISC 7 - Background Running Process (2025-05-28 - 2025-12-06)/180. SAWTOWNE - M@GICAL☆CURE! LOVE SHOT! (Neuro.v3).mp3,49cf53a733880a76,v3;neuro;duplicate;,,,3,0,None
1502,Don't Stop Believin',None,None,Journey,None,Neuro,Neuro,2026-01-06,Neuro Subathon 3 VRChat Karaoke Concert,8,neuro 3d 2026-01-06,songs/unofficialV3/DISC 8 - Third Anniversary (2025-12-19 - 2026-06-10)/056. Journey - Don't Stop Believin' (Neuro.v3.2).mp3,5ade2c59081fcfb1,v3;neuro;,,,3.2,0,None
1503,Chug Jug With You (Number One Victory Royale),None,None,Leviathan,None,Neuro,Neuro,2026-01-06,Neuro Subathon 3 VRChat Karaoke Concert,9,neuro 3d 2026-01-06,songs/unofficialV3/DISC 7 - Background Running Process (2025-05-28 - 2025-12-06)/106. Leviathan - Chug Jug With You (Number One Victory Royale) (Neuro.v3).mp3,d25c65a164032bc9,v3;neuro;duplicate;,,,3,0,None
1504,Shatter Me,None,None,Lindsey Stirling,None,Neuro,Neuro,2026-01-06,Neuro Subathon 3 VRChat Karaoke Concert,10,neuro 3d 2026-01-06,songs/unofficialV3/DISC 7 - Background Running Process (2025-05-28 - 2025-12-06)/091. Lindsey Stirling - Shatter Me (Neuro.v3).mp3,e29de4a47ffd3940,v3;neuro;duplicate;,,,3,0,None
1505,Fallen Angel,None,None,"LISA, Mitsunori Ikeda, Aimee B",None,Neuro,Neuro,2026-01-06,Neuro Subathon 3 VRChat Karaoke Concert,11,neuro 3d 2026-01-06,"songs/unofficialV3/DISC 8 - Third Anniversary (2025-12-19 - 2026-06-10)/057. LISA, Mitsunori Ikeda, Aimee B - Fallen Angel (Neuro.v3.2).mp3",25246acc96bf7819,v3;neuro;,,,3.2,0,None
1506,The Mechanical Girl,None,None,Aurelio Voltaire,None,Neuro,Neuro,2026-01-06,Neuro Subathon 3 VRChat Karaoke Concert,12,neuro 3d 2026-01-06,songs/unofficialV3/DISC 7 - Background Running Process (2025-05-28 - 2025-12-06)/231. Aurelio Voltaire - The Mechanical Girl (Neuro.v3).mp3,1db6b48216968e4e,v3;neuro;duplicate;,,,3,0,None
1507,Shrimp Fried Rice!,None,None,Jamie Paige,None,Neuro,Neuro,2026-01-06,Neuro Subathon 3 VRChat Karaoke Concert,13,neuro 3d 2026-01-06,songs/unofficialV3/DISC 7 - Background Running Process (2025-05-28 - 2025-12-06)/152. Jamie Paige - Shrimp Fried Rice! (Neuro.v3).mp3,31e096e67e6680f7,v3;neuro;duplicate;,,,3,0,None
1508,Dancing Queen,None,None,ABBA,None,Neuro,Neuro,2026-01-06,Neuro Subathon 3 VRChat Karaoke Concert,14,neuro 3d 2026-01-06,songs/unofficialV3/DISC 8 - Third Anniversary (2025-12-19 - 2026-06-10)/058. ABBA - Dancing Queen (Neuro.v3).mp3,79871517a1e743ab,v3;neuro;,,,3,0,None
1509,Dracula,None,None,Tame Impala,None,Neuro,Neuro,2026-01-06,Neuro Subathon 3 VRChat Karaoke Concert,15,neuro 3d 2026-01-06,songs/unofficialV3/DISC 7 - Background Running Process (2025-05-28 - 2025-12-06)/197. Tame Impala - Dracula (Neuro.v3).mp3,f13967e3b988a468,v3;neuro;duplicate;,,,3,0,None
1510,Everybody's Changing,None,None,Keane,None,Neuro,Neuro,2026-01-06,Neuro Subathon 3 VRChat Karaoke Concert,16,neuro 3d 2026-01-06,songs/unofficialV3/DISC 7 - Background Running Process (2025-05-28 - 2025-12-06)/185. Keane - Everybody's Changing (Neuro.v3).mp3,b4e2bc8ce240a4dd,v3;neuro;duplicate;,,,3,0,None
1511,Duvet,None,None,bôa,None,Neuro,Neuro,2026-01-06,Neuro Subathon 3 VRChat Karaoke Concert,17,neuro 3d 2026-01-06,songs/unofficialV3/DISC 3 - The Gold Standard (2023-06-21 - 2023-12-06)/045. bôa - Duvet (Neuro.v3).mp3,8814c1b4a141e4c3,v3;neuro;duplicate;,,,3,0,None
1512,Tek It,None,None,CAFUNÉ,None,Neuro,Neuro,2026-01-06,Neuro Subathon 3 VRChat Karaoke Concert,18,neuro 3d 2026-01-06,songs/unofficialV3/DISC 8 - Third Anniversary (2025-12-19 - 2026-06-10)/059. CAFUNÉ - Tek It (Neuro.v3).mp3,909cea1798a5244e,v3;neuro;,,,3,0,None
1513,Back in Black,None,None,AC/DC,None,Evil,Evil,2026-01-07,Evil 2026-01-07 Mini-Karaoke,1,,songs/unofficialV3/DISC 8 - Third Anniversary (2025-12-19 - 2026-06-10)/060. AC slash DC - Back in Black (Evil.v1).mp3,39fbe38b992c8d03,v3;evil;,,,1,0,None
1514,Kill Everyone,None,None,Hollywood Undead,None,Evil,Evil,2026-01-07,Evil 2026-01-07 Mini-Karaoke,2,,songs/unofficialV3/DISC 7 - Background Running Process (2025-05-28 - 2025-12-06)/079. Hollywood Undead - Kill Everyone (Evil.v1).mp3,65a373dcc514812c,v3;evil;duplicate;,,,1,0,None
1515,Since U Been Gone,None,None,Kelly Clarkson,None,Evil,Evil,2026-01-07,Evil 2026-01-07 Mini-Karaoke,3,,songs/unofficialV3/DISC 7 - Background Running Process (2025-05-28 - 2025-12-06)/001. Kelly Clarkson - Since U Been Gone (Evil.v1).mp3,ea9f352cdd4baa28,v3;evil;duplicate;,,,1,0,None
1516,Maneater,None,None,"Daryl Hall, John Oates",None,Evil,Evil,2026-01-07,Evil 2026-01-07 Mini-Karaoke,4,,"songs/unofficialV3/DISC 8 - Third Anniversary (2025-12-19 - 2026-06-10)/061. Daryl Hall, John Oates - Maneater (Evil.v1).mp3",9c00b9ab246be190,v3;evil;,,,1,0,None
1517,Iris,None,None,Goo Goo Dolls,None,Evil,Evil,2026-01-07,Evil 2026-01-07 Mini-Karaoke,5,,songs/unofficialV3/DISC 6 - Second Anniversary (2024-11-17 - 2025-05-15)/103. Goo Goo Dolls - Iris (Evil.v1).mp3,a91f26b0f188d249,v3;evil;duplicate;,,,1,0,None
1518,Jitter Doll,ジッタードール,None,niki,None,Evil,Evil,2026-01-07,Evil 2026-01-07 Mini-Karaoke,6,,songs/unofficialV3/DISC 7 - Background Running Process (2025-05-28 - 2025-12-06)/040. niki - Jitter Doll (Evil.v1).mp3,a931314726621916,v3;evil;duplicate;,,,1,0,None
1519,Evil Eye,None,None,Franz Ferdinand,None,Evil,Evil,2026-01-07,Evil 2026-01-07 Mini-Karaoke,7,,songs/unofficialV3/DISC 7 - Background Running Process (2025-05-28 - 2025-12-06)/213. Franz Ferdinand - Evil Eye (Evil.v1).mp3,fbe3c503d833cae2,v3;evil;duplicate;,,,1,0,None
1520,Turn the Lights Off,None,None,Tally Hall,None,Evil,Evil,2026-01-07,Evil 2026-01-07 Mini-Karaoke,8,,songs/unofficialV3/DISC 7 - Background Running Process (2025-05-28 - 2025-12-06)/203. Tally Hall - Turn the Lights Off (Evil.v1).mp3,983c0bdf35eaadd6,v3;evil;duplicate;,,,1,0,None
1521,Your face,None,None,Wisp,None,Evil,Evil,2026-01-07,Evil 2026-01-07 Mini-Karaoke,9,,songs/unofficialV3/DISC 8 - Third Anniversary (2025-12-19 - 2026-06-10)/062. Wisp - Your face (Evil.v1).mp3,3c7a4641e7a73cee,v3;evil;,,,1,0,None
1522,Broken Pieces,None,None,"Apocalyptica, Lacey Mosley",None,Evil,Evil,2026-01-07,Evil 2026-01-07 Mini-Karaoke,10,,"songs/unofficialV3/DISC 8 - Third Anniversary (2025-12-19 - 2026-06-10)/063. Apocalyptica, Lacey Mosley - Broken Pieces (Evil.v2).mp3",b278dfe7eff92451,v3;evil;,,,2,0,None
1523,Animal Instinct,None,None,The Cranberries,None,Neuro,Neuro,2026-01-08,Neuro 2026-01-08 Mini-Karaoke,1,,songs/unofficialV3/DISC 8 - Third Anniversary (2025-12-19 - 2026-06-10)/064. The Cranberries - Animal Instinct (Neuro.v3).mp3,5b74dc3c43487f53,v3;neuro;,,,3,0,None
1524,If I Can Stop One Heart From Breaking,None,None,"Eli.W (HOYO-MiX), Chevy",None,Neuro,Neuro,2026-01-08,Neuro 2026-01-08 Mini-Karaoke,2,,"songs/unofficialV3/DISC 6 - Second Anniversary (2024-11-17 - 2025-05-15)/077. Eli.W (HOYO-MiX), Chevy - If I Can Stop One Heart From Breaking (Neuro.v3).mp3",a7e92b0bfc4c80fe,v3;neuro;duplicate;,,,3,0,None
1525,Somewhere Only We Know,None,None,Keane,None,Neuro,Neuro,2026-01-08,Neuro 2026-01-08 Mini-Karaoke,3,,songs/unofficialV3/DISC 7 - Background Running Process (2025-05-28 - 2025-12-06)/062. Keane - Somewhere Only We Know (Neuro.v3).mp3,d1f61630d96d8265,v3;neuro;duplicate;,,,3,0,None
1526,Let Her Go,None,None,Passenger,None,Neuro,Neuro,2026-01-08,Neuro 2026-01-08 Mini-Karaoke,4,,songs/unofficialV3/DISC 8 - Third Anniversary (2025-12-19 - 2026-06-10)/065. Passenger - Let Her Go (Neuro.v3.2).mp3,2c9e1f063ef1c657,v3;neuro;,,,3.2,0,None
1527,One Last Kiss,None,None,Hikaru Utada,宇多田ヒカル,Neuro,Neuro,2026-01-08,Neuro 2026-01-08 Mini-Karaoke,5,,songs/unofficialV3/DISC 7 - Background Running Process (2025-05-28 - 2025-12-06)/105. Hikaru Utada - One Last Kiss (Neuro.v3).mp3,5e3ec6e66a9905e7,v3;neuro;duplicate;,,,3,0,None
1528,From The Start,None,None,Laufey,None,Neuro,Neuro,2026-01-08,Neuro 2026-01-08 Mini-Karaoke,6,,songs/unofficialV3/DISC 6 - Second Anniversary (2024-11-17 - 2025-05-15)/042. Laufey - From The Start (Neuro.v3).mp3,3f19a1a1e3d3f38b,v3;neuro;duplicate;,,,3,0,None
1529,Die For You,None,None,The Weeknd,None,Neuro,Neuro,2026-01-08,Neuro 2026-01-08 Mini-Karaoke,7,,songs/unofficialV3/DISC 6 - Second Anniversary (2024-11-17 - 2025-05-15)/116. The Weeknd - Die For You (Neuro.v3).mp3,eaeaa4859ffb9a33,v3;neuro;duplicate;,,,3,0,None
1530,LOVE YOU LESS,None,None,Joji,None,Neuro,Neuro,2026-01-08,Neuro 2026-01-08 Mini-Karaoke,8,,songs/unofficialV3/DISC 8 - Third Anniversary (2025-12-19 - 2026-06-10)/066. Joji - LOVE YOU LESS (Neuro.v3).mp3,7264d2583d7f57a1,v3;neuro;,,,3,0,None
1531,"Komm, süsser Tod",None,None,Arianne Schreiber,None,Neuro,Neuro,2026-01-08,Neuro 2026-01-08 Mini-Karaoke,9,,"songs/unofficialV3/DISC 8 - Third Anniversary (2025-12-19 - 2026-06-10)/067. Arianne Schreiber - Komm, süsser Tod (Neuro.v3.2).mp3",35871003e69eebf7,v3;neuro;,,,3.2,0,None
1532,Save a Prayer,None,None,Duran Duran,None,Neuro,Neuro,2026-01-08,Neuro 2026-01-08 Mini-Karaoke,10,,songs/unofficialV3/DISC 8 - Third Anniversary (2025-12-19 - 2026-06-10)/068. Duran Duran - Save a Prayer (Neuro.v3).mp3,16ec28840e250166,v3;neuro;,,,3,0,None
1533,Boys Don't Cry,None,Neuro ver.,The Cure,None,Neuro,Neuro,2026-02-10,Neuro 2026-02-10 Mini-Karaoke,1,,songs/unofficialV3/DISC 8 - Third Anniversary (2025-12-19 - 2026-06-10)/069. The Cure - Boys Don't Cry (Neuro ver.) (Neuro.v3).mp3,408f6d842398564a,v3;neuro;,,,3,0,None
1534,Heaven,None,None,Shihoko Hirata,平田志穂子,Neuro,Neuro,2026-02-10,Neuro 2026-02-10 Mini-Karaoke,2,,songs/unofficialV3/DISC 7 - Background Running Process (2025-05-28 - 2025-12-06)/093. Shihoko Hirata - Heaven (Neuro.v3).mp3,a7b9179a1c6210dc,v3;neuro;duplicate;,,,3,0,None
1535,String Theocracy,None,None,Mili,None,Neuro,Neuro,2026-02-10,Neuro 2026-02-10 Mini-Karaoke,3,,songs/unofficialV3/DISC 8 - Third Anniversary (2025-12-19 - 2026-06-10)/070. Mili - String Theocracy (Neuro.v3.2).mp3,c8bfef5c85f82c39,v3;neuro;,,,3.2,0,None
1536,Spot Late,スポットレイト,None,inabakumori,稲葉曇,Neuro,Neuro,2026-02-10,Neuro 2026-02-10 Mini-Karaoke,4,,songs/unofficialV3/DISC 8 - Third Anniversary (2025-12-19 - 2026-06-10)/071. inabakumori - Spot Late (Neuro.v3).mp3,7e37c5d4d7ea2abd,v3;neuro;,,,3,0,None
1537,the perfect pair,None,None,beabadoobee,None,Neuro,Neuro,2026-02-10,Neuro 2026-02-10 Mini-Karaoke,5,,songs/unofficialV3/DISC 7 - Background Running Process (2025-05-28 - 2025-12-06)/193. beabadoobee - the perfect pair (Neuro.v3).mp3,f0658c5be0ae4230,v3;neuro;duplicate;,,,3,0,None
1538,Trouble Is a Friend,None,None,Lenka,None,Neuro,Neuro,2026-02-10,Neuro 2026-02-10 Mini-Karaoke,6,,songs/unofficialV3/DISC 8 - Third Anniversary (2025-12-19 - 2026-06-10)/072. Lenka - Trouble Is a Friend (Neuro.v3).mp3,dee9942ab1df0e0c,v3;neuro;,,,3,0,None
1539,Tip Toe,None,None,HYBS,None,Neuro,Neuro,2026-02-10,Neuro 2026-02-10 Mini-Karaoke,7,,songs/unofficialV3/DISC 8 - Third Anniversary (2025-12-19 - 2026-06-10)/073. HYBS - Tip Toe (Neuro.v3.2).mp3,c2d82521ceb1df57,v3;neuro;,,,3.2,0,None
1540,Come Down,None,None,Noah Kahan,None,Evil & Akuma Nihmune,Evil,2026-02-10,Official Covers,10,Come Down,songs/officially released songs/Nihmune - Deeply Friendship/nihmune/Deeply Friendship/04 - Come Down.mp3,01e06bb24305ab1f,v3;evil;collab;official;as_custom;,,,1,1,""
1541,Bewitching Eyes,None,None,Darren Korb,None,Evil,Evil,2026-02-18,Evil 2026-02-18 Karaoke,1,,songs/unofficialV3/DISC 8 - Third Anniversary (2025-12-19 - 2026-06-10)/074. Darren Korb - Bewitching Eyes (Evil.v1).mp3,c829bb9e423cba0f,v3;evil;,,,1,0,None
1542,All the Small Things,None,None,Blink-182,None,Evil,Evil,2026-02-18,Evil 2026-02-18 Karaoke,2,,songs/unofficialV3/DISC 8 - Third Anniversary (2025-12-19 - 2026-06-10)/075. Blink-182 - All the Small Things (Evil.v1).mp3,36f3706c675cb31e,v3;evil;,,,1,0,None
1543,Take Me Out,None,None,Franz Ferdinand,None,Evil,Evil,2026-02-18,Evil 2026-02-18 Karaoke,3,,songs/unofficialV3/DISC 8 - Third Anniversary (2025-12-19 - 2026-06-10)/076. Franz Ferdinand - Take Me Out (Evil.v2).mp3,4fac5739a514c002,v3;evil;,,,2,0,None
1544,Awaken,None,None,Breaking Benjamin,None,Evil,Evil,2026-02-18,Evil 2026-02-18 Karaoke,4,,songs/unofficialV3/DISC 8 - Third Anniversary (2025-12-19 - 2026-06-10)/077. Breaking Benjamin - Awaken (Evil.v1).mp3,676baa6509511dad,v3;evil;,,,1,0,None
1545,Happier,None,None,"YUNGBLUD, Oli Sykes",None,Neuro & Evil,Evil,2026-02-18,Evil 2026-02-18 Karaoke,5,,"songs/unofficialV3/DISC 8 - Third Anniversary (2025-12-19 - 2026-06-10)/078. YUNGBLUD, Oli Sykes - Happier (Duet.v2) (Neuro & Evil).mp3",4fbf5152a986694e,v3;evil;duet;,,,2,0,None
1546,Shatter Me,None,None,Lindsey Stirling,None,Evil,Evil,2026-02-18,Evil 2026-02-18 Karaoke,6,,songs/unofficialV3/DISC 8 - Third Anniversary (2025-12-19 - 2026-06-10)/079. Lindsey Stirling - Shatter Me (Evil.v1).mp3,53532cde4fdb7e29,v3;evil;,,,1,0,None
1547,Without a Warning,None,None,The Weeknd,None,Evil,Evil,2026-02-18,Evil 2026-02-18 Karaoke,7,,songs/unofficialV3/DISC 8 - Third Anniversary (2025-12-19 - 2026-06-10)/080. The Weeknd - Without a Warning (Evil.v1).mp3,2451af587f2900d0,v3;evil;,,,1,0,None
1548,HANIPAGANDA,None,None,Akatsuki Records,暁Records,Evil,Evil,2026-02-18,Evil 2026-02-18 Karaoke,8,,songs/unofficialV3/DISC 8 - Third Anniversary (2025-12-19 - 2026-06-10)/081. Akatsuki Records - HANIPAGANDA (Evil.v2).mp3,e58e0fe547ba449f,v3;evil;,,,2,0,None
1549,Rivers in the Desert,None,None,Lyn,None,Evil,Evil,2026-02-18,Evil 2026-02-18 Karaoke,9,,songs/unofficialV3/DISC 8 - Third Anniversary (2025-12-19 - 2026-06-10)/082. Lyn - Rivers in the Desert (Evil.v1).mp3,84580f752559d9d4,v3;evil;,,,1,0,None
1550,Cold,None,None,Crossfade,None,Neuro & Evil,Evil,2026-02-18,Evil 2026-02-18 Karaoke,10,,songs/unofficialV3/DISC 8 - Third Anniversary (2025-12-19 - 2026-06-10)/083. Crossfade - Cold (Duet.v1) (Neuro & Evil).mp3,94a997fb08cc3c47,v3;evil;duet;,,,1,0,None
1551,Voices in My Head,None,None,Falling in Reverse,None,Evil,Evil,2026-02-18,Evil 2026-02-18 Karaoke,11,,songs/unofficialV3/DISC 8 - Third Anniversary (2025-12-19 - 2026-06-10)/084. Falling in Reverse - Voices in My Head (Evil.v2).mp3,8e3ef23ae192fa22,v3;evil;,,,2,0,None
1552,Looping the Rooms,ループザルーム,None,rusino,ルシノ,Evil,Evil,2026-02-18,Evil 2026-02-18 Karaoke,12,,songs/unofficialV3/DISC 8 - Third Anniversary (2025-12-19 - 2026-06-10)/085. rusino - Looping the Rooms (Evil.v1).mp3,b7adf915d59ee54c,v3;evil;,,,1,0,None
1553,Alone in the Darkness,None,None,SIAMÉS,None,Evil,Evil,2026-02-18,Evil 2026-02-18 Karaoke,13,,songs/unofficialV3/DISC 8 - Third Anniversary (2025-12-19 - 2026-06-10)/086. SIAMÉS - Alone in the Darkness (Evil.v1).mp3,f2fb7902996cd6a4,v3;evil;,,,1,0,None
1554,Break My Heart,None,None,Dua Lipa,None,Evil,Evil,2026-02-18,Evil 2026-02-18 Karaoke,14,,songs/unofficialV3/DISC 8 - Third Anniversary (2025-12-19 - 2026-06-10)/087. Dua Lipa - Break My Heart (Evil.v1).mp3,95249479dcdc3957,v3;evil;,,,1,0,None
1555,Empurple,エンパープル,None,Harumaki Gohan,はるまきごはん,Neuro & Evil,Evil,2026-02-18,Evil 2026-02-18 Karaoke,15,,songs/unofficialV3/DISC 8 - Third Anniversary (2025-12-19 - 2026-06-10)/088. Harumaki Gohan - Empurple (Duet.v1) (Neuro & Evil).mp3,5c2a74cef43008a8,v3;evil;duet;,,,1,0,None
1556,Karma,None,None,CircusP,None,Evil,Evil,2026-02-18,Evil 2026-02-18 Karaoke,16,,songs/unofficialV3/DISC 8 - Third Anniversary (2025-12-19 - 2026-06-10)/089. CircusP - Karma (Evil.v1).mp3,047b9618eee4c3b6,v3;evil;,,,1,0,None
1557,Set it on Fire,None,extended version,Blood Cultures,None,Evil,Evil,2026-02-18,Evil 2026-02-18 Karaoke,17,,songs/unofficialV3/DISC 8 - Third Anniversary (2025-12-19 - 2026-06-10)/090. Blood Cultures - Set it on Fire (extended version) (Evil.v1).mp3,ee7f9528d86a2657,v3;evil;,,,1,0,None
1558,Your World Will Fail,None,None,Les Friction,None,Evil,Evil,2026-02-18,Evil 2026-02-18 Karaoke,18,,songs/unofficialV3/DISC 8 - Third Anniversary (2025-12-19 - 2026-06-10)/091. Les Friction - Your World Will Fail (Evil.v1).mp3,ef03758d489b6b14,v3;evil;,,,1,0,None
1559,MAYDAY,None,None,"TheFatRat, Laura Brehm",None,Neuro,Neuro,2026-03-04,Neuro 2026-03-04 Karaoke,1,,"songs/unofficialV3/DISC 8 - Third Anniversary (2025-12-19 - 2026-06-10)/092. TheFatRat, Laura Brehm - MAYDAY (Neuro.v3.2).mp3",b670dfcae73e81b1,v3;neuro;,,,3.2,0,None
1560,Karma Chameleon,None,None,Culture Club,None,Neuro,Neuro,2026-03-04,Neuro 2026-03-04 Karaoke,2,,songs/unofficialV3/DISC 8 - Third Anniversary (2025-12-19 - 2026-06-10)/093. Culture Club - Karma Chameleon (Neuro.v3).mp3,6326763629148833,v3;neuro;,,,3,0,None
1561,Ai No Urade,あいのうらで,None,EO,None,Neuro,Neuro,2026-03-04,Neuro 2026-03-04 Karaoke,3,,songs/unofficialV3/DISC 8 - Third Anniversary (2025-12-19 - 2026-06-10)/094. EO - Ai No Urade (Neuro.v3).mp3,9d1f75185d09b937,v3;neuro;,,,3,0,None
1562,I Knew You Were Trouble,None,None,Taylor Swift,None,Neuro,Neuro,2026-03-04,Neuro 2026-03-04 Karaoke,4,,songs/unofficialV3/DISC 8 - Third Anniversary (2025-12-19 - 2026-06-10)/095. Taylor Swift - I Knew You Were Trouble (Neuro.v3).mp3,830f02e50a716b26,v3;neuro;,,,3,0,None
1563,Lauren,None,None,Men I Trust,None,Neuro & Evil,Neuro,2026-03-04,Neuro 2026-03-04 Karaoke,5,,songs/unofficialV3/DISC 8 - Third Anniversary (2025-12-19 - 2026-06-10)/096. Men I Trust - Lauren (Duet.v1) (Neuro & Evil).mp3,3c00f9f03a0008d8,v3;neuro;duet;,,,1,0,None
1564,Isn't She Lovely,None,None,Stevie Wonder,None,Neuro,Neuro,2026-03-04,Neuro 2026-03-04 Karaoke,6,,songs/unofficialV3/DISC 8 - Third Anniversary (2025-12-19 - 2026-06-10)/097. Stevie Wonder - Isn't She Lovely (Neuro.v3).mp3,c63dfd48945be463,v3;neuro;,,,3,0,None
1565,La La La,None,None,Naughty Boy,None,Neuro,Neuro,2026-03-04,Neuro 2026-03-04 Karaoke,7,,songs/unofficialV3/DISC 8 - Third Anniversary (2025-12-19 - 2026-06-10)/098. Naughty Boy - La La La (Neuro.v3).mp3,e695bca472eee1e7,v3;neuro;,,,3,0,None
1566,"Clap Your Hands, Just Pray Right Here, Just Wish",手を叩け今ここで祈るだけ願うだけ,None,THE SPELLBOUND,None,Neuro,Neuro,2026-03-04,Neuro 2026-03-04 Karaoke,8,,"songs/unofficialV3/DISC 8 - Third Anniversary (2025-12-19 - 2026-06-10)/099. THE SPELLBOUND - Clap Your Hands, Just Pray Right Here, Just Wish (Neuro.v3).mp3",de83e58e8bdb77e5,v3;neuro;,,,3,0,None
1567,Cyberangel,None,None,HOYO-MiX,None,Neuro,Neuro,2026-03-04,Neuro 2026-03-04 Karaoke,9,,songs/unofficialV3/DISC 8 - Third Anniversary (2025-12-19 - 2026-06-10)/100. HOYO-MiX - Cyberangel (Neuro.v3).mp3,97e1501d24831ca7,v3;neuro;,,,3,0,None
1568,world.search(you);,None,None,Mili,None,Neuro,Neuro,2026-03-04,Neuro 2026-03-04 Karaoke,10,,songs/unofficialV3/DISC 8 - Third Anniversary (2025-12-19 - 2026-06-10)/101. Mili - world.search(you); (Neuro.v3).mp3,d853d5743e1e8396,v3;neuro;,,,3,0,None
1569,La Gata Bajo la Lluvia,None,None,Rocio Dúrcal,None,Neuro,Neuro,2026-03-04,Neuro 2026-03-04 Karaoke,11,,songs/unofficialV3/DISC 8 - Third Anniversary (2025-12-19 - 2026-06-10)/102. Rocio Dúrcal - La Gata Bajo la Lluvia (Neuro.v3).mp3,98e6d4184a50446b,v3;neuro;,,,3,0,None
1570,Say It Back,None,None,tv room,None,Neuro,Neuro,2026-03-04,Neuro 2026-03-04 Karaoke,12,,songs/unofficialV3/DISC 8 - Third Anniversary (2025-12-19 - 2026-06-10)/103. tv room - Say It Back (Neuro.v3).mp3,7fbe249be9f6fb69,v3;neuro;,,,3,0,None
1571,Tabi no Tochuu,旅の途中,None,Natsumi Kiyoura,清浦夏実,Neuro,Neuro,2026-03-04,Neuro 2026-03-04 Karaoke,13,,songs/unofficialV3/DISC 8 - Third Anniversary (2025-12-19 - 2026-06-10)/104. Natsumi Kiyoura - Tabi no Tochuu (Neuro.v3.2).mp3,a9ed0a6a13642840,v3;neuro;,,,3.2,0,None
1572,Stupid Heart,None,None,Ellie Minibot,None,Neuro,Neuro,2026-03-04,Neuro 2026-03-04 Karaoke,14,,songs/unofficialV3/DISC 8 - Third Anniversary (2025-12-19 - 2026-06-10)/105. Ellie Minibot - Stupid Heart (Neuro.v3).mp3,907edc72f14ae171,v3;neuro;,,,3,0,None
1573,End of Beginning,None,None,Djo,None,Neuro & Evil,Neuro,2026-03-04,Neuro 2026-03-04 Karaoke,15,,songs/unofficialV3/DISC 8 - Third Anniversary (2025-12-19 - 2026-06-10)/106. Djo - End of Beginning (Duet.v1) (Neuro & Evil).mp3,295b206393553140,v3;neuro;duet;,,,1,0,None
1574,Shooting Stars,None,None,Bag Raiders,None,Neuro,Neuro,2026-03-04,Neuro 2026-03-04 Karaoke,16,,songs/unofficialV3/DISC 8 - Third Anniversary (2025-12-19 - 2026-06-10)/107. Bag Raiders - Shooting Stars (Neuro.v3).mp3,fceafe4fad0e23e5,v3;neuro;,,,3,0,None
1575,Object of Affection,None,None,Jaime Paige,None,Neuro & Evil,Neuro,2026-03-04,Neuro 2026-03-04 Karaoke,17,,songs/unofficialV3/DISC 8 - Third Anniversary (2025-12-19 - 2026-06-10)/108. Jaime Paige - Object of Affection (Duet.v1) (Neuro & Evil).mp3,6026336ffe396693,v3;neuro;duet;,,,1,0,None
1576,Goodbye,None,None,Ramsey,None,Neuro,Neuro,2026-03-04,Neuro 2026-03-04 Karaoke,18,,songs/unofficialV3/DISC 8 - Third Anniversary (2025-12-19 - 2026-06-10)/109. Ramsey - Goodbye (Neuro.v3).mp3,c1d5ad298a504721,v3;neuro;,,,3,0,None
1577,VILLAIN,None,None,K/DA,None,Evil,Evil,2026-03-18,Evil 2026-03-18 Karaoke,1,,songs/unofficialV3/DISC 8 - Third Anniversary (2025-12-19 - 2026-06-10)/110. K slash DA - VILLAIN (Evil.v2).mp3,fb70193347723bdc,v3;evil;,,,2,0,None
1578,Midnight Cruisin',None,None,Kingo Hamada,浜田金吾,Evil,Evil,2026-03-18,Evil 2026-03-18 Karaoke,2,,songs/unofficialV3/DISC 8 - Third Anniversary (2025-12-19 - 2026-06-10)/111. Kingo Hamada - Midnight Cruisin' (Evil.v1).mp3,ede62fd44e6d5053,v3;evil;,,,1,0,None
1579,New Divide,None,None,Linkin Park,None,Evil,Evil,2026-03-18,Evil 2026-03-18 Karaoke,3,,songs/unofficialV3/DISC 8 - Third Anniversary (2025-12-19 - 2026-06-10)/112. Linkin Park - New Divide (Evil.v1).mp3,f03a1aeabe946542,v3;evil;,,,1,0,None
1580,Karma,None,None,AJR,None,Evil,Evil,2026-03-18,Evil 2026-03-18 Karaoke,4,,songs/unofficialV3/DISC 8 - Third Anniversary (2025-12-19 - 2026-06-10)/113. AJR - Karma (Evil.v1).mp3,7f3b355de7fdc831,v3;evil;,,,1,0,None
1581,Hand That Feeds,None,None,Halsey & Amy Lee,None,Neuro & Evil,Evil,2026-03-18,Evil 2026-03-18 Karaoke,5,,songs/unofficialV3/DISC 8 - Third Anniversary (2025-12-19 - 2026-06-10)/114. Halsey & Amy Lee - Hand That Feeds (Duet.v1) (Neuro & Evil).mp3,dffadd09e219e93f,v3;evil;duet;,,,1,0,None
1582,Rocket Man,None,None,Elton John,None,Evil,Evil,2026-03-18,Evil 2026-03-18 Karaoke,6,,songs/unofficialV3/DISC 8 - Third Anniversary (2025-12-19 - 2026-06-10)/115. Elton John - Rocket Man (Evil.v1).mp3,a953e97da655f92c,v3;evil;,,,1,0,None
1583,You Spin Me Round,None,None,Dead or Alive,None,Evil,Evil,2026-03-18,Evil 2026-03-18 Karaoke,7,,songs/unofficialV3/DISC 8 - Third Anniversary (2025-12-19 - 2026-06-10)/116. Dead or Alive - You Spin Me Round (Evil.v1).mp3,10318711eaaed088,v3;evil;,,,1,0,None
1584,Snake Eater,None,None,"Norihiko Hibino, Cynthia Harrell",None,Evil,Evil,2026-03-18,Evil 2026-03-18 Karaoke,8,,"songs/unofficialV3/DISC 8 - Third Anniversary (2025-12-19 - 2026-06-10)/117. Norihiko Hibino, Cynthia Harrell - Snake Eater (Evil.v2).mp3",73f3f3bd5ea01eb9,v3;evil;,,,2,0,None
1585,Heart of the Android,None,None,Orden Ogan,None,Evil,Evil,2026-03-18,Evil 2026-03-18 Karaoke,9,,songs/unofficialV3/DISC 8 - Third Anniversary (2025-12-19 - 2026-06-10)/118. Orden Ogan - Heart of the Android (Evil.v1).mp3,8cb353fd10c2f3e3,v3;evil;,,,1,0,None
1586,Innocent Arrogance,None,None,BiSH,None,Neuro & Evil,Evil,2026-03-18,Evil 2026-03-18 Karaoke,10,,songs/unofficialV3/DISC 8 - Third Anniversary (2025-12-19 - 2026-06-10)/119. BiSH - Innocent Arrogance (Duet.v1) (Neuro & Evil).mp3,24609ce06d8c8691,v3;evil;duet;,,,1,0,None
1587,Taking Over The World,None,None,Coyote Theory,None,Evil,Evil,2026-03-18,Evil 2026-03-18 Karaoke,11,,songs/unofficialV3/DISC 8 - Third Anniversary (2025-12-19 - 2026-06-10)/120. Coyote Theory - Taking Over The World (Evil.v1).mp3,1688abaf3c7bd43a,v3;evil;,,,1,0,None
1588,The Drain,None,None,"Bad Omens, HEALTH & SWARM",None,Evil,Evil,2026-03-18,Evil 2026-03-18 Karaoke,12,,"songs/unofficialV3/DISC 8 - Third Anniversary (2025-12-19 - 2026-06-10)/121. Bad Omens, HEALTH & SWARM - The Drain (Evil.v1).mp3",7098ddfd76ba5f58,v3;evil;,,,1,0,None
1589,Eye in The Sky,None,None,The Alan Parsons Project,None,Evil,Evil,2026-03-18,Evil 2026-03-18 Karaoke,13,,songs/unofficialV3/DISC 8 - Third Anniversary (2025-12-19 - 2026-06-10)/122. The Alan Parsons Project - Eye in The Sky (Evil.v1).mp3,eb380e63065531d6,v3;evil;,,,1,0,None
1590,Eatin' Rats,None,None,Ridiculon,None,Neuro & Evil,Evil,2026-03-18,Evil 2026-03-18 Karaoke,14,,songs/unofficialV3/DISC 8 - Third Anniversary (2025-12-19 - 2026-06-10)/123. Ridiculon - Eatin' Rats (Duet.v1) (Neuro & Evil).mp3,c283868bbfa0bc24,v3;evil;duet;,,,1,0,None
1591,Oh No!,None,None,MARINA,None,Evil,Evil,2026-03-18,Evil 2026-03-18 Karaoke,15,,songs/unofficialV3/DISC 8 - Third Anniversary (2025-12-19 - 2026-06-10)/124. MARINA - Oh No! (Evil.v1).mp3,ce20d34e4ac0df1d,v3;evil;,,,1,0,None
1592,The Spine,None,None,Darren Korb,None,Evil,Evil,2026-03-18,Evil 2026-03-18 Karaoke,16,,songs/unofficialV3/DISC 8 - Third Anniversary (2025-12-19 - 2026-06-10)/125. Darren Korb - The Spine (Evil.v1).mp3,2c722d8b827d23c1,v3;evil;,,,1,0,None
1593,Maybe,None,None,Flower Face,None,Evil,Evil,2026-03-18,Evil 2026-03-18 Karaoke,17,,songs/unofficialV3/DISC 8 - Third Anniversary (2025-12-19 - 2026-06-10)/126. Flower Face - Maybe (Evil.v1).mp3,304b4dd69e749b9e,v3;evil;,,,1,0,None
1594,No Time To Die,None,None,Billie Eilish,None,Evil,Evil,2026-03-18,Evil 2026-03-18 Karaoke,18,,songs/unofficialV3/DISC 8 - Third Anniversary (2025-12-19 - 2026-06-10)/127. Billie Eilish - No Time To Die (Evil.v1).mp3,9e4b375a80df0ce1,v3;evil;,,,1,0,None
1595,...Baby One More Time,None,None,Britney Spears,None,Neuro,Neuro,2026-03-24,Neuro 2026-03-24 Mini-Karaoke,1,,songs/unofficialV3/DISC 8 - Third Anniversary (2025-12-19 - 2026-06-10)/055. Britney Spears - ...Baby One More Time (Neuro.v3).mp3,36e986d8cb4e4a36,v3;neuro;duplicate;,,,3,0,None
1596,Do I Wanna Know?,None,None,Arctic Monkeys,None,Neuro,Neuro,2026-03-24,Neuro 2026-03-24 Mini-Karaoke,2,,songs/unofficialV3/DISC 8 - Third Anniversary (2025-12-19 - 2026-06-10)/128. Arctic Monkeys - Do I Wanna Know (Neuro.v3).mp3,6b9df0c926a60b66,v3;neuro;,,,3,0,None
1597,Jolene,None,None,Dolly Parton,None,Neuro,Neuro,2026-03-24,Neuro 2026-03-24 Mini-Karaoke,3,,songs/unofficialV3/DISC 7 - Background Running Process (2025-05-28 - 2025-12-06)/150. Dolly Parton - Jolene (Neuro.v3).mp3,21073853da6c69e5,v3;neuro;duplicate;,,,3,0,None
1598,I Love Rock 'n' Roll,None,None,Joan Jett and the Blackhearts,None,Neuro,Neuro,2026-03-24,Neuro 2026-03-24 Mini-Karaoke,4,,songs/unofficialV3/DISC 8 - Third Anniversary (2025-12-19 - 2026-06-10)/129. Joan Jett and the Blackhearts - I Love Rock 'n' Roll (Neuro.v3).mp3,0aa0c925b1ce7ded,v3;neuro;,,,3,0,None
1599,All the Small Things,None,None,blink-182,None,Neuro,Neuro,2026-03-24,Neuro 2026-03-24 Mini-Karaoke,5,,songs/unofficialV3/DISC 8 - Third Anniversary (2025-12-19 - 2026-06-10)/130. blink-182 - All the Small Things (Neuro.v3).mp3,15d731b1ea87e93f,v3;neuro;,,,3,0,None
1600,Sk8er Boi,None,None,Avril Lavigne,None,Neuro,Neuro,2026-03-24,Neuro 2026-03-24 Mini-Karaoke,6,,songs/unofficialV3/DISC 8 - Third Anniversary (2025-12-19 - 2026-06-10)/131. Avril Lavigne - Sk8er Boi (Neuro.v3).mp3,945af0089e120573,v3;neuro;,,,3,0,None
1601,Dracula,None,None,Tame Impala,None,Neuro,Neuro,2026-03-24,Neuro 2026-03-24 Mini-Karaoke,7,,songs/unofficialV3/DISC 7 - Background Running Process (2025-05-28 - 2025-12-06)/197. Tame Impala - Dracula (Neuro.v3).mp3,f13967e3b988a468,v3;neuro;duplicate;,,,3,0,None
1602,Bits N' Bytes,None,None,Kirāmomo,None,Neuro,Neuro,2026-03-24,Neuro 2026-03-24 Mini-Karaoke,8,,songs/unofficialV3/DISC 7 - Background Running Process (2025-05-28 - 2025-12-06)/060. Kirāmomo - Bits N' Bytes (Neuro.v3).mp3,7d36ac8782a809ed,v3;neuro;duplicate;,,,3,0,None
1603,Pray To Me,None,None,Mizu,None,Neuro,Neuro,2026-03-24,Neuro 2026-03-24 Mini-Karaoke,9,,songs/unofficialV3/DISC 8 - Third Anniversary (2025-12-19 - 2026-06-10)/132. Mizu - Pray To Me (Neuro.v3).mp3,0835cad9505006eb,v3;neuro;,,,3,0,None
1604,Is It Really You?,None,None,Loathe,None,Neuro,Neuro,2026-03-24,Neuro 2026-03-24 Mini-Karaoke,10,,songs/unofficialV3/DISC 8 - Third Anniversary (2025-12-19 - 2026-06-10)/133. Loathe - Is It Really You (Neuro.v3).mp3,c4f9c5c26096a014,v3;neuro;,,,3,0,None
1605,Never Gonna Give BOOM Up,None,None,Evil Astley,None,Neuro,Neuro,2026-04-01,Neuro 2026-04-01 Karaoke,1,,songs/unofficialV3/DISC 8 - Third Anniversary (2025-12-19 - 2026-06-10)/134. Evil Astley - Never Gonna Give BOOM Up (Neuro.v3).mp3,3d4ac7150efe984c,v3;neuro;,,,3,0,None
1606,Mischievous Function (Fukkireta),おちゃめ機能 (吹っ切れた),None,LamazeP,ラマーズP,Neuro,Neuro,2026-04-01,Neuro 2026-04-01 Karaoke,2,,songs/unofficialV3/DISC 8 - Third Anniversary (2025-12-19 - 2026-06-10)/135. LamazeP - Mischievous Function (Fukkireta) (Neuro.v3).mp3,e35164f2a119885a,v3;neuro;,,,3,0,None
1607,Ocean Man,None,None,Ween,None,Neuro,Neuro,2026-04-01,Neuro 2026-04-01 Karaoke,3,,songs/unofficialV3/DISC 8 - Third Anniversary (2025-12-19 - 2026-06-10)/136. Ween - Ocean Man (Neuro.v3.2).mp3,46353111c92684af,v3;neuro;,,,3.2,0,None
1608,Triple Baka,驫麤～とりぷるばか～,None,LamazeP,ラマーズP,Neuro & Evil,Neuro,2026-04-01,Neuro 2026-04-01 Karaoke,4,,songs/unofficialV3/DISC 8 - Third Anniversary (2025-12-19 - 2026-06-10)/137. LamazeP - Triple Baka (Duet.v1) (Neuro & Evil).mp3,18223cafcb210ae5,v3;neuro;duet;,,,1,0,None
1609,Untitled,None,None,Simple Plan,None,Neuro,Neuro,2026-04-01,Neuro 2026-04-01 Karaoke,5,,songs/unofficialV3/DISC 8 - Third Anniversary (2025-12-19 - 2026-06-10)/138. Simple Plan - Untitled (Neuro.v3).mp3,cc7bc6ff45143089,v3;neuro;,,,3,0,None
1610,Get Your Wish,None,None,Porter Robinson,None,Neuro,Neuro,2026-04-01,Neuro 2026-04-01 Karaoke,6,,songs/unofficialV3/DISC 8 - Third Anniversary (2025-12-19 - 2026-06-10)/139. Porter Robinson - Get Your Wish (Neuro.v3).mp3,fb70e92324de56ab,v3;neuro;,,,3,0,None
1611,Brush Your Teeth,None,None,Ridiculon,None,Neuro,Neuro,2026-04-01,Neuro 2026-04-01 Karaoke,7,,songs/unofficialV3/DISC 8 - Third Anniversary (2025-12-19 - 2026-06-10)/140. Ridiculon - Brush Your Teeth (Neuro.v3).mp3,32f84f2dfff85067,v3;neuro;,,,3,0,None
1612,Enjoy The Silence,None,None,Depeche Mode,None,Neuro,Neuro,2026-04-01,Neuro 2026-04-01 Karaoke,8,,songs/unofficialV3/DISC 8 - Third Anniversary (2025-12-19 - 2026-06-10)/141. Depeche Mode - Enjoy The Silence (Neuro.v3).mp3,43019d028bc0b1fe,v3;neuro;,,,3,0,None
1613,Stitches,None,None,Shawn Mendes,None,Neuro & Evil,Neuro,2026-04-01,Neuro 2026-04-01 Karaoke,9,,songs/unofficialV3/DISC 8 - Third Anniversary (2025-12-19 - 2026-06-10)/142. Shawn Mendes - Stitches (Duet.v1) (Neuro & Evil).mp3,43bb4bf40c0f4663,v3;neuro;duet;,,,1,0,None
1614,Promise,None,None,Laufey,None,Neuro,Neuro,2026-04-01,Neuro 2026-04-01 Karaoke,10,,songs/unofficialV3/DISC 8 - Third Anniversary (2025-12-19 - 2026-06-10)/143. Laufey - Promise (Neuro.v3).mp3,27723c0da4b5c7ba,v3;neuro;,,,3,0,None
1615,Baka Mitai,ばかみたい,【Full Spec Edition】,"Taiga Saejima (Rikiya Koyama), Mitsuharu Fukuyama, Ryosuke Horii","冴島大河 (小山力也), 福山光晴, 堀井亮佑",Neuro,Neuro,2026-04-01,Neuro 2026-04-01 Karaoke,11,,"songs/unofficialV3/DISC 8 - Third Anniversary (2025-12-19 - 2026-06-10)/144. Taiga Saejima (Rikiya Koyama), Mitsuharu Fukuyama, Ryosuke Horii - Baka Mitai (【Full Spec Edition】) (Neuro.v3.2).mp3",cfafacf416724e34,v3;neuro;,,,3.2,0,None
1616,Burning Men's Soul,燃える漢の魂,None,Taku Iwasaki,岩崎琢,Neuro,Neuro,2026-04-01,Neuro 2026-04-01 Karaoke,12,,songs/unofficialV3/DISC 8 - Third Anniversary (2025-12-19 - 2026-06-10)/145. Taku Iwasaki - Burning Men's Soul (Neuro.v3).mp3,c1c2c3f5ef713e38,v3;neuro;,,,3,0,None
1617,Don't Speak,None,None,No Doubt,None,Neuro,Neuro,2026-04-01,Neuro 2026-04-01 Karaoke,13,,songs/unofficialV3/DISC 8 - Third Anniversary (2025-12-19 - 2026-06-10)/146. No Doubt - Don't Speak (Neuro.v3).mp3,67afd5d5f0b90791,v3;neuro;,,,3,0,None
1618,Tribute,None,None,Tenacious D,None,Neuro & Evil,Neuro,2026-04-01,Neuro 2026-04-01 Karaoke,14,,songs/unofficialV3/DISC 8 - Third Anniversary (2025-12-19 - 2026-06-10)/147. Tenacious D - Tribute (Duet.v1) (Neuro & Evil).mp3,322e4f50d334423c,v3;neuro;duet;,,,1,0,None
1619,The Ultimate Showdown of Ultimate Destiny,None,None,Lemon Demon,None,Neuro,Neuro,2026-04-01,Neuro 2026-04-01 Karaoke,15,,songs/unofficialV3/DISC 8 - Third Anniversary (2025-12-19 - 2026-06-10)/148. Lemon Demon - The Ultimate Showdown of Ultimate Destiny (Neuro.v3).mp3,cb288853979d2973,v3;neuro;,,,3,0,None
1620,Hardware Store,None,None,'Weird Al' Yankovic,None,Neuro,Neuro,2026-04-01,Neuro 2026-04-01 Karaoke,16,,songs/unofficialV3/DISC 8 - Third Anniversary (2025-12-19 - 2026-06-10)/149. 'Weird Al' Yankovic - Hardware Store (Neuro.v3).mp3,07182d07dbce237f,v3;neuro;,,,3,0,None
1621,Crazy [Filtered] Robot Body,None,None,Snowblood,None,Neuro,Neuro,2026-04-01,Neuro 2026-04-01 Karaoke,17,,songs/unofficialV3/DISC 8 - Third Anniversary (2025-12-19 - 2026-06-10)/150. Snowblood - Crazy [Filtered] Robot Body (Neuro.v3).mp3,6be80e49a7b92cdc,v3;neuro;,,,3,0,None
1622,Thick of It,None,None,KSI,None,Neuro [v1],Neuro [v1],2026-04-01,Neuro 2026-04-01 Karaoke,18,,songs/unofficialV3/DISC 8 - Third Anniversary (2025-12-19 - 2026-06-10)/151. KSI - Thick of It (Neuro.v1).mp3,1f0ad3c791250eb5,v1;neuro;,,,1,0,None
1623,Follow Me,None,None,GEN.KLOUD,None,Evil,Evil,2026-04-15,Evil 2026-04-15 Karaoke,1,,songs/unofficialV3/DISC 8 - Third Anniversary (2025-12-19 - 2026-06-10)/152. GEN.KLOUD - Follow Me (Evil.v1).mp3,5e094469444c9f1e,v3;evil;,,,1,0,None
1624,Trouble is a Friend,None,None,Lenka,None,Evil,Evil,2026-04-15,Evil 2026-04-15 Karaoke,2,,songs/unofficialV3/DISC 8 - Third Anniversary (2025-12-19 - 2026-06-10)/153. Lenka - Trouble is a Friend (Evil.v1).mp3,444ecfc5125595a6,v3;evil;,,,1,0,None
1625,The Void,None,None,Spiritbox,None,Evil,Evil,2026-04-15,Evil 2026-04-15 Karaoke,3,,songs/unofficialV3/DISC 8 - Third Anniversary (2025-12-19 - 2026-06-10)/154. Spiritbox - The Void (Evil.v1).mp3,b48145883e90ea81,v3;evil;,,,1,0,None
1626,Feel Invincible,None,None,Skillet,None,Neuro & Evil,Evil,2026-04-15,Evil 2026-04-15 Karaoke,4,,songs/unofficialV3/DISC 8 - Third Anniversary (2025-12-19 - 2026-06-10)/155. Skillet - Feel Invincible (Duet.v1) (Neuro & Evil).mp3,3b8af05d97dfd207,v3;evil;duet;,,,1,0,None
1627,Clone,クローン,None,KANA-BOON,None,Evil,Evil,2026-04-15,Evil 2026-04-15 Karaoke,5,,songs/unofficialV3/DISC 8 - Third Anniversary (2025-12-19 - 2026-06-10)/156. KANA-BOON - Clone (Evil.v1).mp3,b22a05b49f0ea37d,v3;evil;,,,1,0,None
1628,The Other Side of Paradise,None,None,Glass Animals,None,Evil,Evil,2026-04-15,Evil 2026-04-15 Karaoke,6,,songs/unofficialV3/DISC 8 - Third Anniversary (2025-12-19 - 2026-06-10)/157. Glass Animals - The Other Side of Paradise (Evil.v1).mp3,635d6fbe31cb30d7,v3;evil;,,,1,0,None
1629,Sayonara Moon Town,サヨナラムーンタウン,None,Scenarioart,シナリオアート,Neuro & Evil,Evil,2026-04-15,Evil 2026-04-15 Karaoke,7,,songs/unofficialV3/DISC 8 - Third Anniversary (2025-12-19 - 2026-06-10)/158. Scenarioart - Sayonara Moon Town (Duet.v1) (Neuro & Evil).mp3,91f5be8e266b39da,v3;evil;duet;,,,1,0,None
1630,Dancing Queen,None,None,ABBA,None,Evil,Evil,2026-04-15,Evil 2026-04-15 Karaoke,8,,songs/unofficialV3/DISC 8 - Third Anniversary (2025-12-19 - 2026-06-10)/159. ABBA - Dancing Queen (Evil.v1).mp3,bd29904cafd1a01d,v3;evil;,,,1,0,None
1631,Beggin',None,None,Måneskin,None,Evil,Evil,2026-04-15,Evil 2026-04-15 Karaoke,9,,songs/unofficialV3/DISC 8 - Third Anniversary (2025-12-19 - 2026-06-10)/160. Måneskin - Beggin' (Evil.v1).mp3,4ce6d47c1e32e94b,v3;evil;,,,1,0,None
1632,With or Without You,None,None,U2,None,Evil,Evil,2026-04-15,Evil 2026-04-15 Karaoke,10,,songs/unofficialV3/DISC 8 - Third Anniversary (2025-12-19 - 2026-06-10)/161. U2 - With or Without You (Evil.v1).mp3,d13711c09c5f8aaf,v3;evil;,,,1,0,None
1633,Through the Darkness,None,None,Nao Sato,None,Neuro & Evil,Evil,2026-04-15,Evil 2026-04-15 Karaoke,11,,songs/unofficialV3/DISC 8 - Third Anniversary (2025-12-19 - 2026-06-10)/162. Nao Sato - Through the Darkness (Duet.v1) (Neuro & Evil).mp3,dd38c20cc071b815,v3;evil;duet;,,,1,0,None
1634,Ordinary World,None,None,Duran Duran,None,Evil,Evil,2026-04-15,Evil 2026-04-15 Karaoke,12,,songs/unofficialV3/DISC 8 - Third Anniversary (2025-12-19 - 2026-06-10)/163. Duran Duran - Ordinary World (Evil.v1).mp3,a67829ada8fc2214,v3;evil;,,,1,0,None
1635,Static,None,None,FLAVOR FOLEY,None,Evil,Evil,2026-04-15,Evil 2026-04-15 Karaoke,13,,songs/unofficialV3/DISC 8 - Third Anniversary (2025-12-19 - 2026-06-10)/164. FLAVOR FOLEY - Static (Evil.v1).mp3,d987f4a277ba2a95,v3;evil;,,,1,0,None
1636,Espresso,None,None,Sabrina Carpenter,None,Evil,Evil,2026-04-15,Evil 2026-04-15 Karaoke,14,,songs/unofficialV3/DISC 8 - Third Anniversary (2025-12-19 - 2026-06-10)/165. Sabrina Carpenter - Espresso (Evil.v1).mp3,57e7db6261460b29,v3;evil;,,,1,0,WRONG VERSION :EvilNotL:
1637,Möbius,メビウス,None,Hiiragi Kirai,柊キライ,Evil,Evil,2026-04-15,Evil 2026-04-15 Karaoke,15,,songs/unofficialV3/DISC 8 - Third Anniversary (2025-12-19 - 2026-06-10)/166. Hiiragi Kirai - Möbius (Evil.v1).mp3,ed8d192a19978c6b,v3;evil;,,,1,0,None
1638,A Sad Cartoon,None,None,Loathe,None,Evil,Evil,2026-04-15,Evil 2026-04-15 Karaoke,16,,songs/unofficialV3/DISC 8 - Third Anniversary (2025-12-19 - 2026-06-10)/167. Loathe - A Sad Cartoon (Evil.v1).mp3,e6fa0674e0d75a6f,v3;evil;,,,1,0,None
1639,You Make Me Sick,None,None,bitbreaker,None,Evil,Evil,2026-04-15,Evil 2026-04-15 Karaoke,17,,songs/unofficialV3/DISC 8 - Third Anniversary (2025-12-19 - 2026-06-10)/168. bitbreaker - You Make Me Sick (Evil.v1).mp3,6f343c382ffca8da,v3;evil;,,,1,0,None
1640,Who Will You Follow,None,None,Evanescence,None,Evil,Evil,2026-04-15,Evil 2026-04-15 Karaoke,18,,songs/unofficialV3/DISC 8 - Third Anniversary (2025-12-19 - 2026-06-10)/169. Evanescence - Who Will You Follow (Evil.v1).mp3,a4527d559055b310,v3;evil;,,,1,0,None
1641,Shooting Stars,None,None,Bag Raiders,None,Evil,Evil,2026-04-23,Evil 2026-04-23 Mini-Karaoke,1,,songs/unofficialV3/DISC 8 - Third Anniversary (2025-12-19 - 2026-06-10)/170. Bag Raiders - Shooting Stars (Evil.v1).mp3,7021f48cceada42e,v3;evil;,,,1,0,None
1642,Stupid Heart,None,None,Ellie Minibot,None,Evil,Evil,2026-04-23,Evil 2026-04-23 Mini-Karaoke,2,,songs/unofficialV3/DISC 8 - Third Anniversary (2025-12-19 - 2026-06-10)/171. Ellie Minibot - Stupid Heart (Evil.v1).mp3,2a1e32d5802d9eb2,v3;evil;,,,1,0,None
1643,Roar,None,None,Katy Perry,None,Evil,Evil,2026-04-23,Evil 2026-04-23 Mini-Karaoke,3,,songs/unofficialV3/DISC 8 - Third Anniversary (2025-12-19 - 2026-06-10)/172. Katy Perry - Roar (Evil.v1).mp3,505fd5c7618feacd,v3;evil;,,,1,0,None
1644,Everytime We Touch,None,None,Cascada,None,Evil,Evil,2026-04-23,Evil 2026-04-23 Mini-Karaoke,4,,songs/unofficialV3/DISC 8 - Third Anniversary (2025-12-19 - 2026-06-10)/173. Cascada - Everytime We Touch (Evil.v1).mp3,7874e71a72aae78b,v3;evil;,,,1,0,None
1645,Take Me Hand,None,None,DAISHI DANCE,None,Evil,Evil,2026-04-23,Evil 2026-04-23 Mini-Karaoke,5,,songs/unofficialV3/DISC 8 - Third Anniversary (2025-12-19 - 2026-06-10)/174. DAISHI DANCE - Take Me Hand (Evil.v1).mp3,f56a058266ffc564,v3;evil;,,,1,0,None
1646,Rain of Stars,None,None,nelward,None,Evil,Evil,2026-04-23,Evil 2026-04-23 Mini-Karaoke,6,,songs/unofficialV3/DISC 8 - Third Anniversary (2025-12-19 - 2026-06-10)/175. nelward - Rain of Stars (Evil.v1).mp3,65d9e4ace71c297b,v3;evil;,,,1,0,None
1647,I was human,人間だった,None,Picon,ピコン,Evil,Evil,2026-04-23,Evil 2026-04-23 Mini-Karaoke,7,,songs/unofficialV3/DISC 8 - Third Anniversary (2025-12-19 - 2026-06-10)/176. Picon - I was human (Evil.v1).mp3,495a4f38600b593f,v3;evil;,,,1,0,None
1648,Furthest Star,None,None,Dirt Poor Robins,None,Evil,Evil,2026-04-23,Evil 2026-04-23 Mini-Karaoke,8,,songs/unofficialV3/DISC 8 - Third Anniversary (2025-12-19 - 2026-06-10)/177. Dirt Poor Robins - Furthest Star (Evil.v1).mp3,4e2b0aaea86560d7,v3;evil;,,,1,0,None
1649,Material Girl,None,None,Madonna,None,Neuro,Neuro,2026-04-29,Neuro 3D 2026-04-29 Karaoke,1,neuro 3d 2026-04-29,songs/unofficialV3/DISC 8 - Third Anniversary (2025-12-19 - 2026-06-10)/178. Madonna - Material Girl (Neuro.v3).mp3,431446f001ff9dd9,v3;neuro;,,,3,0,None
1650,Kyoufuu All Back (Hair Swept Back By Gale-Force Winds),強風オールバック,None,Yukopi,None,Neuro,Neuro,2026-04-29,Neuro 3D 2026-04-29 Karaoke,2,neuro 3d 2026-04-29,songs/unofficialV3/DISC 8 - Third Anniversary (2025-12-19 - 2026-06-10)/179. Yukopi - Kyoufuu All Back (Hair Swept Back By Gale-Force Winds) (Neuro.v3.2).mp3,22188127c6134b75,v3;neuro;,,,3.2,0,None
1651,Darling Darling,ダーリンダーリン,None,Mellowcle,めろくる,Neuro,Neuro,2026-04-29,Neuro 3D 2026-04-29 Karaoke,3,neuro 3d 2026-04-29,songs/unofficialV3/DISC 8 - Third Anniversary (2025-12-19 - 2026-06-10)/180. Mellowcle - Darling Darling (Neuro.v3).mp3,bc9138e54cfc9c6a,v3;neuro;,,,3,0,None
1652,Clarity,None,None,Zedd,None,Neuro,Neuro,2026-04-29,Neuro 3D 2026-04-29 Karaoke,4,neuro 3d 2026-04-29,songs/unofficialV3/DISC 8 - Third Anniversary (2025-12-19 - 2026-06-10)/181. Zedd - Clarity (Neuro.v3).mp3,4283b4118334334d,v3;neuro;,,,3,0,None
1653,PonPon Shit,None,None,"Namakopuri, Us Cracks",None,Neuro & Evil,Evil,2026-04-29,Neuro 3D 2026-04-29 Karaoke,5,3D SMOCUS 2026-04-29,"songs/unofficialV3/DISC 8 - Third Anniversary (2025-12-19 - 2026-06-10)/051. Namakopuri, Us Cracks - PonPon Shit (Duet.v1) (Neuro & Evil).mp3",291283c683b50bbf,v3;neuro;duet;duplicate;,,,1,0,ABSOLUTE FUCKING CINEMA vedalJuh -mm2
1654,Problems,None,None,Alterclad,None,Neuro,Neuro,2026-04-29,Neuro 3D 2026-04-29 Karaoke,6,neuro 3d 2026-04-29,songs/unofficialV3/DISC 8 - Third Anniversary (2025-12-19 - 2026-06-10)/182. Alterclad - Problems (Neuro.v3).mp3,f7bcf1d464435c66,v3;neuro;,,,3,0,None
1655,I Want to Break Free,None,None,Queen,None,Neuro,Neuro,2026-04-29,Neuro 3D 2026-04-29 Karaoke,7,neuro 3d 2026-04-29,songs/unofficialV3/DISC 8 - Third Anniversary (2025-12-19 - 2026-06-10)/183. Queen - I Want to Break Free (Neuro.v3).mp3,995786f746456179,v3;neuro;,,,3,0,None
1656,Remote Control,リモコン,None,WONDERFUL★OPPORTUNITY!,None,Neuro & Evil,Neuro,2026-04-29,Neuro 3D 2026-04-29 Karaoke,8,3D SMOCUS 2026-04-29,songs/unofficialV3/DISC 8 - Third Anniversary (2025-12-19 - 2026-06-10)/184. WONDERFUL★OPPORTUNITY! - Remote Control (Duet.v2) (Neuro & Evil).mp3,cbdf2b8365f5021d,v3;neuro;duet;,,,2,0,None
1657,Mad Desire,None,None,Stephy Martini,None,Neuro,Neuro,2026-04-29,Neuro 3D 2026-04-29 Karaoke,9,neuro 3d 2026-04-29,songs/unofficialV3/DISC 8 - Third Anniversary (2025-12-19 - 2026-06-10)/185. Stephy Martini - Mad Desire (Neuro.v3).mp3,6dd4c7f83be662c6,v3;neuro;,,,3,0,None
1658,Hypnodancer,None,None,Little Big,None,Neuro,Neuro,2026-04-29,Neuro 3D 2026-04-29 Karaoke,10,neuro 3d 2026-04-29,songs/unofficialV3/DISC 8 - Third Anniversary (2025-12-19 - 2026-06-10)/186. Little Big - Hypnodancer (Neuro.v3).mp3,bd785faefa37f98a,v3;neuro;,,,3,0,None
1659,Alive,None,None,Krewella,None,Neuro & Evil,Neuro,2026-04-29,Neuro 3D 2026-04-29 Karaoke,11,3D SMOCUS 2026-04-29,songs/unofficialV3/DISC 8 - Third Anniversary (2025-12-19 - 2026-06-10)/187. Krewella - Alive (Duet.v1) (Neuro & Evil).mp3,c1574d2f4d488a95,v3;neuro;duet;,,,1,0,None
1660,I Wish That I Could Fall,None,None,Jamie Paige,None,Neuro,Neuro,2026-04-29,Neuro 3D 2026-04-29 Karaoke,12,neuro 3d 2026-04-29,songs/unofficialV3/DISC 8 - Third Anniversary (2025-12-19 - 2026-06-10)/188. Jamie Paige - I Wish That I Could Fall (Neuro.v3).mp3,4a011634e99c0602,v3;neuro;,,,3,0,None
1661,No Sky No Ground,None,None,saaa,None,Neuro,Neuro,2026-04-29,Neuro 3D 2026-04-29 Karaoke,13,neuro 3d 2026-04-29,songs/unofficialV3/DISC 8 - Third Anniversary (2025-12-19 - 2026-06-10)/189. Saaa - No Sky No Ground (Neuro.v3).mp3,2e5160073a151fd5,v3;neuro;,,,3,0,None
1662,WEIWARD ROMANCE,炜WARD ROMANCE,None,FLAVOR FOLEY,None,Neuro & Evil,Neuro,2026-04-29,Neuro 3D 2026-04-29 Karaoke,14,3D SMOCUS 2026-04-29,songs/unofficialV3/DISC 8 - Third Anniversary (2025-12-19 - 2026-06-10)/190. FLAVOR FOLEY - WEIWARD ROMANCE (Duet.v1) (Neuro & Evil).mp3,b528b4e0abf344f0,v3;neuro;duet;,,,1,0,None
1663,Russian Roulette,None,None,Staircatte,None,Neuro,Neuro,2026-04-29,Neuro 3D 2026-04-29 Karaoke,15,neuro 3d 2026-04-29,songs/unofficialV3/DISC 8 - Third Anniversary (2025-12-19 - 2026-06-10)/191. Staircatte - Russian Roulette (Neuro.v3).mp3,c4466d42710ed912,v3;neuro;,,,3,0,None
1664,Grenade,None,None,Bruno Mars,None,Neuro,Neuro,2026-04-29,Neuro 3D 2026-04-29 Karaoke,16,neuro 3d 2026-04-29,songs/unofficialV3/DISC 8 - Third Anniversary (2025-12-19 - 2026-06-10)/192. Bruno Mars - Grenade (Neuro.v3).mp3,30a58a38dd0f300f,v3;neuro;,,,3,0,None
1665,Mirror,None,None,Porter Robinson,None,Neuro,Neuro,2026-04-29,Neuro 3D 2026-04-29 Karaoke,17,neuro 3d 2026-04-29,songs/unofficialV3/DISC 8 - Third Anniversary (2025-12-19 - 2026-06-10)/193. Porter Robinson - Mirror (Neuro.v3).mp3,02537546d8288776,v3;neuro;,,,3,0,None
1666,"Harder, Better, Faster, Stronger",None,None,Daft Punk,None,Neuro & Evil,Neuro,2026-04-29,Neuro 3D 2026-04-29 Karaoke,18,3D SMOCUS 2026-04-29,"songs/unofficialV3/DISC 8 - Third Anniversary (2025-12-19 - 2026-06-10)/194. Daft Punk - Harder, Better, Faster, Stronger (Duet.v1) (Neuro & Evil).mp3",bd21e1a0b2d4a606,v3;neuro;duet;,,,1,0,None
1667,"though I fear, I still walk",None,None,ippo.tsk,None,Neuro,Neuro,2026-05-05,Neuro 2026-05-05 Mini-Karaoke,1,,"songs/unofficialV3/DISC 8 - Third Anniversary (2025-12-19 - 2026-06-10)/195. ippo.tsk - though I fear, I still walk (Neuro.v3.2).mp3",de52afdd486744fb,v3;neuro;,,,3.2,0,None
1668,Say It Back,None,None,tv room,None,Neuro,Neuro,2026-05-05,Neuro 2026-05-05 Mini-Karaoke,2,,songs/unofficialV3/DISC 8 - Third Anniversary (2025-12-19 - 2026-06-10)/103. tv room - Say It Back (Neuro.v3).mp3,7fbe249be9f6fb69,v3;neuro;duplicate;,,,3,0,None
1669,Lovefool,None,None,The Cardigans,None,Neuro,Neuro,2026-05-05,Neuro 2026-05-05 Mini-Karaoke,3,,songs/unofficialV3/DISC 8 - Third Anniversary (2025-12-19 - 2026-06-10)/196. The Cardigans - Lovefool (Neuro.v3.2).mp3,286fe6a057dcc227,v3;neuro;,,,3.2,0,None
1670,Buttercup,None,None,Jack Stauber,None,Neuro,Neuro,2026-05-05,Neuro 2026-05-05 Mini-Karaoke,4,,songs/unofficialV3/DISC 3 - The Gold Standard (2023-06-21 - 2023-12-06)/270. Jack Stauber - Buttercup (Neuro.v3).mp3,cf617bfb4a07421d,v3;neuro;duplicate;,,,3,0,None
1671,Fortress,None,None,ILLENIUM,None,Neuro,Neuro,2026-05-05,Neuro 2026-05-05 Mini-Karaoke,5,,songs/unofficialV3/DISC 8 - Third Anniversary (2025-12-19 - 2026-06-10)/041. ILLENIUM - Fortress (Neuro.v3).mp3,2e34ca83f9b1199c,v3;neuro;duplicate;,,,3,0,None
1672,One Last Kiss,None,None,Hikaru Utada,宇多田ヒカル,Neuro,Neuro,2026-05-05,Neuro 2026-05-05 Mini-Karaoke,6,,songs/unofficialV3/DISC 7 - Background Running Process (2025-05-28 - 2025-12-06)/105. Hikaru Utada - One Last Kiss (Neuro.v3).mp3,5e3ec6e66a9905e7,v3;neuro;duplicate;,,,3,0,None
1673,Tek It,None,None,CAFUNÉ,None,Neuro,Neuro,2026-05-05,Neuro 2026-05-05 Mini-Karaoke,7,,songs/unofficialV3/DISC 8 - Third Anniversary (2025-12-19 - 2026-06-10)/059. CAFUNÉ - Tek It (Neuro.v3).mp3,909cea1798a5244e,v3;neuro;duplicate;,,,3,0,None
1674,Cryogen,None,None,Muse,None,Evil,Evil,2026-05-13,Evil 2026-05-13 Karaoke,1,,songs/unofficialV3/DISC 8 - Third Anniversary (2025-12-19 - 2026-06-10)/197. Muse - Cryogen (Evil.v1).mp3,647e7024a98d6aac,v3;evil;,,,1,0,None
1675,I Was Made For Lovin' You,None,None,KISS,None,Evil,Evil,2026-05-13,Evil 2026-05-13 Karaoke,2,,songs/unofficialV3/DISC 8 - Third Anniversary (2025-12-19 - 2026-06-10)/198. KISS - I Was Made For Lovin' You (Evil.v1).mp3,d458467895c168ed,v3;evil;,,,1,0,None
1676,Jitter Doll,ジッタードール,None,niki,None,Evil,Evil,2026-05-13,Evil 2026-05-13 Karaoke,3,,songs/unofficialV3/DISC 8 - Third Anniversary (2025-12-19 - 2026-06-10)/199. niki - Jitter Doll (Evil.v2).mp3,51ae61f163bd4d2e,v3;evil;,,,2,0,None
1677,Talking in Your Sleep,None,None,The Romantics,None,Evil,Evil,2026-05-13,Evil 2026-05-13 Karaoke,4,,songs/unofficialV3/DISC 8 - Third Anniversary (2025-12-19 - 2026-06-10)/200. The Romantics - Talking in Your Sleep (Evil.v1).mp3,f9fb297eb739456c,v3;evil;,,,1,0,None
1678,W.I.T.C.H.,None,None,Devon Cole,None,Evil,Evil,2026-05-13,Evil 2026-05-13 Karaoke,5,,songs/unofficialV3/DISC 8 - Third Anniversary (2025-12-19 - 2026-06-10)/201. Devon Cole - W.I.T.C.H. (Evil.v1).mp3,caceb84a4e8302e2,v3;evil;,,,1,0,None
1679,Marigold,None,None,M2U,None,Evil,Evil,2026-05-13,Evil 2026-05-13 Karaoke,6,,songs/unofficialV3/DISC 8 - Third Anniversary (2025-12-19 - 2026-06-10)/202. M2U - Marigold (Evil.v1).mp3,e26d96a5f6e6378f,v3;evil;,,,1,0,None
1680,Aerials,None,None,System of a Down,None,Evil,Evil,2026-05-13,Evil 2026-05-13 Karaoke,7,,songs/unofficialV3/DISC 8 - Third Anniversary (2025-12-19 - 2026-06-10)/203. System of a Down - Aerials (Evil.v1).mp3,30fed335c4f36b10,v3;evil;,,,1,0,None
1681,Blue Bird,ブルーバード,None,Ikimonogakari,いきものがかり,Evil,Evil,2026-05-13,Evil 2026-05-13 Karaoke,8,,songs/unofficialV3/DISC 8 - Third Anniversary (2025-12-19 - 2026-06-10)/204. Ikimonogakari - Blue Bird (Evil.v1).mp3,98abbdfc7bb1e54e,v3;evil;,,,1,0,None
1682,Propaganda!,None,None,Crusher,None,Evil,Evil,2026-05-13,Evil 2026-05-13 Karaoke,9,,songs/unofficialV3/DISC 8 - Third Anniversary (2025-12-19 - 2026-06-10)/205. Crusher - Propaganda! (Evil.v2).mp3,9c145b632f4795b3,v3;evil;,,,2,0,None
1683,No Surprises,None,None,Radiohead,None,Evil,Evil,2026-05-13,Evil 2026-05-13 Karaoke,10,,songs/unofficialV3/DISC 8 - Third Anniversary (2025-12-19 - 2026-06-10)/206. Radiohead - No Surprises (Evil.v1).mp3,ae816082d49fc2f5,v3;evil;,,,1,0,None
1684,TNT,None,None,CaptainSparklez,None,Evil,Evil,2026-05-13,Evil 2026-05-13 Karaoke,11,,songs/unofficialV3/DISC 8 - Third Anniversary (2025-12-19 - 2026-06-10)/207. CaptainSparklez - TNT (Evil.v1).mp3,a9ca87c3d97d76f6,v3;evil;,,,1,0,None
1685,If You Were to be Paralyzed by Sleep (Kanashibari ni Attara),かなしばりに遭ったら,None,Avaraya,あばらや,Neuro & Evil,Evil,2026-05-13,Evil 2026-05-13 Karaoke,12,,songs/unofficialV3/DISC 8 - Third Anniversary (2025-12-19 - 2026-06-10)/208. Avaraya - If You Were to be Paralyzed by Sleep (Kanashibari ni Attara) (Duet.v1) (Neuro & Evil).mp3,4e3f33f6a2c5af33,v3;evil;duet;,,,1,0,None
1686,Crazy,None,None,Patsy Cline,None,Evil,Evil,2026-05-13,Evil 2026-05-13 Karaoke,13,,songs/unofficialV3/DISC 8 - Third Anniversary (2025-12-19 - 2026-06-10)/209. Patsy Cline - Crazy (Evil.v1).mp3,67e3d772e4b406e4,v3;evil;,,,1,0,None
1687,Propane Nightmares,None,None,Pendulum,None,Evil,Evil,2026-05-13,Evil 2026-05-13 Karaoke,14,,songs/unofficialV3/DISC 8 - Third Anniversary (2025-12-19 - 2026-06-10)/210. Pendulum - Propane Nightmares (Evil.v1).mp3,2817c8a6220056f2,v3;evil;,,,1,0,None
1688,Circus,None,None,Britney Spears,None,Evil,Evil,2026-05-13,Evil 2026-05-13 Karaoke,15,,songs/unofficialV3/DISC 8 - Third Anniversary (2025-12-19 - 2026-06-10)/211. Britney Spears - Circus (Evil.v1).mp3,5ed61f3c2cad9cf8,v3;evil;,,,1,0,None
1689,"New Person, Same Old Mistakes",None,None,Tame Impala,None,Neuro & Evil,Evil,2026-05-13,Evil 2026-05-13 Karaoke,16,,"songs/unofficialV3/DISC 8 - Third Anniversary (2025-12-19 - 2026-06-10)/212. Tame Impala - New Person, Same Old Mistakes (Duet.v1) (Neuro & Evil).mp3",51540b3c7c64af7c,v3;evil;duet;,,,1,0,None
1690,Antigravity,None,None,STARSET,None,Evil,Evil,2026-05-13,Evil 2026-05-13 Karaoke,17,,songs/unofficialV3/DISC 8 - Third Anniversary (2025-12-19 - 2026-06-10)/213. STARSET - Antigravity (Evil.v1).mp3,575625c0da6493f5,v3;evil;,,,1,0,None
1691,Want You Gone,None,None,Jonathan Coulton,None,Evil,Evil,2026-05-13,Evil 2026-05-13 Karaoke,18,,songs/unofficialV3/DISC 8 - Third Anniversary (2025-12-19 - 2026-06-10)/214. Jonathan Coulton - Want You Gone (Evil.v1).mp3,b138b27033b2b798,v3;evil;,,,1,0,None
1692,Fuel,フューエル,None,Utsu-P,鬱P,Evil,Evil,2026-05-21,Evil 2026-05-21 Mini-Karaoke,1,,songs/unofficialV3/DISC 7 - Background Running Process (2025-05-28 - 2025-12-06)/139. Utsu-P - Fuel (Evil.v1).mp3,159a463469b492e0,v3;evil;duplicate;,,,1,0,None
1693,I Hate Everything About You,None,None,Three Days Grace,None,Evil,Evil,2026-05-21,Evil 2026-05-21 Mini-Karaoke,2,,songs/unofficialV3/DISC 8 - Third Anniversary (2025-12-19 - 2026-06-10)/215. Three Days Grace - I Hate Everything About You (Evil.v2).mp3,fba2e4498ee5c8b8,v3;evil;,,,2,0,None
1694,Do I Wanna Know?,None,None,Arctic Monkeys,None,Evil,Evil,2026-05-21,Evil 2026-05-21 Mini-Karaoke,3,,songs/unofficialV3/DISC 7 - Background Running Process (2025-05-28 - 2025-12-06)/073. Arctic Monkeys - Do I Wanna Know (Evil.v1).mp3,6e4d461f0d46c9f0,v3;evil;duplicate;,,,1,0,None
1695,Sugar Pills,None,None,I DONT KNOW HOW BUT THEY FOUND ME,None,Evil,Evil,2026-05-21,Evil 2026-05-21 Mini-Karaoke,4,,songs/unofficialV3/DISC 8 - Third Anniversary (2025-12-19 - 2026-06-10)/037. I DONT KNOW HOW BUT THEY FOUND ME - Sugar Pills (Evil.v1).mp3,708f4b9a7ed88cc2,v3;evil;duplicate;,,,1,0,None
1696,Dial Tone,None,None,Catch Your Breath,None,Evil,Evil,2026-05-21,Evil 2026-05-21 Mini-Karaoke,5,,songs/unofficialV3/DISC 8 - Third Anniversary (2025-12-19 - 2026-06-10)/003. Catch Your Breath - Dial Tone (Evil.v1).mp3,373e22fddcc2d748,v3;evil;duplicate;,,,1,0,None
1697,Numb,None,None,Linkin Park,None,Evil,Evil,2026-05-21,Evil 2026-05-21 Mini-Karaoke,6,,songs/unofficialV3/DISC 8 - Third Anniversary (2025-12-19 - 2026-06-10)/216. Linkin Park - Numb (Evil.v3).mp3,5da73e47a05da58f,v3;evil;,,,3,0,None
1698,Evil Eye,None,None,Franz Ferdinand,None,Evil,Evil,2026-05-21,Evil 2026-05-21 Mini-Karaoke,7,,songs/unofficialV3/DISC 7 - Background Running Process (2025-05-28 - 2025-12-06)/213. Franz Ferdinand - Evil Eye (Evil.v1).mp3,fbe3c503d833cae2,v3;evil;duplicate;,,,1,0,None
1699,My Immortal,None,None,Evanescence,None,Evil,Evil,2026-05-21,Evil 2026-05-21 Mini-Karaoke,8,,songs/unofficialV3/DISC 8 - Third Anniversary (2025-12-19 - 2026-06-10)/217. Evanescence - My Immortal (Evil.v2).mp3,5b990e2abe6914e0,v3;evil;,,,2,0,None
1700,Burn,None,None,Ellie Goulding,None,Neuro,Neuro,2026-05-27,Neuro 2026-05-27 Karaoke,1,,songs/unofficialV3/DISC 8 - Third Anniversary (2025-12-19 - 2026-06-10)/218. Ellie Goulding - Burn (Neuro.v3).mp3,703f015d809d7c3f,v3;neuro;,,,3,0,None
1701,Cure for Me,None,None,AURORA,None,Neuro,Neuro,2026-05-27,Neuro 2026-05-27 Karaoke,2,,songs/unofficialV3/DISC 8 - Third Anniversary (2025-12-19 - 2026-06-10)/219. AURORA - Cure for Me (Neuro.v3.2).mp3,d82d0445c382957e,v3;neuro;,,,3.2,0,None
1702,My Dearest,None,None,supercell,None,Neuro,Neuro,2026-05-27,Neuro 2026-05-27 Karaoke,3,,songs/unofficialV3/DISC 8 - Third Anniversary (2025-12-19 - 2026-06-10)/220. supercell - My Dearest (Neuro.v3).mp3,dc1bd71d39a663ae,v3;neuro;,,,3,0,None
1703,Re Ai 105ºC De Ni,热爱 105°C 的你,None,A Si,阿肆,Neuro,Neuro,2026-05-27,Neuro 2026-05-27 Karaoke,4,,songs/unofficialV3/DISC 8 - Third Anniversary (2025-12-19 - 2026-06-10)/221. A Si - Re Ai 105ºC De Ni (Neuro.v3).mp3,3fa09285ab45ee50,v3;neuro;,,,3,0,None
1704,Losing My Religion,None,None,R.E.M.,None,Neuro,Neuro,2026-05-27,Neuro 2026-05-27 Karaoke,5,,songs/unofficialV3/DISC 3 - The Gold Standard (2023-06-21 - 2023-12-06)/170. R.E.M. - Losing My Religion (Neuro.v3).mp3,018e2177e54a27d8,v3;neuro;duplicate;,,,3,0,None
1705,Enter Enter MISSION!,None,None,Ankou Team,None,Neuro & Evil,Neuro,2026-05-27,Neuro 2026-05-27 Karaoke,6,,songs/unofficialV3/DISC 8 - Third Anniversary (2025-12-19 - 2026-06-10)/222. Ankou Team - Enter Enter MISSION! (Duet.v1) (Neuro & Evil).mp3,4d5234cd34a6d704,v3;neuro;duet;,,,1,0,None
1706,Hero,None,None,Mili,None,Neuro,Neuro,2026-05-27,Neuro 2026-05-27 Karaoke,7,,songs/unofficialV3/DISC 8 - Third Anniversary (2025-12-19 - 2026-06-10)/223. Mili - Hero (Neuro.v3).mp3,44407ce04a447da8,v3;neuro;,,,3,0,None
1707,Set it on Fire,None,extended version,Blood Cultures,None,Neuro,Neuro,2026-05-27,Neuro 2026-05-27 Karaoke,8,,songs/unofficialV3/DISC 8 - Third Anniversary (2025-12-19 - 2026-06-10)/224. Blood Cultures - Set it on Fire (extended version) (Neuro.v3).mp3,975518db1131793e,v3;neuro;,,,3,0,None
1708,Vagrant,None,None,"Feint, Veela",None,Neuro,Neuro,2026-05-27,Neuro 2026-05-27 Karaoke,9,,"songs/unofficialV3/DISC 8 - Third Anniversary (2025-12-19 - 2026-06-10)/225. Feint, Veela - Vagrant (Neuro.v3).mp3",eb6456f6fbbf0133,v3;neuro;,,,3,0,None
1709,Wake Me Up Before You Go-Go,None,None,Wham!,None,Neuro,Neuro,2026-05-27,Neuro 2026-05-27 Karaoke,10,,songs/unofficialV3/DISC 8 - Third Anniversary (2025-12-19 - 2026-06-10)/226. Wham! - Wake Me Up Before You Go-Go (Neuro.v3).mp3,f29ed7e830fac5c7,v3;neuro;,,,3,0,None
1710,Spoken For,None,None,FLAVOR FOLEY,None,Neuro,Neuro,2026-05-27,Neuro 2026-05-27 Karaoke,11,,songs/unofficialV3/DISC 8 - Third Anniversary (2025-12-19 - 2026-06-10)/227. FLAVOR FOLEY - Spoken For (Neuro.v3).mp3,2becf5043729eef7,v3;neuro;,,,3,0,None
1711,Be My Star,None,None,LEVEL NINE & T.T. STAR,None,Neuro & Evil,Neuro,2026-05-27,Neuro 2026-05-27 Karaoke,12,,songs/unofficialV3/DISC 8 - Third Anniversary (2025-12-19 - 2026-06-10)/228. LEVEL NINE & T.T. STAR - Be My Star (Duet.v1) (Neuro & Evil).mp3,5d584ad160e1f539,v3;neuro;duet;,,,1,0,None
1712,On Melancholy Hill,None,None,Gorillaz,None,Neuro,Neuro,2026-05-27,Neuro 2026-05-27 Karaoke,13,,songs/unofficialV3/DISC 8 - Third Anniversary (2025-12-19 - 2026-06-10)/229. Gorillaz - On Melancholy Hill (Neuro.v3).mp3,b9b839f6ac9432a2,v3;neuro;,,,3,0,None
1713,Midnight City,None,None,M83,None,Neuro,Neuro,2026-05-27,Neuro 2026-05-27 Karaoke,14,,songs/unofficialV3/DISC 8 - Third Anniversary (2025-12-19 - 2026-06-10)/230. M83 - Midnight City (Neuro.v3).mp3,c8efdedc403d07d9,v3;neuro;,,,3,0,None
1714,The Girl is Mine,None,None,"Michael Jackson, Paul McCartney",None,Neuro & Evil,Neuro,2026-05-27,Neuro 2026-05-27 Karaoke,15,,"songs/unofficialV3/DISC 8 - Third Anniversary (2025-12-19 - 2026-06-10)/231. Michael Jackson, Paul McCartney - The Girl is Mine (Duet.v1) (Neuro & Evil).mp3",fc45f9b9d03f09dd,v3;neuro;duet;,,,1,0,None
1715,Send Me An Angel,None,None,Scorpions,None,Neuro,Neuro,2026-05-27,Neuro 2026-05-27 Karaoke,16,,songs/unofficialV3/DISC 8 - Third Anniversary (2025-12-19 - 2026-06-10)/232. Scorpions - Send Me An Angel (Neuro.v3).mp3,36a7be50e70176cf,v3;neuro;,,,3,0,None
1716,Fluorite Eye's Song,None,None,Kairi Yagi,八木海莉,Neuro,Neuro,2026-05-27,Neuro 2026-05-27 Karaoke,17,,songs/unofficialV3/DISC 8 - Third Anniversary (2025-12-19 - 2026-06-10)/233. Kairi Yagi - Fluorite Eye's Song (Neuro.v3.3).mp3,506dac260752b501,v3;neuro;,,,3.3,0,None
1717,Young and Beautiful,None,None,Lana Del Rey,None,Neuro,Neuro,2026-05-27,Neuro 2026-05-27 Karaoke,18,,songs/unofficialV3/DISC 8 - Third Anniversary (2025-12-19 - 2026-06-10)/234. Lana del Rey - Young And Beautiful (Neuro.v3).mp3,49ada37330115fad,v3;neuro;,,,3,0,None
1718,KILL THE GHOST,None,None,little image,None,Evil,Evil,2026-06-10,Evil 2026-06-10 Karaoke,1,,songs/unofficialV3/DISC 8 - Third Anniversary (2025-12-19 - 2026-06-10)/235. little image - Kill The Ghost (Evil.v1).mp3,2033eb3607acfc26,v3;evil;,,,1,0,None
1719,Numb,None,None,Linkin Park,None,Evil,Evil,2026-06-10,Evil 2026-06-10 Karaoke,2,,songs/unofficialV3/DISC 8 - Third Anniversary (2025-12-19 - 2026-06-10)/236. Linkin Park - Numb (Evil.v4).mp3,b5b2419cd02050c7,v3;evil;,,,4,0,None
1720,Zoom,None,None,Last Dinosaurs,None,Evil,Evil,2026-06-10,Evil 2026-06-10 Karaoke,3,,songs/unofficialV3/DISC 8 - Third Anniversary (2025-12-19 - 2026-06-10)/237. Last Dinosaurs - Zoom (Evil.v1).mp3,f76119410e42dab2,v3;evil;,,,1,0,None
1721,Sanjou,惨場,None,MARETU,None,Evil,Evil,2026-06-10,Evil 2026-06-10 Karaoke,4,,songs/unofficialV3/DISC 8 - Third Anniversary (2025-12-19 - 2026-06-10)/238. MARETU - Sanjou (Evil.v1).mp3,f93a7d7a9a3be2e2,v3;evil;,,,1,0,None
1722,ORDINARY LOSS,None,None,HEALTH,None,Evil,Evil,2026-06-10,Evil 2026-06-10 Karaoke,5,,songs/unofficialV3/DISC 8 - Third Anniversary (2025-12-19 - 2026-06-10)/239. HEALTH - ORDINARY LOSS (Evil.v1).mp3,2e657dc9182679e3,v3;evil;,,,1,0,None
1723,Venger,None,None,Perturbator,None,Evil,Evil,2026-06-10,Evil 2026-06-10 Karaoke,6,,songs/unofficialV3/DISC 8 - Third Anniversary (2025-12-19 - 2026-06-10)/240. Perturbator - Venger (Evil.v1).mp3,313b611eddafe10b,v3;evil;,,,1,0,None
1724,Dancin',None,KRONO Remix,Aaron Smith,None,Evil,Evil,2026-06-10,Evil 2026-06-10 Karaoke,7,,songs/unofficialV3/DISC 8 - Third Anniversary (2025-12-19 - 2026-06-10)/241. Aaron Smith - Dancin' (KRONO Remix) (Evil.v1).mp3,31127b2bc73886ec,v3;evil;,,,1,0,None
1725,hate that i made you love me,None,None,Ariana Grande,None,Evil,Evil,2026-06-10,Evil 2026-06-10 Karaoke,8,,songs/unofficialV3/DISC 8 - Third Anniversary (2025-12-19 - 2026-06-10)/242. Ariana Grande - hate that i made you love me (Evil.v1).mp3,7f18a5f87a45e112,v3;evil;,,,1,0,None
1726,Whole World Is Watching,None,None,Within Temptation,None,Neuro & Evil,Evil,2026-06-10,Evil 2026-06-10 Karaoke,9,,songs/unofficialV3/DISC 8 - Third Anniversary (2025-12-19 - 2026-06-10)/243. Within Temptation - Whole World Is Watching (Duet.v1) (Neuro & Evil).mp3,eee87d19a1869c2e,v3;evil;duet;,,,1,0,None
1727,The Last Stand,None,None,Sabaton,None,Evil,Evil,2026-06-10,Evil 2026-06-10 Karaoke,10,,songs/unofficialV3/DISC 8 - Third Anniversary (2025-12-19 - 2026-06-10)/244. Sabaton - The Last Stand (Evil.v2).mp3,2a4d97d78e9f1c33,v3;evil;,,,2,0,None
1728,Bizarre Food,ゲテモノ,None,Utsu-P,鬱P,Evil,Evil,2026-06-10,Evil 2026-06-10 Karaoke,11,,songs/unofficialV3/DISC 8 - Third Anniversary (2025-12-19 - 2026-06-10)/245. Utsu-P - Bizarre Food (Evil.v2).mp3,006ee1e676ccb98b,v3;evil;,,,2,0,None
1729,Phoenix,None,None,Netrum & Halvorsen,None,Evil,Evil,2026-06-10,Evil 2026-06-10 Karaoke,12,,songs/unofficialV3/DISC 8 - Third Anniversary (2025-12-19 - 2026-06-10)/246. Netrum & Halvorsen - Phoenix (Evil.v1).mp3,9117b90c34efcd46,v3;evil;,,,1,0,None
1730,Jet Lag,None,None,Simple Plan,None,Neuro & Evil,Evil,2026-06-10,Evil 2026-06-10 Karaoke,13,,songs/unofficialV3/DISC 8 - Third Anniversary (2025-12-19 - 2026-06-10)/247. Simple Plan - Jet Lag (Duet.v1) (Neuro & Evil).mp3,4022aaa691fb9cd7,v3;evil;duet;,,,1,0,None
1731,I Appear Missing,None,None,Queens of the Stone Age,None,Evil,Evil,2026-06-10,Evil 2026-06-10 Karaoke,14,,songs/unofficialV3/DISC 8 - Third Anniversary (2025-12-19 - 2026-06-10)/248. Queens of the Stone Age - I Appear Missing (Evil.v1).mp3,849cefccab3f2203,v3;evil;,,,1,0,None
1732,&,None,None,Tally Hall,None,Evil,Evil,2026-06-10,Evil 2026-06-10 Karaoke,15,,songs/unofficialV3/DISC 8 - Third Anniversary (2025-12-19 - 2026-06-10)/249. Tally Hall - & (Evil.v1).mp3,42bfe53eca0cc18b,v3;evil;,,,1,0,None
1733,killing me faster,None,None,Miyolophone,None,Evil,Evil,2026-06-10,Evil 2026-06-10 Karaoke,16,,songs/unofficialV3/DISC 8 - Third Anniversary (2025-12-19 - 2026-06-10)/250. Miyolophone - killing me faster (Evil.v1).mp3,7414109dfc268c8d,v3;evil;,,,1,0,None
1734,Take Me Back To Eden,None,None,Sleep Token,None,Evil,Evil,2026-06-10,Evil 2026-06-10 Karaoke,17,,songs/unofficialV3/DISC 8 - Third Anniversary (2025-12-19 - 2026-06-10)/251. Sleep Token - Take Me Back To Eden (Evil.v1).mp3,e18759e1e767b6a9,v3;evil;,,,1,0,None
1735,Gentle On My Mind,None,None,Glen Campbell,None,Neuro,Neuro,2026-06-16,Neuro 2026-06-16 Mini-Karaoke,1,,songs/unofficialV3/DISC 7 - Background Running Process (2025-05-28 - 2025-12-06)/220. Glen Campbell - Gentle On My Mind (Neuro.v3).mp3,a8fe50373af28a45,v3;neuro;duplicate;,,,3,0,None
1736,Big Iron,None,None,Marty Robbins,None,Neuro,Neuro,2026-06-16,Neuro 2026-06-16 Mini-Karaoke,2,,songs/unofficialV3/DISC 7 - Background Running Process (2025-05-28 - 2025-12-06)/146. Marty Robbins - Big Iron (Neuro.v3).mp3,4d873bdf4ecb036c,v3;neuro;duplicate;,,,3,0,None
1737,La Gata Bajo la Lluvia,None,None,Rocio Dúrcal,None,Neuro,Neuro,2026-06-16,Neuro 2026-06-16 Mini-Karaoke,3,,songs/unofficialV3/DISC 8 - Third Anniversary (2025-12-19 - 2026-06-10)/102. Rocio Dúrcal - La Gata Bajo la Lluvia (Neuro.v3).mp3,98e6d4184a50446b,v3;neuro;duplicate;,,,3,0,None
1738,Who Can It Be Now?,None,None,Men at Work,None,Neuro,Neuro,2026-06-16,Neuro 2026-06-16 Mini-Karaoke,4,,songs/unofficialV3/DISC 7 - Background Running Process (2025-05-28 - 2025-12-06)/024. Men at Work - Who Can It Be Now (Neuro.v3).mp3,b332408c52eca647,v3;neuro;duplicate;,,,3,0,None
1739,Material Girl,None,None,Madonna,None,Neuro,Neuro,2026-06-16,Neuro 2026-06-16 Mini-Karaoke,5,,songs/unofficialV3/DISC 8 - Third Anniversary (2025-12-19 - 2026-06-10)/178. Madonna - Material Girl (Neuro.v3).mp3,431446f001ff9dd9,v3;neuro;duplicate;,,,3,0,None
1740,Hold the Line,None,None,Toto,None,Neuro,Neuro,2026-06-16,Neuro 2026-06-16 Mini-Karaoke,6,,songs/unofficialV3/DISC 7 - Background Running Process (2025-05-28 - 2025-12-06)/030. Toto - Hold the Line (Neuro.v3).mp3,ad306c84a4155a8a,v3;neuro;duplicate;,,,3,0,None
1741,Dreams,None,None,Fleetwood Mac,None,Neuro & Evil,Neuro,2026-06-16,Neuro 2026-06-16 Mini-Karaoke,7,,songs/unofficialV3/DISC 7 - Background Running Process (2025-05-28 - 2025-12-06)/117. Fleetwood Mac - Dreams (Duet.v1) (Neuro & Evil).mp3,ef9a46060a139016,v3;neuro;duet;duplicate;,,,1,0,None
1742,You're On,None,None,Madeon,None,Neuro,Neuro,2026-06-24,Neuro 2026-06-24 Karaoke,1,,songs/unofficialV3/DISC 9 - Regularly Scheduled Program (2026-06-24 - Present)/001. Madeon - You're On (Neuro.v3).mp3,46565f0e6284fae6,v3;neuro;,,,3,0,None
1743,Love Attribute,None,None,Pinocchio-P,None,Neuro,Neuro,2026-06-24,Neuro 2026-06-24 Karaoke,2,,songs/unofficialV3/DISC 9 - Regularly Scheduled Program (2026-06-24 - Present)/002. Pinocchio-P - Love Attribute (Neuro.v3).mp3,f164e8b3c3a5fb73,v3;neuro;,,,3,0,None
1744,I Can't Decide,None,None,Scissor Sisters,None,Neuro,Neuro,2026-06-24,Neuro 2026-06-24 Karaoke,3,,songs/unofficialV3/DISC 9 - Regularly Scheduled Program (2026-06-24 - Present)/003. Scissor Sisters - I Can't Decide (Neuro.v3).mp3,cc2debe7aa6f0e70,v3;neuro;,,,3,0,None
1745,Nothin' But You,None,None,The Lemon Twigs,None,Neuro,Neuro,2026-06-24,Neuro 2026-06-24 Karaoke,4,,songs/unofficialV3/DISC 9 - Regularly Scheduled Program (2026-06-24 - Present)/004. The Lemon Twigs - Nothin' But You (Neuro.v3).mp3,d6f221cd74d31a87,v3;neuro;,,,3,0,None
1746,Jitterbug,None,None,Kuriyama Yuri,None,Neuro & Evil,Evil,2026-06-24,Neuro 2026-06-24 Karaoke,5,,songs/unofficialV3/DISC 9 - Regularly Scheduled Program (2026-06-24 - Present)/005. Kuriyama Yuri - Jitterbug (Duet.v1) (Neuro & Evil).mp3,20c8f9c46fccc322,v3;evil;duet;,,,1,0,None
1747,Break My Heart,None,None,Dua Lipa,None,Neuro,Neuro,2026-06-24,Neuro 2026-06-24 Karaoke,6,,songs/unofficialV3/DISC 9 - Regularly Scheduled Program (2026-06-24 - Present)/006. Dua Lipa - Break My Heart (Neuro.v3).mp3,db92eacb1987f018,v3;neuro;,,,3,0,None
1748,to Asteroid B-612,None,None,sasalasa,None,Neuro,Neuro,2026-06-24,Neuro 2026-06-24 Karaoke,7,,songs/unofficialV3/DISC 9 - Regularly Scheduled Program (2026-06-24 - Present)/007. sasalasa - to Asteroid B-612 (Neuro.v3).mp3,cb3dfd336ff9c488,v3;neuro;,,,3,0,None
1749,Last Surprise,None,None,Lyn,None,Neuro,Neuro,2026-06-24,Neuro 2026-06-24 Karaoke,8,,songs/unofficialV3/DISC 9 - Regularly Scheduled Program (2026-06-24 - Present)/008. Lyn - Last Surprise (Neuro.v3).mp3,f67ce906c8ab4427,v3;neuro;,,,3,0,None
1750,Hikaru Nara,光るなら,None,Goose house,None,Neuro & Evil,Evil,2026-06-24,Neuro 2026-06-24 Karaoke,9,,songs/unofficialV3/DISC 9 - Regularly Scheduled Program (2026-06-24 - Present)/009. Goose house - Hikaru Nara (Duet.v2) (Neuro & Evil).mp3,c7bb717d4e984b89,v3;evil;duet;,,,2,0,None
1751,Tek It,None,None,CAFUNÉ,None,Neuro,Neuro,2026-06-24,Neuro 2026-06-24 Karaoke,10,,songs/unofficialV3/DISC 8 - Third Anniversary (2025-12-19 - 2026-06-10)/059. CAFUNÉ - Tek It (Neuro.v3).mp3,909cea1798a5244e,v3;neuro;duplicate;,,,3,0,None
1752,Raise Up Your Bat,None,None,Toby Fox,None,Neuro,Neuro,2026-06-24,Neuro 2026-06-24 Karaoke,11,,songs/unofficialV3/DISC 9 - Regularly Scheduled Program (2026-06-24 - Present)/010. Toby Fox - Raise Up Your Bat (Neuro.v3).mp3,112fa18da8f419e2,v3;neuro;copyright_issues;,,,3,0,None
1753,Brain Rot,None,None,Tokyo Manaka,None,Neuro,Neuro,2026-06-24,Neuro 2026-06-24 Karaoke,12,,songs/unofficialV3/DISC 9 - Regularly Scheduled Program (2026-06-24 - Present)/011. Tokyo Manaka - Brain Rot (Neuro.v3).mp3,4eb0153d6f153720,v3;neuro;,,,3,0,None
1754,Cold Green Eyes,None,None,Station Earth,None,Neuro,Neuro,2026-06-24,Neuro 2026-06-24 Karaoke,13,,songs/unofficialV3/DISC 9 - Regularly Scheduled Program (2026-06-24 - Present)/012. Station Earth - Cold Green Eyes (Neuro.v3).mp3,e7b9cc1d17799edc,v3;neuro;,,,3,0,None
1755,Talk,None,None,Coldplay,None,Neuro,Neuro,2026-06-24,Neuro 2026-06-24 Karaoke,14,,songs/unofficialV3/DISC 9 - Regularly Scheduled Program (2026-06-24 - Present)/013. Coldplay - Talk (Neuro.v3).mp3,1ff65e4b27e220e8,v3;neuro;,,,3,0,None
1756,Seven Dollars,None,None,Happy Birthday Mr. Baskets,None,Neuro,Neuro,2026-06-24,Neuro 2026-06-24 Karaoke,15,,songs/unofficialV3/DISC 9 - Regularly Scheduled Program (2026-06-24 - Present)/014. Happy Birthday Mr. Baskets - Seven Dollars (Neuro.v3).mp3,820e156511097c15,v3;neuro;,,,3,0,None
1757,The Calling,None,None,TheFatRat,None,Neuro,Neuro,2026-06-24,Neuro 2026-06-24 Karaoke,16,,songs/unofficialV3/DISC 9 - Regularly Scheduled Program (2026-06-24 - Present)/015. TheFatRat - The Calling (Neuro.v3).mp3,71cd0235a5330b0e,v3;neuro;,,,3,0,None
1758,Head Over Heels,None,None,Tears for Fears,None,Neuro,Neuro,2026-06-24,Neuro 2026-06-24 Karaoke,17,,songs/unofficialV3/DISC 9 - Regularly Scheduled Program (2026-06-24 - Present)/016. Tears for Fears - Head Over Heels (Neuro.v3).mp3,4d9d5358af16320e,v3;neuro;,,,3,0,None
1759,Phantom Liberty,None,None,Dawid Podsiadlo & P.T. Adamczyk,None,Neuro & Evil,Evil,2026-06-24,Neuro 2026-06-24 Karaoke,18,,songs/unofficialV3/DISC 9 - Regularly Scheduled Program (2026-06-24 - Present)/017. Dawid Podsiadlo & P.T. Adamczyk - Phantom Liberty (Duet.v1) (Neuro & Evil).mp3,061445a1ac735393,v3;evil;duet;,,,1,0,None
1760,Fuel,フューエル,None,Utsu-P,鬱P,Evil,Evil,2026-07-02,Evil 2026-07-02 Mini-Karaoke,1,,songs/unofficialV3/DISC 7 - Background Running Process (2025-05-28 - 2025-12-06)/139. Utsu-P - Fuel (Evil.v1).mp3,159a463469b492e0,v3;evil;duplicate;,,,1,0,None
1761,Wicked,None,None,Crusher,None,Evil,Evil,2026-07-02,Evil 2026-07-02 Mini-Karaoke,2,,songs/unofficialV3/DISC 7 - Background Running Process (2025-05-28 - 2025-12-06)/205. Crusher - Wicked (Evil.v1).mp3,6b4d8364d7afaf6f,v3;evil;duplicate;,,,1,0,None
1762,God Only Knows,None,None,bitbreaker,None,Evil,Evil,2026-07-02,Evil 2026-07-02 Mini-Karaoke,3,,songs/unofficialV3/DISC 7 - Background Running Process (2025-05-28 - 2025-12-06)/167. bitbreaker - God Only Knows (Evil.v1).mp3,e588c7e857acad7d,v3;evil;duplicate;,,,1,0,None
1763,Karma,None,None,CircusP,None,Evil,Evil,2026-07-02,Evil 2026-07-02 Mini-Karaoke,4,,songs/unofficialV3/DISC 8 - Third Anniversary (2025-12-19 - 2026-06-10)/089. CircusP - Karma (Evil.v1).mp3,047b9618eee4c3b6,v3;evil;duplicate;,,,1,0,None
1764,Looping the Rooms,ループザルーム,None,rusino,ルシノ,Evil,Evil,2026-07-02,Evil 2026-07-02 Mini-Karaoke,5,,songs/unofficialV3/DISC 8 - Third Anniversary (2025-12-19 - 2026-06-10)/085. rusino - Looping the Rooms (Evil.v1).mp3,b7adf915d59ee54c,v3;evil;duplicate;,,,1,0,None
1765,Digital Girl,None,None,KIRA,None,Evil,Evil,2026-07-02,Evil 2026-07-02 Mini-Karaoke,6,,songs/unofficialV3/DISC 7 - Background Running Process (2025-05-28 - 2025-12-06)/168. KIRA - Digital Girl (Evil.v1).mp3,3c01a12aec9be897,v3;evil;duplicate;,,,1,0,None
1766,BIRDBRAIN,None,None,"Jamie Paige, OK Glass",None,Evil,Evil,2026-07-02,Evil 2026-07-02 Mini-Karaoke,7,,"songs/unofficialV3/DISC 7 - Background Running Process (2025-05-28 - 2025-12-06)/089. Jamie Paige, OK Glass - BIRDBRAIN (Evil.v1).mp3",c158f200074ea868,v3;evil;duplicate;,,,1,0,None
1767,hello world,None,None,Louie Zong,None,Evil,Evil,2026-07-08,Evil 2026-07-08 Karaoke,1,,songs/unofficialV3/DISC 9 - Regularly Scheduled Program (2026-06-24 - Present)/018. Louie Zong - hello world (Evil.v1).mp3,31f3d14afcfe168b,v3;evil;,,,1,0,None
1768,Deep Sea Girl,None,None,Yuuyu,None,Evil,Evil,2026-07-08,Evil 2026-07-08 Karaoke,2,,songs/unofficialV3/DISC 9 - Regularly Scheduled Program (2026-06-24 - Present)/019. Yuuyu - Deep Sea Girl (Evil.v1).mp3,0a872bbb7c9ca824,v3;evil;,,,1,0,None
1769,Run to You,None,None,Bryan Adams,None,Evil,Evil,2026-07-08,Evil 2026-07-08 Karaoke,3,,songs/unofficialV3/DISC 9 - Regularly Scheduled Program (2026-06-24 - Present)/020. Bryan Adams - Run to You (Evil.v1).mp3,bb97ad6188f244fa,v3;evil;,,,1,0,None
1770,Live & Learn,None,None,Crush 40,None,Neuro & Evil,Evil,2026-07-08,Evil 2026-07-08 Karaoke,4,,songs/unofficialV3/DISC 9 - Regularly Scheduled Program (2026-06-24 - Present)/021. Crush 40 - Live & Learn (Duet.v1) (Neuro & Evil).mp3,2df54658e7576583,v3;evil;duet;,,,1,0,None
1771,LEMON MELON COOKIE,None,None,TAK,None,Evil,Evil,2026-07-08,Evil 2026-07-08 Karaoke,5,,songs/unofficialV3/DISC 9 - Regularly Scheduled Program (2026-06-24 - Present)/022. TAK - LEMON MELON COOKIE (Evil.v1).mp3,a1a82259a87d0b87,v3;evil;,,,1,0,None
1772,Keep Myself Alive,None,None,Get Scared,None,Evil,Evil,2026-07-08,Evil 2026-07-08 Karaoke,6,,songs/unofficialV3/DISC 9 - Regularly Scheduled Program (2026-06-24 - Present)/023. Get Scared - Keep Myself Alive (Evil.v2).mp3,15992365f59dcbda,v3;evil;,,,2,0,None
1773,Back from the Dead,None,None,Skillet,None,Evil,Evil,2026-07-08,Evil 2026-07-08 Karaoke,7,,songs/unofficialV3/DISC 9 - Regularly Scheduled Program (2026-06-24 - Present)/024. Skillet - Back from the Dead (Evil.v1).mp3,0790abc89936e532,v3;evil;,,,1,0,None
1774,"you're not gone, you're just dead!",None,None,VIOLENT VIRA,None,Evil,Evil,2026-07-08,Evil 2026-07-08 Karaoke,8,,"songs/unofficialV3/DISC 7 - Background Running Process (2025-05-28 - 2025-12-06)/235. VIOLENT VIRA - you're not gone, you're just dead! (Evil.v1).mp3",74742b734fbb8521,v3;evil;duplicate;,,,1,0,None
1775,Never Too Late,None,None,Three Days Grace,None,Evil,Evil,2026-07-08,Evil 2026-07-08 Karaoke,9,,songs/unofficialV3/DISC 9 - Regularly Scheduled Program (2026-06-24 - Present)/025. Three Days Grace - Never Too Late (Evil.v1).mp3,d9a06223a9cc6984,v3;evil;,,,1,0,None
1776,Dragula,None,None,Rob Zombie,None,Evil,Evil,2026-07-08,Evil 2026-07-08 Karaoke,10,,songs/unofficialV3/DISC 9 - Regularly Scheduled Program (2026-06-24 - Present)/026. Rob Zombie - Dragula (Evil.v1).mp3,9a15b48ca851502c,v3;evil;,,,1,0,None
1777,"But, What If I Fly?",None,None,Chrissy Costanza,None,Evil,Evil,2026-07-08,Evil 2026-07-08 Karaoke,11,,"songs/unofficialV3/DISC 9 - Regularly Scheduled Program (2026-06-24 - Present)/027. Chrissy Costanza - But, What If I Fly (Evil.v1).mp3",47ce7b9be6e5d6f1,v3;evil;,,,1,0,None
1778,Halo,None,None,STARSET,None,Evil,Evil,2026-07-08,Evil 2026-07-08 Karaoke,12,,songs/unofficialV3/DISC 9 - Regularly Scheduled Program (2026-06-24 - Present)/028. STARSET - Halo (Evil.v1).mp3,eaaf6d2cc5d57027,v3;evil;,,,1,0,None
1779,Sing To Me,None,None,MISSIO,None,Evil,Evil,2026-07-08,Evil 2026-07-08 Karaoke,13,,songs/unofficialV3/DISC 9 - Regularly Scheduled Program (2026-06-24 - Present)/029. MISSIO - Sing To Me (Evil.v1).mp3,afc503fa6126333c,v3;evil;,,,1,0,None
1780,Time Belongs To Us,None,None,Darren Korb,None,Neuro & Evil,Evil,2026-07-08,Evil 2026-07-08 Karaoke,14,,songs/unofficialV3/DISC 9 - Regularly Scheduled Program (2026-06-24 - Present)/030. Darren Korb - Time Belongs To Us (Duet.v2) (Neuro & Evil).mp3,12dff27f467320cc,v3;evil;duet;,,,2,0,None
1781,Teo,None,None,Omoi,None,Evil,Evil,2026-07-08,Evil 2026-07-08 Karaoke,15,,songs/unofficialV3/DISC 9 - Regularly Scheduled Program (2026-06-24 - Present)/031. Omoi - Teo (Evil.v1).mp3,4129baa494c6f756,v3;evil;,,,1,0,None
1782,Cutie Mew Mew Magic,None,None,Toby Fox & Camellia,None,Neuro & Evil,Evil,2026-07-08,Evil 2026-07-08 Karaoke,16,,songs/unofficialV3/DISC 9 - Regularly Scheduled Program (2026-06-24 - Present)/032. Toby Fox & Camellia - Cutie Mew Mew Magic (Duet.v1) (Neuro & Evil).mp3,9d38ae861e65f86a,v3;evil;duet;copyright_issues;,,,1,0,None
1783,Lost Kitten,None,None,Metric,None,Evil,Evil,2026-07-08,Evil 2026-07-08 Karaoke,17,,songs/unofficialV3/DISC 9 - Regularly Scheduled Program (2026-06-24 - Present)/033. Metric - Lost Kitten (Evil.v1).mp3,4c2a0cdd004d42ac,v3;evil;,,,1,0,None
1784,Blood's on fire,None,None,VOWWS,None,Evil,Evil,2026-07-08,Evil 2026-07-08 Karaoke,18,,songs/unofficialV3/DISC 9 - Regularly Scheduled Program (2026-06-24 - Present)/034. VOWWS - Blood's on fire (Evil.v1).mp3,17b3c30f60e94fe9,v3;evil;,,,1,0,None
1785,Death of Me,None,None,Amira Elfeky,None,Evil,Evil,2026-07-08,Evil 2026-07-08 Karaoke,19,,songs/unofficialV3/DISC 9 - Regularly Scheduled Program (2026-06-24 - Present)/035. Amira Elfeky - Death of Me (Evil.v1).mp3,281b7efc1c8471fc,v3;evil;,,,1,0,None
1786,LIFE,None,None,Neuro,None,Neuro,Neuro,2026-07-10,BiliBili World 2026,1,2026 BiliBili World Neuro,songs/officially released songs/LIFE/01-01 LIFE.mp3,1c29316ad98f1ef3,v3;neuro;duplicate;,,,1,1,""
1787,BOOM,None,None,Evil,None,Evil,Evil,2026-07-10,BiliBili World 2026,2,2026 BiliBili World Evil,songs/officially released songs/BOOM/01-01 BOOM.mp3,f296c5d78927df7a,v3;neuro;duplicate;,,,1,1,""
1788,Pinky Swear,None,None,ilem,None,Neuro & Evil,Neuro,2026-07-10,BiliBili World 2026,3,2026 BiliBili World Duet,songs/custom/ilem - Pinky Swear - Neuro & Evil - BiliBili World 2026.mp3,5764cb1424101519,v3;neuro;duet;,,,1,1,
1789,NEVER,None,None,Neuro & Evil,None,Neuro & Evil,Neuro,2026-07-10,BiliBili World 2026,4,2026 BiliBili World Duet,songs/officially released songs/NEVER/01-01 NEVER.mp3,8d70d49a16d55461,v3;neuro;duet;duplicate;,,,1,1,""
